target,method,seed,true_h,pred_h
physionet_b,dro,42,43.0,49.20352554321289
physionet_b,dro,42,42.0,47.3480110168457
physionet_b,dro,42,47.0,48.71485900878906
physionet_b,dro,42,44.0,52.91066360473633
physionet_b,dro,42,47.0,53.46479415893555
physionet_b,dro,42,27.0,27.96238899230957
physionet_b,dro,42,25.0,27.311954498291016
physionet_b,dro,42,43.0,50.38624954223633
physionet_b,dro,42,40.0,40.635894775390625
physionet_b,dro,42,45.0,47.85250473022461
physionet_b,dro,42,26.0,27.174968719482422
physionet_b,dro,42,37.0,36.78919982910156
physionet_b,dro,42,51.0,50.713199615478516
physionet_b,dro,42,41.0,45.68751525878906
physionet_b,dro,42,48.0,52.14874267578125
physionet_b,dro,42,44.0,52.1104621887207
physionet_b,dro,42,25.0,24.876445770263672
physionet_b,dro,42,49.0,51.10189437866211
physionet_b,dro,42,44.0,44.905330657958984
physionet_b,dro,42,36.0,36.252254486083984
physionet_b,dro,42,37.0,38.113006591796875
physionet_b,dro,42,24.0,26.154136657714844
physionet_b,dro,42,49.0,51.319759368896484
physionet_b,dro,42,41.0,42.93760681152344
physionet_b,dro,42,49.0,47.170719146728516
physionet_b,dro,42,41.0,45.420597076416016
physionet_b,dro,42,36.0,34.15776443481445
physionet_b,dro,42,36.0,34.85739517211914
physionet_b,dro,42,41.0,42.91988754272461
physionet_b,dro,42,50.0,59.63355255126953
physionet_b,dro,42,49.0,59.36324691772461
physionet_b,dro,42,44.0,46.30845260620117
physionet_b,dro,42,160.0,56.12328338623047
physionet_b,dro,42,24.0,26.413251876831055
physionet_b,dro,42,24.0,26.369653701782227
physionet_b,dro,42,24.0,26.804588317871094
physionet_b,dro,42,54.0,49.860347747802734
physionet_b,dro,42,44.0,48.43346405029297
physionet_b,dro,42,89.0,49.77131271362305
physionet_b,dro,42,54.0,51.49253463745117
physionet_b,dro,42,40.0,39.97435760498047
physionet_b,dro,42,41.0,42.397422790527344
physionet_b,dro,42,46.0,44.185455322265625
physionet_b,dro,42,45.0,49.773223876953125
physionet_b,dro,42,26.0,27.712730407714844
physionet_b,dro,42,56.0,52.381675720214844
physionet_b,dro,42,39.0,41.2938117980957
physionet_b,dro,42,49.0,47.70225143432617
physionet_b,dro,42,26.0,27.947208404541016
physionet_b,dro,42,36.0,37.38326644897461
physionet_b,dro,42,25.0,26.805118560791016
physionet_b,dro,42,37.0,37.19160842895508
physionet_b,dro,42,54.0,52.34762954711914
physionet_b,dro,42,38.0,37.3474006652832
physionet_b,dro,42,47.0,53.01115417480469
physionet_b,dro,42,32.0,32.777130126953125
physionet_b,dro,42,41.0,42.41511917114258
physionet_b,dro,42,31.0,32.2664680480957
physionet_b,dro,42,58.0,46.96538543701172
physionet_b,dro,42,58.0,49.717933654785156
physionet_b,dro,42,56.0,45.105804443359375
physionet_b,dro,42,56.0,52.38821792602539
physionet_b,dro,42,69.0,48.16558074951172
physionet_b,dro,42,39.0,39.38435363769531
physionet_b,dro,42,25.0,26.746841430664062
physionet_b,dro,42,25.0,27.127456665039062
physionet_b,dro,42,43.0,52.4902229309082
physionet_b,dro,42,37.0,36.64569854736328
physionet_b,dro,42,34.0,36.69858169555664
physionet_b,dro,42,42.0,43.37154006958008
physionet_b,dro,42,41.0,41.03476333618164
physionet_b,dro,42,45.0,50.70232391357422
physionet_b,dro,42,27.0,28.503801345825195
physionet_b,dro,42,52.0,49.99266815185547
physionet_b,dro,42,41.0,44.32090377807617
physionet_b,dro,42,59.0,50.04279327392578
physionet_b,dro,42,39.0,41.542415618896484
physionet_b,dro,42,49.0,51.8518180847168
physionet_b,dro,42,25.0,26.663818359375
physionet_b,dro,42,47.0,48.60350799560547
physionet_b,dro,42,24.0,26.363815307617188
physionet_b,dro,42,36.0,37.470909118652344
physionet_b,dro,42,44.0,47.605194091796875
physionet_b,dro,42,56.0,43.67677307128906
physionet_b,dro,42,53.0,57.705623626708984
physionet_b,dro,42,57.0,49.93975067138672
physionet_b,dro,42,40.0,40.948516845703125
physionet_b,dro,42,48.0,50.58913040161133
physionet_b,dro,42,44.0,51.227806091308594
physionet_b,dro,42,29.0,30.71106719970703
physionet_b,dro,42,52.0,60.44620895385742
physionet_b,dro,42,48.0,53.025604248046875
physionet_b,dro,42,40.0,40.974456787109375
physionet_b,dro,42,41.0,41.65067672729492
physionet_b,dro,42,194.0,53.10543441772461
physionet_b,dro,42,47.0,51.85330581665039
physionet_b,dro,42,42.0,47.8586311340332
physionet_b,dro,42,50.0,50.16244125366211
physionet_b,dro,42,59.0,50.575218200683594
physionet_b,dro,42,26.0,27.01495361328125
physionet_b,dro,42,41.0,41.95451736450195
physionet_b,dro,42,49.0,58.92374801635742
physionet_b,dro,42,42.0,44.60456466674805
physionet_b,dro,42,48.0,48.2806396484375
physionet_b,dro,42,58.0,53.387664794921875
physionet_b,dro,42,38.0,38.506813049316406
physionet_b,dro,42,36.0,37.05176544189453
physionet_b,dro,42,33.0,33.814693450927734
physionet_b,dro,42,50.0,47.12381362915039
physionet_b,dro,42,58.0,48.051551818847656
physionet_b,dro,42,50.0,50.01756286621094
physionet_b,dro,42,43.0,47.106895446777344
physionet_b,dro,42,25.0,26.04776954650879
physionet_b,dro,42,35.0,36.80973815917969
physionet_b,dro,42,54.0,46.44003677368164
physionet_b,dro,42,49.0,50.33931350708008
physionet_b,dro,42,57.0,47.65555953979492
physionet_b,dro,42,36.0,37.09749984741211
physionet_b,dro,42,56.0,52.959075927734375
physionet_b,dro,42,37.0,37.13665008544922
physionet_b,dro,42,39.0,37.61930847167969
physionet_b,dro,42,24.0,27.129301071166992
physionet_b,dro,42,40.0,37.22712707519531
physionet_b,dro,42,39.0,38.8251953125
physionet_b,dro,42,25.0,25.641178131103516
physionet_b,dro,42,48.0,50.162818908691406
physionet_b,dro,42,39.0,38.880760192871094
physionet_b,dro,42,55.0,51.687381744384766
physionet_b,dro,42,44.0,48.30911636352539
physionet_b,dro,42,46.0,47.51593017578125
physionet_b,dro,42,39.0,38.71833801269531
physionet_b,dro,42,53.0,54.303672790527344
physionet_b,dro,42,26.0,26.60822105407715
physionet_b,dro,42,40.0,41.168861389160156
physionet_b,dro,42,47.0,42.35040283203125
physionet_b,dro,42,63.0,50.041358947753906
physionet_b,dro,42,50.0,46.489990234375
physionet_b,dro,42,39.0,39.9053955078125
physionet_b,dro,42,40.0,40.06316375732422
physionet_b,dro,42,28.0,29.228172302246094
physionet_b,dro,42,40.0,41.55393981933594
physionet_b,dro,42,38.0,37.61404800415039
physionet_b,dro,42,47.0,48.6246223449707
physionet_b,dro,42,50.0,50.02593231201172
physionet_b,dro,42,47.0,49.39035415649414
physionet_b,dro,42,37.0,35.9996337890625
physionet_b,dro,42,39.0,38.16133117675781
physionet_b,dro,42,47.0,53.28761291503906
physionet_b,dro,42,37.0,37.08720016479492
physionet_b,dro,42,64.0,46.53498458862305
physionet_b,dro,42,31.0,33.63801956176758
physionet_b,dro,42,42.0,42.31710433959961
physionet_b,dro,42,39.0,39.79163360595703
physionet_b,dro,42,36.0,35.32045364379883
physionet_b,dro,42,29.0,30.73676109313965
physionet_b,dro,42,58.0,48.27637481689453
physionet_b,dro,42,44.0,48.20038604736328
physionet_b,dro,42,55.0,49.453407287597656
physionet_b,dro,42,38.0,37.71707534790039
physionet_b,dro,42,39.0,39.17192459106445
physionet_b,dro,42,45.0,50.842323303222656
physionet_b,dro,42,45.0,49.35191345214844
physionet_b,dro,42,57.0,53.50550842285156
physionet_b,dro,42,33.0,33.898014068603516
physionet_b,dro,42,37.0,28.984813690185547
physionet_b,dro,42,58.0,47.55650329589844
physionet_b,dro,42,40.0,37.702484130859375
physionet_b,dro,42,38.0,36.70463180541992
physionet_b,dro,42,47.0,48.64162826538086
physionet_b,dro,42,47.0,51.4892692565918
physionet_b,dro,42,35.0,34.28483200073242
physionet_b,dro,42,38.0,37.07361602783203
physionet_b,dro,42,52.0,50.71371841430664
physionet_b,dro,42,48.0,51.868656158447266
physionet_b,dro,42,53.0,52.208866119384766
physionet_b,dro,42,47.0,50.27804946899414
physionet_b,dro,42,48.0,49.49868392944336
physionet_b,dro,42,37.0,36.5750617980957
physionet_b,dro,42,51.0,48.506874084472656
physionet_b,dro,42,42.0,50.58810806274414
physionet_b,dro,42,43.0,39.79652786254883
physionet_b,dro,42,59.0,51.975929260253906
physionet_b,dro,42,44.0,55.77357864379883
physionet_b,dro,42,28.0,26.104551315307617
physionet_b,dro,42,32.0,32.93690872192383
physionet_b,dro,42,43.0,47.32279968261719
physionet_b,dro,42,48.0,47.248016357421875
physionet_b,dro,42,40.0,39.2422981262207
physionet_b,dro,42,24.0,26.20343589782715
physionet_b,dro,42,48.0,54.390235900878906
physionet_b,dro,42,45.0,49.86566925048828
physionet_b,dro,42,33.0,35.0803337097168
physionet_b,dro,42,37.0,38.16135025024414
physionet_b,dro,42,38.0,39.03474807739258
physionet_b,dro,42,41.0,43.325374603271484
physionet_b,dro,42,56.0,48.75634002685547
physionet_b,dro,42,40.0,42.02280044555664
physionet_b,dro,42,50.0,46.22553253173828
physionet_b,dro,42,29.0,30.33530044555664
physionet_b,dro,42,46.0,49.57252883911133
physionet_b,dro,42,42.0,41.264156341552734
physionet_b,dro,42,56.0,44.785728454589844
physionet_b,dro,42,51.0,50.74285888671875
physionet_b,dro,42,43.0,46.59901428222656
physionet_b,dro,42,25.0,28.357486724853516
physionet_b,dro,42,57.0,48.898277282714844
physionet_b,dro,42,38.0,38.1263427734375
physionet_b,dro,42,40.0,41.644168853759766
physionet_b,dro,42,35.0,34.56032180786133
physionet_b,dro,42,76.0,46.00229263305664
physionet_b,dro,42,49.0,49.418235778808594
physionet_b,dro,42,49.0,49.732540130615234
physionet_b,dro,42,51.0,49.03596878051758
physionet_b,dro,42,59.0,49.594696044921875
physionet_b,dro,42,101.0,51.58500289916992
physionet_b,dro,42,47.0,47.72161102294922
physionet_b,dro,42,49.0,50.77701950073242
physionet_b,dro,42,26.0,26.689651489257812
physionet_b,dro,42,57.0,48.06291198730469
physionet_b,dro,42,59.0,52.11343765258789
physionet_b,dro,42,38.0,37.92576599121094
physionet_b,dro,42,38.0,37.680458068847656
physionet_b,dro,42,44.0,51.774932861328125
physionet_b,dro,42,53.0,48.26013946533203
physionet_b,dro,42,39.0,39.06435775756836
physionet_b,dro,42,25.0,27.089258193969727
physionet_b,dro,42,35.0,33.15516662597656
physionet_b,dro,42,38.0,38.90498733520508
physionet_b,dro,42,53.0,53.732887268066406
physionet_b,dro,42,45.0,50.21599197387695
physionet_b,dro,42,46.0,48.79604721069336
physionet_b,dro,42,51.0,49.559627532958984
physionet_b,dro,42,46.0,48.61913299560547
physionet_b,dro,42,26.0,28.13804817199707
physionet_b,dro,42,38.0,36.219913482666016
physionet_b,dro,42,39.0,38.18477249145508
physionet_b,dro,42,55.0,51.380653381347656
physionet_b,dro,42,29.0,30.685100555419922
physionet_b,dro,42,53.0,57.19907760620117
physionet_b,dro,42,37.0,37.979129791259766
physionet_b,dro,42,55.0,49.42034149169922
physionet_b,dro,42,24.0,25.73436164855957
physionet_b,dro,42,37.0,36.835899353027344
physionet_b,dro,42,46.0,45.965248107910156
physionet_b,dro,42,24.0,27.73213005065918
physionet_b,dro,42,121.0,51.68940353393555
physionet_b,dro,42,63.0,53.96207046508789
physionet_b,dro,42,55.0,50.77414321899414
physionet_b,dro,42,24.0,27.39943504333496
physionet_b,dro,42,25.0,26.885215759277344
physionet_b,dro,42,51.0,49.04247283935547
physionet_b,dro,42,38.0,37.76921844482422
physionet_b,dro,42,43.0,43.7554931640625
physionet_b,dro,42,38.0,35.33848571777344
physionet_b,dro,42,56.0,47.590248107910156
physionet_b,dro,42,51.0,49.258445739746094
physionet_b,dro,42,30.0,31.144596099853516
physionet_b,dro,42,49.0,55.60112380981445
physionet_b,dro,42,44.0,45.833717346191406
physionet_b,dro,42,36.0,35.877376556396484
physionet_b,dro,42,25.0,26.66187858581543
physionet_b,dro,42,52.0,51.86254119873047
physionet_b,dro,42,34.0,34.89836883544922
physionet_b,dro,42,24.0,25.44858741760254
physionet_b,dro,42,49.0,48.091224670410156
physionet_b,dro,42,24.0,26.40154266357422
physionet_b,dro,42,49.0,53.0944938659668
physionet_b,dro,42,41.0,46.067893981933594
physionet_b,dro,42,27.0,28.72282600402832
physionet_b,dro,42,42.0,49.534584045410156
physionet_b,dro,42,40.0,39.77609634399414
physionet_b,dro,42,28.0,30.503158569335938
physionet_b,dro,42,38.0,37.007076263427734
physionet_b,dro,42,43.0,50.08853530883789
physionet_b,dro,42,31.0,32.09165573120117
physionet_b,dro,42,27.0,29.105342864990234
physionet_b,dro,42,29.0,31.441024780273438
physionet_b,dro,42,38.0,38.537078857421875
physionet_b,dro,42,46.0,49.15449905395508
physionet_b,dro,42,25.0,27.533946990966797
physionet_b,dro,42,39.0,38.93981170654297
physionet_b,dro,42,45.0,51.07863235473633
physionet_b,dro,42,57.0,50.68050003051758
physionet_b,dro,42,58.0,48.13498306274414
physionet_b,dro,42,41.0,53.517425537109375
physionet_b,dro,42,32.0,35.01545333862305
physionet_b,dro,42,24.0,25.993410110473633
physionet_b,dro,42,46.0,50.06303787231445
physionet_b,dro,42,52.0,50.20849609375
physionet_b,dro,42,45.0,49.56025695800781
physionet_b,dro,42,25.0,26.559402465820312
physionet_b,dro,42,54.0,49.45390319824219
physionet_b,dro,42,38.0,39.21855926513672
physionet_b,dro,42,31.0,31.64255142211914
physionet_b,dro,42,43.0,47.43620681762695
physionet_b,dro,42,41.0,42.11662292480469
physionet_b,dro,42,28.0,30.119369506835938
physionet_b,dro,42,24.0,27.28601837158203
physionet_b,dro,42,46.0,48.60576629638672
physionet_b,dro,42,49.0,50.5510368347168
physionet_b,dro,42,49.0,49.3919792175293
physionet_b,dro,42,38.0,38.10218048095703
physionet_b,dro,42,31.0,33.822731018066406
physionet_b,dro,42,27.0,28.78447151184082
physionet_b,dro,42,57.0,48.10546112060547
physionet_b,dro,42,40.0,40.75844192504883
physionet_b,dro,42,36.0,36.470306396484375
physionet_b,dro,42,51.0,50.22710418701172
physionet_b,dro,42,55.0,47.318016052246094
physionet_b,dro,42,45.0,48.484275817871094
physionet_b,dro,42,38.0,37.050296783447266
physionet_b,dro,42,34.0,34.28507614135742
physionet_b,dro,42,31.0,32.36606216430664
physionet_b,dro,42,40.0,42.61188888549805
physionet_b,dro,42,56.0,43.87018966674805
physionet_b,dro,42,41.0,43.26905059814453
physionet_b,dro,42,40.0,41.077880859375
physionet_b,dro,42,54.0,48.14848327636719
physionet_b,dro,42,41.0,42.57559585571289
physionet_b,dro,42,52.0,48.997406005859375
physionet_b,dro,42,47.0,56.38821792602539
physionet_b,dro,42,51.0,48.1124153137207
physionet_b,dro,42,104.0,48.61733627319336
physionet_b,dro,42,40.0,45.22670364379883
physionet_b,dro,42,40.0,39.94622039794922
physionet_b,dro,42,24.0,26.533552169799805
physionet_b,dro,42,55.0,54.736228942871094
physionet_b,dro,42,56.0,43.49230194091797
physionet_b,dro,42,52.0,54.71853256225586
physionet_b,dro,42,40.0,40.43491744995117
physionet_b,dro,42,47.0,49.96916198730469
physionet_b,dro,42,24.0,28.37550926208496
physionet_b,dro,42,37.0,36.01911544799805
physionet_b,dro,42,41.0,45.468833923339844
physionet_b,dro,42,46.0,47.62425994873047
physionet_b,dro,42,55.0,49.963741302490234
physionet_b,dro,42,39.0,37.42110061645508
physionet_b,dro,42,38.0,38.91583251953125
physionet_b,dro,42,31.0,32.3287353515625
physionet_b,dro,42,58.0,50.76476287841797
physionet_b,dro,42,53.0,45.52838897705078
physionet_b,dro,42,37.0,36.68752670288086
physionet_b,dro,42,25.0,28.40796661376953
physionet_b,dro,42,24.0,24.330976486206055
physionet_b,dro,42,54.0,56.37322235107422
physionet_b,dro,42,56.0,48.24253845214844
physionet_b,dro,42,59.0,54.49542999267578
physionet_b,dro,42,24.0,27.755409240722656
physionet_b,dro,42,39.0,39.021141052246094
physionet_b,dro,42,40.0,36.604610443115234
physionet_b,dro,42,38.0,37.37464904785156
physionet_b,dro,42,36.0,36.7379150390625
physionet_b,dro,42,53.0,62.93625259399414
physionet_b,dro,42,45.0,48.966064453125
physionet_b,dro,42,40.0,40.14640808105469
physionet_b,dro,42,39.0,38.20768737792969
physionet_b,dro,42,43.0,42.65058898925781
physionet_b,dro,42,42.0,43.41106033325195
physionet_b,dro,42,45.0,48.55132293701172
physionet_b,dro,42,26.0,27.429609298706055
physionet_b,dro,42,35.0,35.7097053527832
physionet_b,dro,42,27.0,28.38378143310547
physionet_b,dro,42,39.0,39.38953399658203
physionet_b,dro,42,38.0,37.960880279541016
physionet_b,dro,42,54.0,48.522682189941406
physionet_b,dro,42,57.0,49.8630256652832
physionet_b,dro,42,25.0,26.642087936401367
physionet_b,dro,42,50.0,50.40785598754883
physionet_b,dro,42,44.0,46.0638313293457
physionet_b,dro,42,38.0,37.28578567504883
physionet_b,dro,42,26.0,28.13833999633789
physionet_b,dro,42,42.0,45.16101837158203
physionet_b,dro,42,54.0,52.66856384277344
physionet_b,dro,42,36.0,36.09048080444336
physionet_b,dro,42,39.0,39.302982330322266
physionet_b,dro,42,39.0,42.39017868041992
physionet_b,dro,42,48.0,49.456390380859375
physionet_b,dro,42,39.0,40.03984069824219
physionet_b,dro,42,41.0,48.52627182006836
physionet_b,dro,42,37.0,37.28010559082031
physionet_b,dro,42,36.0,35.88713836669922
physionet_b,dro,42,39.0,38.7840461730957
physionet_b,dro,42,50.0,57.57213592529297
physionet_b,dro,42,44.0,43.29993438720703
physionet_b,dro,42,55.0,56.144752502441406
physionet_b,dro,42,115.0,48.04865264892578
physionet_b,dro,42,43.0,48.858821868896484
physionet_b,dro,42,40.0,42.261070251464844
physionet_b,dro,42,55.0,45.363548278808594
physionet_b,dro,42,31.0,31.98676300048828
physionet_b,dro,42,37.0,36.45069122314453
physionet_b,dro,42,52.0,51.64556884765625
physionet_b,dro,42,57.0,51.550086975097656
physionet_b,dro,42,57.0,47.27378845214844
physionet_b,dro,42,30.0,34.88670349121094
physionet_b,dro,42,47.0,48.84000778198242
physionet_b,dro,42,32.0,32.088951110839844
physionet_b,dro,42,44.0,46.33566665649414
physionet_b,dro,42,37.0,39.12636184692383
physionet_b,dro,42,47.0,51.98684310913086
physionet_b,dro,42,53.0,50.253482818603516
physionet_b,dro,42,37.0,38.768341064453125
physionet_b,dro,42,59.0,49.73855209350586
physionet_b,dro,42,33.0,33.355567932128906
physionet_b,dro,42,43.0,45.84318542480469
physionet_b,dro,42,42.0,44.07389831542969
physionet_b,dro,42,38.0,38.0664176940918
physionet_b,dro,42,40.0,41.24687194824219
physionet_b,dro,42,53.0,51.01499938964844
physionet_b,dro,42,50.0,48.7809944152832
physionet_b,dro,42,37.0,35.713829040527344
physionet_b,dro,42,44.0,50.4029655456543
physionet_b,dro,42,40.0,41.60162353515625
physionet_b,dro,42,44.0,43.47974395751953
physionet_b,dro,42,39.0,38.45586013793945
physionet_b,dro,42,53.0,55.54911422729492
physionet_b,dro,42,26.0,31.86966323852539
physionet_b,dro,42,46.0,46.67283630371094
physionet_b,dro,42,44.0,50.925601959228516
physionet_b,dro,42,47.0,45.38161087036133
physionet_b,dro,42,57.0,50.327735900878906
physionet_b,dro,42,42.0,51.20195007324219
physionet_b,dro,42,51.0,52.09514236450195
physionet_b,dro,42,58.0,53.8342170715332
physionet_b,dro,42,39.0,39.679080963134766
physionet_b,dro,42,39.0,36.21122741699219
physionet_b,dro,42,31.0,31.714176177978516
physionet_b,dro,42,44.0,48.580936431884766
physionet_b,dro,42,48.0,45.753334045410156
physionet_b,dro,42,40.0,38.01315689086914
physionet_b,dro,42,40.0,41.084041595458984
physionet_b,dro,42,112.0,49.48186492919922
physionet_b,dro,42,43.0,45.10595703125
physionet_b,dro,42,43.0,45.5421028137207
physionet_b,dro,42,31.0,31.777843475341797
physionet_b,dro,42,34.0,36.07826232910156
physionet_b,dro,42,50.0,56.81813430786133
physionet_b,dro,42,153.0,52.45299530029297
physionet_b,dro,42,41.0,41.48396301269531
physionet_b,dro,42,39.0,38.6495246887207
physionet_b,dro,42,29.0,30.69891929626465
physionet_b,dro,42,44.0,49.45423889160156
physionet_b,dro,42,46.0,50.732757568359375
physionet_b,dro,42,49.0,49.066375732421875
physionet_b,dro,42,57.0,55.710079193115234
physionet_b,dro,42,59.0,48.390689849853516
physionet_b,dro,42,54.0,46.21564865112305
physionet_b,dro,42,46.0,49.52444076538086
physionet_b,dro,42,47.0,47.51706314086914
physionet_b,dro,42,49.0,54.574371337890625
physionet_b,dro,42,41.0,46.98914337158203
physionet_b,dro,42,44.0,46.14118576049805
physionet_b,dro,42,36.0,36.83783721923828
physionet_b,dro,42,36.0,34.768550872802734
physionet_b,dro,42,53.0,54.37565994262695
physionet_b,dro,42,55.0,50.338443756103516
physionet_b,dro,42,34.0,33.70948028564453
physionet_b,dro,42,55.0,49.51921463012695
physionet_b,dro,42,46.0,50.077369689941406
physionet_b,dro,42,52.0,49.28475570678711
physionet_b,dro,42,24.0,26.569299697875977
physionet_b,dro,42,44.0,47.30288314819336
physionet_b,dro,42,28.0,29.37089729309082
physionet_b,dro,42,42.0,45.01186752319336
physionet_b,dro,42,42.0,43.9171257019043
physionet_b,dro,42,43.0,54.40225601196289
physionet_b,dro,42,47.0,50.44170379638672
physionet_b,dro,42,58.0,50.064998626708984
physionet_b,dro,42,59.0,47.79715347290039
physionet_b,dro,42,32.0,32.181758880615234
physionet_b,dro,42,54.0,47.11168670654297
physionet_b,dro,42,57.0,50.75242233276367
physionet_b,dro,42,40.0,43.34313201904297
physionet_b,dro,42,47.0,49.546661376953125
physionet_b,dro,42,44.0,50.20610427856445
physionet_b,dro,42,56.0,50.35286331176758
physionet_b,dro,42,25.0,27.8898983001709
physionet_b,dro,42,49.0,48.077171325683594
physionet_b,dro,42,56.0,47.447086334228516
physionet_b,dro,42,31.0,31.896106719970703
physionet_b,dro,42,37.0,36.830989837646484
physionet_b,dro,42,40.0,40.343048095703125
physionet_b,dro,42,55.0,53.707889556884766
physionet_b,dro,42,51.0,54.484554290771484
physionet_b,dro,42,55.0,48.678436279296875
physionet_b,dro,42,50.0,49.244476318359375
physionet_b,dro,42,50.0,46.50529861450195
physionet_b,dro,42,49.0,48.17779541015625
physionet_b,dro,42,39.0,43.986412048339844
physionet_b,dro,42,51.0,51.07136917114258
physionet_b,dro,42,184.0,52.50004196166992
physionet_b,dro,42,46.0,50.08068084716797
physionet_b,dro,42,46.0,49.52288818359375
physionet_b,dro,42,40.0,41.070587158203125
physionet_b,dro,42,163.0,48.68680191040039
physionet_b,dro,42,36.0,36.21559143066406
physionet_b,dro,42,51.0,48.318580627441406
physionet_b,dro,42,165.0,53.553714752197266
physionet_b,dro,42,59.0,49.08798599243164
physionet_b,dro,42,53.0,49.242679595947266
physionet_b,dro,42,37.0,36.27134704589844
physionet_b,dro,42,31.0,33.31644821166992
physionet_b,dro,42,41.0,47.35557556152344
physionet_b,dro,42,44.0,47.08732986450195
physionet_b,dro,42,46.0,50.337928771972656
physionet_b,dro,42,24.0,29.008800506591797
physionet_b,dro,42,31.0,32.172142028808594
physionet_b,dro,42,27.0,28.896503448486328
physionet_b,dro,42,80.0,51.52211380004883
physionet_b,dro,42,36.0,35.152587890625
physionet_b,dro,42,48.0,50.42949295043945
physionet_b,dro,42,36.0,36.966453552246094
physionet_b,dro,42,39.0,35.814884185791016
physionet_b,dro,42,62.0,52.77891159057617
physionet_b,dro,42,36.0,36.970455169677734
physionet_b,dro,42,52.0,48.93998336791992
physionet_b,dro,42,43.0,44.959922790527344
physionet_b,dro,42,56.0,53.73763656616211
physionet_b,dro,42,36.0,33.69597625732422
physionet_b,dro,42,66.0,49.723880767822266
physionet_b,dro,42,40.0,42.57510757446289
physionet_b,dro,42,35.0,35.62250518798828
physionet_b,dro,42,28.0,29.312641143798828
physionet_b,dro,42,49.0,56.64453887939453
physionet_b,dro,42,52.0,47.725399017333984
physionet_b,dro,42,41.0,45.004981994628906
physionet_b,dro,42,50.0,45.41454315185547
physionet_b,dro,42,52.0,50.83368682861328
physionet_b,dro,42,30.0,31.603343963623047
physionet_b,dro,42,24.0,26.829193115234375
physionet_b,dro,42,34.0,35.68816375732422
physionet_b,dro,42,46.0,46.80276870727539
physionet_b,dro,42,57.0,48.73470687866211
physionet_b,dro,42,41.0,40.246158599853516
physionet_b,dro,42,37.0,37.94472885131836
physionet_b,dro,42,41.0,44.37037658691406
physionet_b,dro,42,47.0,48.76799011230469
physionet_b,dro,42,53.0,46.89729690551758
physionet_b,dro,42,44.0,42.30937957763672
physionet_b,dro,42,49.0,48.80801773071289
physionet_b,dro,42,58.0,48.79370880126953
physionet_b,dro,42,50.0,47.94109344482422
physionet_b,dro,42,51.0,48.917659759521484
physionet_b,dro,42,46.0,49.65740966796875
physionet_b,dro,42,27.0,28.822799682617188
physionet_b,dro,42,26.0,26.50860023498535
physionet_b,dro,42,41.0,41.90848922729492
physionet_b,dro,42,40.0,43.99931716918945
physionet_b,dro,42,24.0,26.305734634399414
physionet_b,dro,42,39.0,42.1518669128418
physionet_b,dro,42,48.0,50.9938850402832
physionet_b,dro,42,50.0,49.85408020019531
physionet_b,dro,42,42.0,45.738121032714844
physionet_b,dro,42,27.0,30.177175521850586
physionet_b,dro,42,47.0,43.31391906738281
physionet_b,dro,42,45.0,51.750152587890625
physionet_b,dro,42,43.0,49.6234130859375
physionet_b,dro,42,42.0,44.84515380859375
physionet_b,dro,42,27.0,28.417924880981445
physionet_b,dro,42,48.0,47.659481048583984
physionet_b,dro,42,46.0,48.22969436645508
physionet_b,dro,42,56.0,51.35751724243164
physionet_b,dro,42,48.0,48.998741149902344
physionet_b,dro,42,36.0,35.03456497192383
physionet_b,dro,42,28.0,29.312265396118164
physionet_b,dro,42,56.0,52.27861022949219
physionet_b,dro,42,44.0,47.558921813964844
physionet_b,dro,42,40.0,43.38514709472656
physionet_b,dro,42,48.0,53.661556243896484
physionet_b,dro,42,32.0,33.276641845703125
physionet_b,dro,42,43.0,44.144710540771484
physionet_b,dro,42,24.0,26.30321502685547
physionet_b,dro,42,56.0,49.33543395996094
physionet_b,dro,42,40.0,40.64128494262695
physionet_b,dro,42,58.0,49.29534149169922
physionet_b,dro,42,53.0,50.449974060058594
physionet_b,dro,42,51.0,47.97139358520508
physionet_b,dro,42,24.0,26.20641326904297
physionet_b,dro,42,37.0,38.00662612915039
physionet_b,dro,42,53.0,51.143959045410156
physionet_b,dro,42,52.0,50.00764846801758
physionet_b,dro,42,49.0,51.63148498535156
physionet_b,dro,42,26.0,28.09934425354004
physionet_b,dro,42,58.0,51.7885856628418
physionet_b,dro,42,42.0,44.696903228759766
physionet_b,dro,42,44.0,49.248191833496094
physionet_b,dro,42,51.0,53.48894119262695
physionet_b,dro,42,25.0,29.172760009765625
physionet_b,dro,42,47.0,48.10618591308594
physionet_b,dro,42,48.0,48.18910217285156
physionet_b,dro,42,25.0,27.22867202758789
physionet_b,dro,42,54.0,46.527889251708984
physionet_b,dro,42,24.0,26.021549224853516
physionet_b,dro,42,24.0,26.821748733520508
physionet_b,dro,42,47.0,51.2845573425293
physionet_b,dro,42,52.0,51.25127029418945
physionet_b,dro,42,40.0,40.58977127075195
physionet_b,dro,42,37.0,37.35346603393555
physionet_b,dro,42,57.0,49.012603759765625
physionet_b,dro,42,45.0,49.8827018737793
physionet_b,dro,42,50.0,49.22792434692383
physionet_b,dro,42,56.0,53.67213821411133
physionet_b,dro,42,36.0,34.95821762084961
physionet_b,dro,42,48.0,49.48384094238281
physionet_b,dro,42,57.0,63.15111541748047
physionet_b,dro,42,55.0,57.11225128173828
physionet_b,dro,42,76.0,56.970577239990234
physionet_b,dro,42,192.0,49.34989547729492
physionet_b,dro,42,26.0,27.371479034423828
physionet_b,dro,42,51.0,47.051815032958984
physionet_b,dro,42,70.0,53.955413818359375
physionet_b,dro,42,51.0,68.07298278808594
physionet_b,dro,42,30.0,30.900728225708008
physionet_b,dro,42,162.0,48.72794723510742
physionet_b,dro,42,37.0,37.042694091796875
physionet_b,dro,42,39.0,38.499183654785156
physionet_b,dro,42,49.0,47.065059661865234
physionet_b,dro,42,55.0,50.24934005737305
physionet_b,dro,42,99.0,43.52392578125
physionet_b,dro,42,48.0,47.5040397644043
physionet_b,dro,42,32.0,32.52277755737305
physionet_b,dro,42,25.0,26.7547550201416
physionet_b,dro,42,41.0,44.800392150878906
physionet_b,dro,42,43.0,47.25643539428711
physionet_b,dro,42,44.0,52.09629440307617
physionet_b,dro,42,42.0,43.99472427368164
physionet_b,dro,42,50.0,48.73654556274414
physionet_b,dro,42,37.0,37.346214294433594
physionet_b,dro,42,39.0,36.607452392578125
physionet_b,dro,42,56.0,53.1357307434082
physionet_b,dro,42,39.0,39.2100944519043
physionet_b,dro,42,46.0,45.06352233886719
physionet_b,dro,42,59.0,51.48526382446289
physionet_b,dro,42,41.0,43.14207458496094
physionet_b,dro,42,58.0,56.41071701049805
physionet_b,dro,42,39.0,37.46868133544922
physionet_b,dro,42,50.0,49.375003814697266
physionet_b,dro,42,158.0,44.84286880493164
physionet_b,dro,42,50.0,54.80419921875
physionet_b,dro,42,45.0,47.94282913208008
physionet_b,dro,42,28.0,28.576581954956055
physionet_b,dro,42,48.0,49.94538497924805
physionet_b,dro,42,38.0,37.83068084716797
physionet_b,dro,42,28.0,30.156452178955078
physionet_b,dro,42,42.0,48.57732009887695
physionet_b,dro,42,27.0,28.540613174438477
physionet_b,dro,42,38.0,38.538475036621094
physionet_b,dro,42,55.0,53.08015441894531
physionet_b,dro,42,30.0,30.895830154418945
physionet_b,dro,42,43.0,44.656219482421875
physionet_b,dro,42,26.0,27.360002517700195
physionet_b,dro,42,57.0,43.716861724853516
physionet_b,dro,42,48.0,58.20587921142578
physionet_b,dro,42,43.0,45.11077117919922
physionet_b,dro,42,25.0,27.072614669799805
physionet_b,dro,42,38.0,38.078182220458984
physionet_b,dro,42,38.0,38.76837921142578
physionet_b,dro,42,48.0,47.85080337524414
physionet_b,dro,42,47.0,44.95989990234375
physionet_b,dro,42,40.0,40.510223388671875
physionet_b,dro,42,40.0,43.801422119140625
physionet_b,dro,42,43.0,43.68854522705078
physionet_b,dro,42,24.0,34.44712829589844
physionet_b,dro,42,51.0,43.7062873840332
physionet_b,dro,42,75.0,48.28510284423828
physionet_b,dro,42,51.0,50.393798828125
physionet_b,dro,42,38.0,35.8025016784668
physionet_b,dro,42,37.0,37.46119689941406
physionet_b,dro,42,59.0,48.906105041503906
physionet_b,dro,42,46.0,46.16029739379883
physionet_b,dro,42,36.0,37.25092315673828
physionet_b,dro,42,43.0,49.44548034667969
physionet_b,dro,42,35.0,35.642879486083984
physionet_b,dro,42,49.0,47.85836410522461
physionet_b,dro,42,37.0,35.7313117980957
physionet_b,dro,42,24.0,26.732345581054688
physionet_b,dro,42,43.0,44.550514221191406
physionet_b,dro,42,48.0,48.572509765625
physionet_b,dro,42,25.0,26.01543617248535
physionet_b,dro,42,57.0,48.523494720458984
physionet_b,dro,42,51.0,49.79884338378906
physionet_b,dro,42,51.0,54.101016998291016
physionet_b,dro,42,48.0,48.21746826171875
physionet_b,dro,42,45.0,47.568058013916016
physionet_b,dro,42,41.0,44.00255584716797
physionet_b,dro,42,29.0,29.36423683166504
physionet_b,dro,42,43.0,43.849578857421875
physionet_b,dro,42,25.0,28.60454750061035
physionet_b,dro,42,50.0,49.94369888305664
physionet_b,dro,42,34.0,33.30320358276367
physionet_b,dro,42,57.0,48.69615936279297
physionet_b,dro,42,64.0,52.927978515625
physionet_b,dro,42,40.0,47.02866744995117
physionet_b,dro,42,31.0,32.476383209228516
physionet_b,dro,42,188.0,49.150146484375
physionet_b,dro,42,45.0,51.986263275146484
physionet_b,dro,42,32.0,32.800323486328125
physionet_b,dro,42,34.0,34.647804260253906
physionet_b,dro,42,39.0,38.29604721069336
physionet_b,dro,42,39.0,37.802703857421875
physionet_b,dro,42,44.0,46.781803131103516
physionet_b,dro,42,25.0,27.011667251586914
physionet_b,dro,42,45.0,49.0687141418457
physionet_b,dro,42,24.0,26.88164520263672
physionet_b,dro,42,24.0,26.80580711364746
physionet_b,dro,42,24.0,25.243038177490234
physionet_b,dro,42,59.0,45.370399475097656
physionet_b,dro,42,29.0,30.93705940246582
physionet_b,dro,42,36.0,38.385154724121094
physionet_b,dro,42,40.0,40.79027557373047
physionet_b,dro,42,37.0,39.085914611816406
physionet_b,dro,42,28.0,30.9382381439209
physionet_b,dro,42,52.0,48.350372314453125
physionet_b,dro,42,50.0,51.28034210205078
physionet_b,dro,42,40.0,39.8386344909668
physionet_b,dro,42,39.0,39.235504150390625
physionet_b,dro,42,44.0,51.57674026489258
physionet_b,dro,42,27.0,28.366945266723633
physionet_b,dro,42,36.0,35.626094818115234
physionet_b,dro,42,28.0,30.113346099853516
physionet_b,dro,42,40.0,39.92255401611328
physionet_b,dro,42,43.0,48.203128814697266
physionet_b,dro,42,25.0,26.006053924560547
physionet_b,dro,42,55.0,43.20038604736328
physionet_b,dro,42,41.0,46.888343811035156
physionet_b,dro,42,47.0,49.72001266479492
physionet_b,dro,42,40.0,40.278533935546875
physionet_b,dro,42,39.0,38.74949645996094
physionet_b,dro,42,36.0,37.167484283447266
physionet_b,dro,42,46.0,46.76426315307617
physionet_b,dro,42,140.0,54.973453521728516
physionet_b,dro,42,27.0,28.415239334106445
physionet_b,dro,42,51.0,45.49237060546875
physionet_b,dro,42,30.0,31.105728149414062
physionet_b,dro,42,26.0,27.491764068603516
physionet_b,dro,42,49.0,49.64221954345703
physionet_b,dro,42,42.0,43.436370849609375
physionet_b,dro,42,53.0,49.85533905029297
physionet_b,dro,42,58.0,45.697044372558594
physionet_b,dro,42,53.0,51.326656341552734
physionet_b,dro,42,39.0,39.165462493896484
physionet_b,dro,42,48.0,52.40760803222656
physionet_b,dro,42,43.0,46.40887451171875
physionet_b,dro,42,48.0,51.234283447265625
physionet_b,dro,42,46.0,44.759002685546875
physionet_b,dro,42,39.0,41.71160125732422
physionet_b,dro,42,36.0,42.084922790527344
physionet_b,dro,42,36.0,35.509944915771484
physionet_b,dro,42,34.0,37.64348602294922
physionet_b,dro,42,40.0,44.42510986328125
physionet_b,dro,42,41.0,42.761878967285156
physionet_b,dro,42,28.0,30.03166961669922
physionet_b,dro,42,45.0,60.20954132080078
physionet_b,dro,42,40.0,45.03677749633789
physionet_b,dro,42,45.0,49.333106994628906
physionet_b,dro,42,26.0,27.698705673217773
physionet_b,dro,42,55.0,50.28635025024414
physionet_b,dro,42,39.0,39.39415740966797
physionet_b,dro,42,30.0,31.591896057128906
physionet_b,dro,42,41.0,45.01738739013672
physionet_b,dro,42,48.0,55.0269660949707
physionet_b,dro,42,56.0,47.55583190917969
physionet_b,dro,42,46.0,48.42996597290039
physionet_b,dro,42,98.0,58.494625091552734
physionet_b,dro,42,36.0,32.68942642211914
physionet_b,dro,42,43.0,44.282691955566406
physionet_b,dro,42,47.0,48.07548522949219
physionet_b,dro,42,55.0,48.179874420166016
physionet_b,dro,42,42.0,47.89064025878906
physionet_b,dro,42,54.0,56.58849334716797
physionet_b,dro,42,42.0,50.650367736816406
physionet_b,dro,42,39.0,37.688194274902344
physionet_b,dro,42,35.0,35.726051330566406
physionet_b,dro,42,47.0,47.55161666870117
physionet_b,dro,42,27.0,28.35277557373047
physionet_b,dro,42,55.0,48.00168991088867
physionet_b,dro,42,45.0,50.253482818603516
physionet_b,dro,42,37.0,38.35038757324219
physionet_b,dro,42,48.0,49.94780349731445
physionet_b,dro,42,46.0,50.81420135498047
physionet_b,dro,42,59.0,48.21758270263672
physionet_b,dro,42,24.0,26.325401306152344
physionet_b,dro,42,42.0,48.58870315551758
physionet_b,dro,42,35.0,35.08297348022461
physionet_b,dro,42,36.0,38.096221923828125
physionet_b,dro,42,47.0,51.8651008605957
physionet_b,dro,42,121.0,56.741294860839844
physionet_b,dro,42,52.0,51.25374984741211
physionet_b,dro,42,39.0,35.018348693847656
physionet_b,dro,42,46.0,44.138423919677734
physionet_b,dro,42,49.0,52.189510345458984
physionet_b,dro,42,28.0,27.876277923583984
physionet_b,dro,42,25.0,26.375547409057617
physionet_b,dro,42,55.0,47.372535705566406
physionet_b,dro,42,47.0,48.80942916870117
physionet_b,dro,42,27.0,27.556896209716797
physionet_b,dro,42,43.0,43.79841995239258
physionet_b,dro,42,34.0,34.60523223876953
physionet_b,dro,42,36.0,35.352020263671875
physionet_b,dro,42,58.0,52.238101959228516
physionet_b,dro,42,39.0,39.5047721862793
physionet_b,dro,42,36.0,35.59855270385742
physionet_b,dro,42,42.0,48.976810455322266
physionet_b,dro,42,57.0,44.799747467041016
physionet_b,dro,42,55.0,50.107479095458984
physionet_b,dro,42,42.0,45.116641998291016
physionet_b,dro,42,35.0,34.440208435058594
physionet_b,dro,42,34.0,35.96961975097656
physionet_b,dro,42,42.0,47.95243453979492
physionet_b,dro,42,45.0,52.619056701660156
physionet_b,dro,42,36.0,35.82369613647461
physionet_b,dro,42,26.0,29.14238739013672
physionet_b,dro,42,46.0,47.21138000488281
physionet_b,dro,42,24.0,30.085081100463867
physionet_b,dro,42,40.0,42.113487243652344
physionet_b,dro,42,54.0,48.963871002197266
physionet_b,dro,42,45.0,43.777137756347656
physionet_b,dro,42,41.0,42.45489501953125
physionet_b,dro,42,43.0,46.063899993896484
physionet_b,dro,42,37.0,35.16535568237305
physionet_b,dro,42,38.0,37.378353118896484
physionet_b,dro,42,88.0,49.30344772338867
physionet_b,dro,42,32.0,32.83065414428711
physionet_b,dro,42,45.0,46.55406188964844
physionet_b,dro,42,39.0,38.06492614746094
physionet_b,dro,42,57.0,58.55224609375
physionet_b,dro,42,44.0,57.48835372924805
physionet_b,dro,42,40.0,38.27240753173828
physionet_b,dro,42,37.0,35.66578674316406
physionet_b,dro,42,58.0,43.739959716796875
physionet_b,dro,42,38.0,36.71448516845703
physionet_b,dro,42,49.0,46.918724060058594
physionet_b,dro,42,25.0,26.995676040649414
physionet_b,dro,42,318.0,51.238441467285156
physionet_b,dro,42,51.0,54.31446075439453
physionet_b,dro,42,48.0,49.66718292236328
physionet_b,dro,42,47.0,54.82472229003906
physionet_b,dro,42,53.0,44.547027587890625
physionet_b,dro,42,58.0,49.90045166015625
physionet_b,dro,42,24.0,26.661991119384766
physionet_b,dro,42,41.0,40.30648422241211
physionet_b,dro,42,25.0,27.558870315551758
physionet_b,dro,42,26.0,26.667835235595703
physionet_b,dro,42,44.0,47.773807525634766
physionet_b,dro,42,39.0,38.86435317993164
physionet_b,dro,42,62.0,50.475223541259766
physionet_b,dro,42,53.0,54.435394287109375
physionet_b,dro,42,54.0,49.839324951171875
physionet_b,dro,42,43.0,45.22286605834961
physionet_b,dro,42,45.0,50.20026779174805
physionet_b,dro,42,39.0,39.285526275634766
physionet_b,dro,42,45.0,48.30546951293945
physionet_b,dro,42,42.0,48.81711196899414
physionet_b,dro,42,44.0,50.73122787475586
physionet_b,dro,42,30.0,28.483774185180664
physionet_b,dro,42,53.0,50.189186096191406
physionet_b,dro,42,48.0,55.8491325378418
physionet_b,dro,42,41.0,38.71041488647461
physionet_b,dro,42,42.0,45.48469161987305
physionet_b,dro,42,36.0,36.56681442260742
physionet_b,dro,42,57.0,50.87839126586914
physionet_b,dro,42,40.0,41.462284088134766
physionet_b,dro,42,53.0,56.79197692871094
physionet_b,dro,42,34.0,34.147178649902344
physionet_b,dro,42,38.0,38.61158752441406
physionet_b,dro,42,43.0,43.70303726196289
physionet_b,dro,42,44.0,49.08704376220703
physionet_b,dro,42,54.0,52.397003173828125
physionet_b,dro,42,216.0,48.155723571777344
physionet_b,dro,42,41.0,41.59270477294922
physionet_b,dro,42,25.0,26.2489013671875
physionet_b,dro,42,25.0,26.259986877441406
physionet_b,dro,42,57.0,47.93008804321289
physionet_b,dro,42,33.0,35.100337982177734
physionet_b,dro,42,41.0,42.517799377441406
physionet_b,dro,42,36.0,35.9426383972168
physionet_b,dro,42,49.0,50.925872802734375
physionet_b,dro,42,39.0,38.297080993652344
physionet_b,dro,42,37.0,37.99890899658203
physionet_b,dro,42,41.0,43.19003677368164
physionet_b,dro,42,41.0,41.9694938659668
physionet_b,dro,42,36.0,36.971778869628906
physionet_b,dro,42,88.0,49.931915283203125
physionet_b,dro,42,44.0,49.011043548583984
physionet_b,dro,42,32.0,32.42815399169922
physionet_b,dro,42,26.0,28.063573837280273
physionet_b,dro,42,29.0,29.32976722717285
physionet_b,dro,42,36.0,36.71854019165039
physionet_b,dro,42,47.0,54.793212890625
physionet_b,dro,42,47.0,48.20147705078125
physionet_b,dro,42,54.0,49.188385009765625
physionet_b,dro,42,39.0,38.125064849853516
physionet_b,dro,42,52.0,53.70817947387695
physionet_b,dro,42,37.0,34.31917190551758
physionet_b,dro,42,36.0,35.83353042602539
physionet_b,dro,42,38.0,39.84468078613281
physionet_b,dro,42,52.0,51.14231872558594
physionet_b,dro,42,38.0,37.87386703491211
physionet_b,dro,42,25.0,27.601600646972656
physionet_b,dro,42,54.0,48.736270904541016
physionet_b,dro,42,38.0,37.95930099487305
physionet_b,dro,42,33.0,32.379268646240234
physionet_b,dro,42,25.0,28.09699821472168
physionet_b,dro,42,34.0,34.657493591308594
physionet_b,dro,42,39.0,39.07658767700195
physionet_b,dro,42,43.0,47.86036682128906
physionet_b,dro,42,46.0,50.74089813232422
physionet_b,dro,42,51.0,49.836769104003906
physionet_b,dro,42,45.0,47.80548095703125
physionet_b,dro,42,65.0,49.560882568359375
physionet_b,dro,42,33.0,35.8025016784668
physionet_b,dro,42,37.0,37.27619934082031
physionet_b,dro,42,38.0,38.23796844482422
physionet_b,dro,42,51.0,47.54452133178711
physionet_b,dro,42,24.0,27.96844482421875
physionet_b,dro,42,336.0,51.350303649902344
physionet_b,dro,42,26.0,29.054912567138672
physionet_b,dro,42,26.0,42.88783645629883
physionet_b,dro,42,37.0,37.46054458618164
physionet_b,dro,42,38.0,38.231082916259766
physionet_b,dro,42,51.0,47.96156311035156
physionet_b,dro,42,31.0,30.054384231567383
physionet_b,dro,42,47.0,49.78667449951172
physionet_b,dro,42,46.0,53.71195983886719
physionet_b,dro,42,196.0,60.57048034667969
physionet_b,dro,42,55.0,50.95697021484375
physionet_b,dro,42,35.0,35.191524505615234
physionet_b,dro,42,46.0,50.16889190673828
physionet_b,dro,42,46.0,50.71174240112305
physionet_b,dro,42,84.0,50.700931549072266
physionet_b,dro,42,39.0,39.083065032958984
physionet_b,dro,42,51.0,45.62771224975586
physionet_b,dro,42,46.0,51.00429916381836
physionet_b,dro,42,57.0,48.9001350402832
physionet_b,dro,42,43.0,43.9112548828125
physionet_b,dro,42,144.0,45.389156341552734
physionet_b,dro,42,40.0,43.26898956298828
physionet_b,dro,42,44.0,50.374759674072266
physionet_b,dro,42,40.0,40.649051666259766
physionet_b,dro,42,36.0,35.76988220214844
physionet_b,dro,42,34.0,35.49604797363281
physionet_b,dro,42,43.0,46.17509460449219
physionet_b,dro,42,43.0,44.053314208984375
physionet_b,dro,42,24.0,26.10081672668457
physionet_b,dro,42,30.0,31.07379913330078
physionet_b,dro,42,34.0,35.34913635253906
physionet_b,dro,42,51.0,51.27955627441406
physionet_b,dro,42,57.0,45.958553314208984
physionet_b,dro,42,49.0,45.64616775512695
physionet_b,dro,42,37.0,37.69480895996094
physionet_b,dro,42,50.0,42.86992645263672
physionet_b,dro,42,36.0,36.24494552612305
physionet_b,dro,42,50.0,55.57090377807617
physionet_b,dro,42,55.0,49.878116607666016
physionet_b,dro,42,51.0,55.603904724121094
physionet_b,dro,42,45.0,43.460121154785156
physionet_b,dro,42,52.0,46.36107635498047
physionet_b,dro,42,48.0,56.34455871582031
physionet_b,dro,42,24.0,24.787431716918945
physionet_b,dro,42,36.0,35.25475311279297
physionet_b,dro,42,115.0,47.6685791015625
physionet_b,dro,42,55.0,50.926639556884766
physionet_b,dro,42,28.0,29.22132682800293
physionet_b,dro,42,52.0,54.88555145263672
physionet_b,dro,42,54.0,56.21427917480469
physionet_b,dro,42,24.0,26.04933738708496
physionet_b,dro,42,42.0,43.84020233154297
physionet_b,dro,42,27.0,29.089139938354492
physionet_b,dro,42,50.0,51.20514678955078
physionet_b,dro,42,40.0,39.56289291381836
physionet_b,dro,42,38.0,38.27864456176758
physionet_b,dro,42,55.0,49.63858413696289
physionet_b,dro,42,25.0,28.57256317138672
physionet_b,dro,42,261.0,49.94652557373047
physionet_b,dro,42,49.0,43.62678146362305
physionet_b,dro,42,27.0,28.456947326660156
physionet_b,dro,42,26.0,25.11227798461914
physionet_b,dro,42,24.0,27.269838333129883
physionet_b,dro,42,44.0,49.575157165527344
physionet_b,dro,42,58.0,51.35590744018555
physionet_b,dro,42,36.0,34.55352020263672
physionet_b,dro,42,44.0,48.63582992553711
physionet_b,dro,42,40.0,38.07062530517578
physionet_b,dro,42,42.0,44.337677001953125
physionet_b,dro,42,40.0,41.051815032958984
physionet_b,dro,42,39.0,39.199913024902344
physionet_b,dro,42,33.0,33.21104049682617
physionet_b,dro,42,28.0,26.749170303344727
physionet_b,dro,42,45.0,53.91719436645508
physionet_b,dro,42,36.0,37.05695724487305
physionet_b,dro,42,57.0,50.060089111328125
physionet_b,dro,42,41.0,41.585304260253906
physionet_b,dro,42,24.0,28.04961395263672
physionet_b,dro,42,44.0,49.561317443847656
physionet_b,dro,42,47.0,49.63563919067383
physionet_b,dro,42,36.0,40.42069625854492
physionet_b,dro,42,51.0,51.54141616821289
physionet_b,dro,42,55.0,53.01411437988281
physionet_b,dro,42,45.0,46.94794845581055
physionet_b,dro,42,50.0,47.4682502746582
physionet_b,dro,42,50.0,48.47603988647461
physionet_b,dro,42,25.0,28.162059783935547
physionet_b,dro,42,41.0,41.4039306640625
physionet_b,dro,42,58.0,49.74669647216797
physionet_b,dro,42,44.0,44.25136947631836
physionet_b,dro,42,33.0,34.77028274536133
physionet_b,dro,42,28.0,28.418472290039062
physionet_b,dro,42,31.0,32.12937545776367
physionet_b,dro,42,44.0,50.53404235839844
physionet_b,dro,42,58.0,48.92660140991211
physionet_b,dro,42,48.0,50.55417251586914
physionet_b,dro,42,47.0,52.249935150146484
physionet_b,dro,42,52.0,50.407413482666016
physionet_b,dro,42,43.0,48.02561950683594
physionet_b,dro,42,41.0,45.05962371826172
physionet_b,dro,42,43.0,54.6247444152832
physionet_b,dro,42,44.0,49.584564208984375
physionet_b,dro,42,45.0,49.4307861328125
physionet_b,dro,42,28.0,32.82581329345703
physionet_b,dro,42,27.0,28.203737258911133
physionet_b,dro,42,35.0,36.74154281616211
physionet_b,dro,42,53.0,52.13335037231445
physionet_b,dro,42,43.0,47.94260787963867
physionet_b,dro,42,48.0,55.255584716796875
physionet_b,dro,42,29.0,31.719844818115234
physionet_b,dro,42,26.0,27.092981338500977
physionet_b,dro,42,38.0,38.37901306152344
physionet_b,dro,42,50.0,61.04743576049805
physionet_b,dro,42,36.0,35.87627029418945
physionet_b,dro,42,146.0,54.92951202392578
physionet_b,dro,42,37.0,38.772151947021484
physionet_b,dro,42,44.0,49.63821029663086
physionet_b,dro,42,28.0,29.265247344970703
physionet_b,dro,42,50.0,45.28678512573242
physionet_b,dro,42,30.0,30.66981315612793
physionet_b,dro,42,54.0,62.12517547607422
physionet_b,dro,42,49.0,50.057655334472656
physionet_b,dro,42,40.0,44.404659271240234
physionet_b,dro,42,56.0,48.91593551635742
physionet_b,dro,42,38.0,36.378562927246094
physionet_b,dro,42,24.0,26.90174102783203
physionet_b,dro,42,42.0,43.41796112060547
physionet_b,dro,42,24.0,28.837024688720703
physionet_b,dro,42,50.0,50.13080596923828
physionet_b,dro,42,58.0,55.70329284667969
physionet_b,dro,42,39.0,39.933170318603516
physionet_b,dro,42,43.0,43.933319091796875
physionet_b,dro,42,54.0,50.06032180786133
physionet_b,dro,42,47.0,49.46247863769531
physionet_b,dro,42,44.0,48.97787094116211
physionet_b,dro,42,41.0,44.34040069580078
physionet_b,dro,42,42.0,43.941688537597656
physionet_b,dro,42,51.0,50.42772674560547
physionet_b,dro,42,37.0,37.04595947265625
physionet_b,dro,42,41.0,42.177555084228516
physionet_b,dro,42,55.0,63.018951416015625
physionet_b,dro,42,58.0,48.517982482910156
physionet_b,dro,42,24.0,26.1082820892334
physionet_b,dro,42,53.0,58.15099334716797
physionet_b,dro,42,54.0,57.47931671142578
physionet_b,dro,42,24.0,26.021446228027344
physionet_b,dro,42,27.0,28.319028854370117
physionet_b,dro,42,47.0,49.917457580566406
physionet_b,dro,42,24.0,25.85110092163086
physionet_b,dro,42,24.0,26.619537353515625
physionet_b,dro,42,27.0,28.13715934753418
physionet_b,dro,42,49.0,45.32544708251953
physionet_b,dro,42,41.0,41.23564910888672
physionet_b,dro,42,38.0,40.188053131103516
physionet_b,dro,42,30.0,31.20903778076172
physionet_b,dro,42,41.0,45.94621658325195
physionet_b,dro,42,39.0,38.867488861083984
physionet_b,dro,42,32.0,32.820743560791016
physionet_b,dro,42,41.0,42.07648849487305
physionet_b,dro,42,27.0,28.479360580444336
physionet_b,dro,42,50.0,51.83240509033203
physionet_b,dro,42,39.0,39.285152435302734
physionet_b,dro,42,39.0,38.661277770996094
physionet_b,dro,42,51.0,51.27322769165039
physionet_b,dro,42,45.0,47.822113037109375
physionet_b,dro,42,42.0,51.689945220947266
physionet_b,dro,42,53.0,47.503623962402344
physionet_b,dro,42,56.0,51.05513381958008
physionet_b,dro,42,39.0,40.676048278808594
physionet_b,dro,42,39.0,39.03329849243164
physionet_b,dro,42,35.0,37.01939010620117
physionet_b,dro,42,28.0,30.885421752929688
physionet_b,dro,42,41.0,47.25395202636719
physionet_b,dro,42,58.0,49.738155364990234
physionet_b,dro,42,39.0,40.951107025146484
physionet_b,dro,42,92.0,57.42987060546875
physionet_b,dro,42,29.0,30.993310928344727
physionet_b,dro,42,45.0,47.57016372680664
physionet_b,dro,42,32.0,32.374385833740234
physionet_b,dro,42,36.0,35.72822952270508
physionet_b,dro,42,36.0,36.20855712890625
physionet_b,dro,42,27.0,31.770694732666016
physionet_b,dro,42,52.0,53.69771957397461
physionet_b,dro,42,41.0,43.004913330078125
physionet_b,dro,42,29.0,29.003700256347656
physionet_b,dro,42,53.0,48.18293380737305
physionet_b,dro,42,50.0,47.85055923461914
physionet_b,dro,42,48.0,52.19034957885742
physionet_b,dro,42,54.0,51.084232330322266
physionet_b,dro,42,48.0,55.620182037353516
physionet_b,dro,42,39.0,38.34327697753906
physionet_b,dro,42,41.0,44.83550262451172
physionet_b,dro,42,38.0,44.99956130981445
physionet_b,dro,42,27.0,34.68849563598633
physionet_b,dro,42,44.0,50.65183639526367
physionet_b,dro,42,47.0,51.7569694519043
physionet_b,dro,42,40.0,44.031944274902344
physionet_b,dro,42,52.0,54.70014953613281
physionet_b,dro,42,43.0,46.29812240600586
physionet_b,dro,42,39.0,39.72504806518555
physionet_b,dro,42,36.0,32.1536865234375
physionet_b,dro,42,58.0,49.66504669189453
physionet_b,dro,42,54.0,48.1859016418457
physionet_b,dro,42,54.0,48.522682189941406
physionet_b,dro,42,32.0,32.74692916870117
physionet_b,dro,42,50.0,48.46958923339844
physionet_b,dro,42,56.0,48.284549713134766
physionet_b,dro,42,336.0,53.747920989990234
physionet_b,dro,42,24.0,23.478517532348633
physionet_b,dro,42,54.0,49.25669860839844
physionet_b,dro,42,36.0,36.25480651855469
physionet_b,dro,42,50.0,53.71673583984375
physionet_b,dro,42,27.0,28.445446014404297
physionet_b,dro,42,44.0,49.68873977661133
physionet_b,dro,42,39.0,39.79684829711914
physionet_b,dro,42,43.0,43.50074768066406
physionet_b,dro,42,47.0,48.104957580566406
physionet_b,dro,42,24.0,26.750783920288086
physionet_b,dro,42,43.0,45.242828369140625
physionet_b,dro,42,37.0,39.171669006347656
physionet_b,dro,42,45.0,65.95287322998047
physionet_b,dro,42,42.0,48.42460250854492
physionet_b,dro,42,36.0,36.1259880065918
physionet_b,dro,42,47.0,49.40422058105469
physionet_b,dro,42,45.0,49.834938049316406
physionet_b,dro,42,26.0,27.763933181762695
physionet_b,dro,42,24.0,27.01612091064453
physionet_b,dro,42,36.0,36.961097717285156
physionet_b,dro,42,28.0,28.03321075439453
physionet_b,dro,42,24.0,26.20863914489746
physionet_b,dro,42,38.0,39.87196731567383
physionet_b,dro,42,35.0,35.90481948852539
physionet_b,dro,42,51.0,55.8184814453125
physionet_b,dro,42,31.0,31.483375549316406
physionet_b,dro,42,37.0,36.822776794433594
physionet_b,dro,42,35.0,36.00482940673828
physionet_b,dro,42,48.0,59.094032287597656
physionet_b,dro,42,42.0,49.00114822387695
physionet_b,dro,42,45.0,47.19731140136719
physionet_b,dro,42,38.0,37.546600341796875
physionet_b,dro,42,55.0,47.55569076538086
physionet_b,dro,42,36.0,36.665870666503906
physionet_b,dro,42,35.0,35.52809143066406
physionet_b,dro,42,42.0,43.405574798583984
physionet_b,dro,42,56.0,63.45043182373047
physionet_b,dro,42,30.0,29.80997657775879
physionet_b,dro,42,38.0,37.303287506103516
physionet_b,dro,42,82.0,52.45037078857422
physionet_b,dro,42,53.0,54.06167221069336
physionet_b,dro,42,39.0,44.193214416503906
physionet_b,dro,42,40.0,40.81460189819336
physionet_b,dro,42,25.0,25.565673828125
physionet_b,dro,42,35.0,36.998477935791016
physionet_b,dro,42,41.0,42.96776580810547
physionet_b,dro,42,46.0,50.07198715209961
physionet_b,dro,42,30.0,31.076271057128906
physionet_b,dro,42,46.0,46.71918869018555
physionet_b,dro,42,48.0,49.77065658569336
physionet_b,dro,42,41.0,59.076927185058594
physionet_b,dro,42,33.0,33.19905471801758
physionet_b,dro,42,38.0,37.277042388916016
physionet_b,dro,42,25.0,26.818605422973633
physionet_b,dro,42,32.0,33.75156784057617
physionet_b,dro,42,37.0,37.81998062133789
physionet_b,dro,42,56.0,48.84467697143555
physionet_b,dro,42,34.0,35.20127868652344
physionet_b,dro,42,28.0,27.514211654663086
physionet_b,dro,42,47.0,49.02315902709961
physionet_b,dro,42,41.0,43.58641052246094
physionet_b,dro,42,47.0,50.23105239868164
physionet_b,dro,42,59.0,47.62545394897461
physionet_b,dro,42,49.0,49.25982666015625
physionet_b,dro,42,44.0,46.260833740234375
physionet_b,dro,42,57.0,47.334503173828125
physionet_b,dro,42,58.0,50.78016662597656
physionet_b,dro,42,142.0,54.266239166259766
physionet_b,dro,42,51.0,54.159820556640625
physionet_b,dro,42,39.0,40.53404235839844
physionet_b,dro,42,53.0,54.504241943359375
physionet_b,dro,42,54.0,55.251319885253906
physionet_b,dro,42,47.0,50.39455795288086
physionet_b,dro,42,36.0,35.51341247558594
physionet_b,dro,42,39.0,41.25782012939453
physionet_b,dro,42,39.0,38.655330657958984
physionet_b,dro,42,42.0,43.1591796875
physionet_b,dro,42,48.0,50.5008544921875
physionet_b,dro,42,36.0,35.27243423461914
physionet_b,dro,42,48.0,49.989871978759766
physionet_b,dro,42,36.0,34.849853515625
physionet_b,dro,42,41.0,43.304561614990234
physionet_b,dro,42,45.0,48.139625549316406
physionet_b,dro,42,58.0,49.408607482910156
physionet_b,dro,42,32.0,33.866634368896484
physionet_b,dro,42,43.0,44.08174514770508
physionet_b,dro,42,48.0,50.3585205078125
physionet_b,dro,42,27.0,27.44695281982422
physionet_b,dro,42,40.0,42.591609954833984
physionet_b,dro,42,57.0,56.99734115600586
physionet_b,dro,42,25.0,28.788619995117188
physionet_b,dro,42,47.0,44.53372573852539
physionet_b,dro,42,47.0,53.40214920043945
physionet_b,dro,42,27.0,29.006010055541992
physionet_b,dro,42,41.0,41.67705535888672
physionet_b,dro,42,44.0,62.8284797668457
physionet_b,dro,42,56.0,50.37125778198242
physionet_b,dro,42,140.0,51.18894577026367
physionet_b,dro,42,45.0,47.338470458984375
physionet_b,dro,42,40.0,39.816383361816406
physionet_b,dro,42,64.0,53.47345733642578
physionet_b,dro,42,58.0,49.98657989501953
physionet_b,dro,42,48.0,54.368106842041016
physionet_b,dro,42,37.0,38.31932830810547
physionet_b,dro,42,46.0,49.501487731933594
physionet_b,dro,42,48.0,48.05866622924805
physionet_b,dro,42,37.0,37.86613845825195
physionet_b,dro,42,43.0,45.03063201904297
physionet_b,dro,42,25.0,26.50125503540039
physionet_b,dro,42,110.0,44.28798294067383
physionet_b,dro,42,189.0,49.96579360961914
physionet_b,dro,42,37.0,37.972984313964844
physionet_b,dro,42,63.0,54.62922668457031
physionet_b,dro,42,43.0,44.37500762939453
physionet_b,dro,42,26.0,27.21439552307129
physionet_b,dro,42,53.0,53.875545501708984
physionet_b,dro,42,49.0,47.19053268432617
physionet_b,dro,42,48.0,47.4804801940918
physionet_b,dro,42,34.0,36.333248138427734
physionet_b,dro,42,54.0,38.77312088012695
physionet_b,dro,42,40.0,43.191932678222656
physionet_b,dro,42,39.0,38.71711730957031
physionet_b,dro,42,43.0,52.114200592041016
physionet_b,dro,42,26.0,28.034271240234375
physionet_b,dro,42,50.0,52.23123550415039
physionet_b,dro,42,49.0,50.122615814208984
physionet_b,dro,42,31.0,31.41970443725586
physionet_b,dro,42,45.0,47.982566833496094
physionet_b,dro,42,37.0,37.25441360473633
physionet_b,dro,42,65.0,47.523681640625
physionet_b,dro,42,52.0,52.11863327026367
physionet_b,dro,42,47.0,53.89813232421875
physionet_b,dro,42,29.0,30.198806762695312
physionet_b,dro,42,43.0,43.82469177246094
physionet_b,dro,42,41.0,43.631099700927734
physionet_b,dro,42,42.0,45.1151237487793
physionet_b,dro,42,37.0,37.6330451965332
physionet_b,dro,42,42.0,44.36390686035156
physionet_b,dro,42,46.0,50.644187927246094
physionet_b,dro,42,59.0,51.3831901550293
physionet_b,dro,42,46.0,51.91215896606445
physionet_b,dro,42,39.0,39.259090423583984
physionet_b,dro,42,56.0,48.791751861572266
physionet_b,dro,42,48.0,48.480194091796875
physionet_b,dro,42,44.0,48.52677917480469
physionet_b,dro,42,36.0,38.205650329589844
physionet_b,dro,42,55.0,54.92495346069336
physionet_b,dro,42,55.0,48.52458190917969
physionet_b,dro,42,26.0,28.27911376953125
physionet_b,dro,42,52.0,48.0300407409668
physionet_b,dro,42,51.0,50.22170639038086
physionet_b,dro,42,45.0,48.04060745239258
physionet_b,dro,42,36.0,35.69477844238281
physionet_b,dro,42,45.0,50.82915115356445
physionet_b,dro,42,48.0,50.486785888671875
physionet_b,dro,42,24.0,27.926918029785156
physionet_b,dro,42,43.0,47.406558990478516
physionet_b,dro,42,40.0,41.54813766479492
physionet_b,dro,42,24.0,26.305721282958984
physionet_b,dro,42,47.0,51.96645736694336
physionet_b,dro,42,25.0,28.478910446166992
physionet_b,dro,42,53.0,47.9075813293457
physionet_b,dro,42,24.0,27.371458053588867
physionet_b,dro,42,40.0,39.22256851196289
physionet_b,dro,42,54.0,49.49049758911133
physionet_b,dro,42,37.0,37.33112335205078
physionet_b,dro,42,39.0,39.13312530517578
physionet_b,dro,42,66.0,51.25943374633789
physionet_b,dro,42,96.0,48.64747619628906
physionet_b,dro,42,43.0,46.74185562133789
physionet_b,dro,42,35.0,32.8323974609375
physionet_b,dro,42,46.0,49.820213317871094
physionet_b,dro,42,42.0,45.95794677734375
physionet_b,dro,42,57.0,48.47768020629883
physionet_b,dro,42,47.0,47.07128143310547
physionet_b,dro,42,44.0,48.8313102722168
physionet_b,dro,42,48.0,48.290897369384766
physionet_b,dro,42,62.0,50.38252639770508
physionet_b,dro,42,49.0,45.6041259765625
physionet_b,dro,42,36.0,36.65717697143555
physionet_b,dro,42,50.0,50.29610824584961
physionet_b,dro,42,46.0,52.10968017578125
physionet_b,dro,42,49.0,45.313655853271484
physionet_b,dro,42,47.0,50.020626068115234
physionet_b,dro,42,34.0,35.114933013916016
physionet_b,dro,42,40.0,39.83671569824219
physionet_b,dro,42,29.0,30.784399032592773
physionet_b,dro,42,58.0,52.213993072509766
physionet_b,dro,42,33.0,35.22260284423828
physionet_b,dro,42,55.0,48.09856414794922
physionet_b,dro,42,54.0,55.39849853515625
physionet_b,dro,42,174.0,49.785099029541016
physionet_b,dro,42,43.0,51.36564636230469
physionet_b,dro,42,29.0,33.61587142944336
physionet_b,dro,42,43.0,48.889583587646484
physionet_b,dro,42,41.0,40.91486358642578
physionet_b,dro,42,43.0,44.99775314331055
physionet_b,dro,42,52.0,49.71854782104492
physionet_b,dro,42,37.0,40.20891571044922
physionet_b,dro,42,45.0,45.67226791381836
physionet_b,dro,42,55.0,53.07956314086914
physionet_b,dro,42,34.0,35.550777435302734
physionet_b,dro,42,53.0,49.49021911621094
physionet_b,dro,42,42.0,43.96184539794922
physionet_b,dro,42,37.0,35.50703048706055
physionet_b,dro,42,42.0,45.81625747680664
physionet_b,dro,42,49.0,49.174652099609375
physionet_b,dro,42,47.0,47.47842025756836
physionet_b,dro,42,46.0,65.04827117919922
physionet_b,dro,42,45.0,53.06951904296875
physionet_b,dro,42,40.0,43.16695022583008
physionet_b,dro,42,54.0,50.52473068237305
physionet_b,dro,42,50.0,50.79388427734375
physionet_b,dro,42,57.0,49.22435760498047
physionet_b,dro,42,59.0,49.58247756958008
physionet_b,dro,42,56.0,51.4099235534668
physionet_b,dro,42,26.0,28.20811653137207
physionet_b,dro,42,39.0,38.88676834106445
physionet_b,dro,42,59.0,53.0704460144043
physionet_b,dro,42,26.0,27.753984451293945
physionet_b,dro,42,36.0,36.804752349853516
physionet_b,dro,42,43.0,46.11116409301758
physionet_b,dro,42,41.0,45.97374725341797
physionet_b,dro,42,39.0,39.39811706542969
physionet_b,dro,42,37.0,36.19009017944336
physionet_b,dro,42,59.0,53.6147346496582
physionet_b,dro,42,47.0,45.626399993896484
physionet_b,dro,42,59.0,58.63701248168945
physionet_b,dro,42,53.0,48.54008865356445
physionet_b,dro,42,51.0,51.274471282958984
physionet_b,dro,42,49.0,50.12607955932617
physionet_b,dro,42,40.0,41.22119140625
physionet_b,dro,42,43.0,48.58830261230469
physionet_b,dro,42,27.0,29.281147003173828
physionet_b,dro,42,37.0,37.428951263427734
physionet_b,dro,42,53.0,51.75486755371094
physionet_b,dro,42,41.0,42.13622283935547
physionet_b,dro,42,41.0,41.738075256347656
physionet_b,dro,42,37.0,38.15612030029297
physionet_b,dro,42,24.0,26.98747444152832
physionet_b,dro,42,42.0,44.78980255126953
physionet_b,dro,42,54.0,50.22649383544922
physionet_b,dro,42,32.0,32.339359283447266
physionet_b,dro,42,27.0,28.821413040161133
physionet_b,dro,42,38.0,40.836490631103516
physionet_b,dro,42,29.0,29.4456787109375
physionet_b,dro,42,25.0,29.447341918945312
physionet_b,dro,42,55.0,49.68244171142578
physionet_b,dro,42,59.0,50.895599365234375
physionet_b,dro,42,54.0,49.66822052001953
physionet_b,dro,42,39.0,38.94556427001953
physionet_b,dro,42,37.0,39.988346099853516
physionet_b,dro,42,32.0,33.5018424987793
physionet_b,dro,42,37.0,36.82741928100586
physionet_b,dro,42,39.0,38.869388580322266
physionet_b,dro,42,44.0,44.14423751831055
physionet_b,dro,42,45.0,50.90573501586914
physionet_b,dro,42,28.0,29.266992568969727
physionet_b,dro,42,25.0,30.3963680267334
physionet_b,dro,42,42.0,47.35401916503906
physionet_b,dro,42,43.0,42.72846984863281
physionet_b,dro,42,80.0,64.10358428955078
physionet_b,dro,42,38.0,38.844703674316406
physionet_b,dro,42,53.0,49.92332077026367
physionet_b,dro,42,48.0,54.30963134765625
physionet_b,dro,42,53.0,50.3625373840332
physionet_b,dro,42,30.0,31.986392974853516
physionet_b,dro,42,38.0,35.22903823852539
physionet_b,dro,42,43.0,41.29930114746094
physionet_b,dro,42,43.0,43.09231185913086
physionet_b,dro,42,38.0,39.396759033203125
physionet_b,dro,42,25.0,26.67591094970703
physionet_b,dro,42,46.0,49.561702728271484
physionet_b,dro,42,42.0,47.79340744018555
physionet_b,dro,42,39.0,38.877174377441406
physionet_b,dro,42,51.0,51.89242172241211
physionet_b,dro,42,58.0,54.665950775146484
physionet_b,dro,42,43.0,44.82136154174805
physionet_b,dro,42,42.0,50.53565216064453
physionet_b,dro,42,47.0,53.942100524902344
physionet_b,dro,42,41.0,37.777095794677734
physionet_b,dro,42,77.0,49.44411087036133
physionet_b,dro,42,36.0,37.157596588134766
physionet_b,dro,42,91.0,52.572566986083984
physionet_b,dro,42,38.0,37.24020767211914
physionet_b,dro,42,42.0,44.2050895690918
physionet_b,dro,42,25.0,27.467544555664062
physionet_b,dro,42,42.0,43.88741683959961
physionet_b,dro,42,37.0,42.490787506103516
physionet_b,dro,42,46.0,54.03975296020508
physionet_b,dro,42,26.0,28.321300506591797
physionet_b,dro,42,38.0,36.95217514038086
physionet_b,dro,42,119.0,46.84520721435547
physionet_b,dro,42,43.0,47.849788665771484
physionet_b,dro,42,55.0,47.811336517333984
physionet_b,dro,42,35.0,34.54624938964844
physionet_b,dro,42,38.0,38.319496154785156
physionet_b,dro,42,38.0,38.16754913330078
physionet_b,dro,42,33.0,33.42321014404297
physionet_b,dro,42,48.0,44.91751480102539
physionet_b,dro,42,48.0,43.69639587402344
physionet_b,dro,42,49.0,48.001678466796875
physionet_b,dro,42,50.0,50.38978958129883
physionet_b,dro,42,42.0,47.88884353637695
physionet_b,dro,42,55.0,52.629154205322266
physionet_b,dro,42,38.0,39.67232131958008
physionet_b,dro,42,36.0,35.63849639892578
physionet_b,dro,42,40.0,38.25270462036133
physionet_b,dro,42,38.0,38.43999481201172
physionet_b,dro,42,47.0,48.53327178955078
physionet_b,dro,42,42.0,48.39392852783203
physionet_b,dro,42,59.0,57.61921691894531
physionet_b,dro,42,77.0,55.2010498046875
physionet_b,dro,42,28.0,29.23397445678711
physionet_b,dro,42,47.0,43.27253341674805
physionet_b,dro,42,36.0,34.69895553588867
physionet_b,dro,42,57.0,53.754085540771484
physionet_b,dro,42,26.0,26.986740112304688
physionet_b,dro,42,208.0,48.5859260559082
physionet_b,dro,42,48.0,49.392879486083984
physionet_b,dro,42,44.0,52.36188888549805
physionet_b,dro,42,38.0,38.53721237182617
physionet_b,dro,42,39.0,39.18865203857422
physionet_b,dro,42,55.0,48.5870361328125
physionet_b,dro,42,56.0,53.753116607666016
physionet_b,dro,42,53.0,50.14329147338867
physionet_b,dro,42,39.0,40.870277404785156
physionet_b,dro,42,24.0,26.47725486755371
physionet_b,dro,42,48.0,62.51415252685547
physionet_b,dro,42,45.0,47.51808166503906
physionet_b,dro,42,48.0,49.21300506591797
physionet_b,dro,42,29.0,30.948711395263672
physionet_b,dro,42,26.0,27.18907356262207
physionet_b,dro,42,57.0,55.243141174316406
physionet_b,dro,42,59.0,51.12776184082031
physionet_b,dro,42,51.0,44.52734375
physionet_b,dro,42,31.0,30.816036224365234
physionet_b,dro,42,44.0,47.86785888671875
physionet_b,dro,42,43.0,46.97671890258789
physionet_b,dro,42,156.0,53.7216682434082
physionet_b,dro,42,127.0,51.407413482666016
physionet_b,dro,42,47.0,48.45322036743164
physionet_b,dro,42,55.0,48.72702407836914
physionet_b,dro,42,24.0,25.187686920166016
physionet_b,dro,42,49.0,56.0467414855957
physionet_b,dro,42,41.0,47.67925262451172
physionet_b,dro,42,54.0,48.05282974243164
physionet_b,dro,42,45.0,48.860591888427734
physionet_b,dro,42,25.0,26.865436553955078
physionet_b,dro,42,46.0,49.40885925292969
physionet_b,dro,42,58.0,55.933204650878906
physionet_b,dro,42,47.0,48.75808334350586
physionet_b,dro,42,46.0,53.98775863647461
physionet_b,dro,42,25.0,26.403654098510742
physionet_b,dro,42,24.0,29.01169204711914
physionet_b,dro,42,56.0,50.15748596191406
physionet_b,dro,42,43.0,44.68610763549805
physionet_b,dro,42,58.0,49.64849853515625
physionet_b,dro,42,41.0,40.98441696166992
physionet_b,dro,42,98.0,54.63715744018555
physionet_b,dro,42,52.0,48.931373596191406
physionet_b,dro,42,27.0,28.42332649230957
physionet_b,dro,42,28.0,27.770050048828125
physionet_b,dro,42,46.0,48.39250183105469
physionet_b,dro,42,36.0,36.9827880859375
physionet_b,dro,42,42.0,46.92999267578125
physionet_b,dro,42,28.0,29.11853790283203
physionet_b,dro,42,41.0,50.064693450927734
physionet_b,dro,42,57.0,48.49250030517578
physionet_b,dro,42,46.0,49.79978942871094
physionet_b,dro,42,30.0,31.20989227294922
physionet_b,dro,42,25.0,26.83000946044922
physionet_b,dro,42,53.0,48.337974548339844
physionet_b,dro,42,55.0,46.96708679199219
physionet_b,dro,42,27.0,27.63360023498535
physionet_b,dro,42,55.0,54.36362075805664
physionet_b,dro,42,39.0,38.44669723510742
physionet_b,dro,42,52.0,53.027626037597656
physionet_b,dro,42,52.0,50.00283432006836
physionet_b,dro,42,26.0,29.325963973999023
physionet_b,dro,42,42.0,43.58611297607422
physionet_b,dro,42,45.0,50.56050491333008
physionet_b,dro,42,58.0,53.36887741088867
physionet_b,dro,42,44.0,46.90525817871094
physionet_b,dro,42,43.0,49.278629302978516
physionet_b,dro,42,129.0,51.36655807495117
physionet_b,dro,42,31.0,32.14570617675781
physionet_b,dro,42,48.0,50.22556686401367
physionet_b,dro,42,43.0,47.58765411376953
physionet_b,dro,42,55.0,49.74007797241211
physionet_b,dro,42,48.0,47.085472106933594
physionet_b,dro,42,39.0,39.86224365234375
physionet_b,dro,42,45.0,44.267147064208984
physionet_b,dro,42,36.0,32.635677337646484
physionet_b,dro,42,49.0,51.86207580566406
physionet_b,dro,42,45.0,49.454742431640625
physionet_b,dro,42,55.0,50.032257080078125
physionet_b,dro,42,26.0,28.12970542907715
physionet_b,dro,42,24.0,26.520729064941406
physionet_b,dro,42,42.0,43.30069351196289
physionet_b,dro,42,42.0,43.47625732421875
physionet_b,dro,42,57.0,50.28681564331055
physionet_b,dro,42,41.0,42.05276107788086
physionet_b,dro,42,43.0,47.57817840576172
physionet_b,dro,42,41.0,43.338829040527344
physionet_b,dro,42,48.0,52.94078826904297
physionet_b,dro,42,28.0,29.61884307861328
physionet_b,dro,42,44.0,48.23921585083008
physionet_b,dro,42,39.0,37.558712005615234
physionet_b,dro,42,39.0,39.389652252197266
physionet_b,dro,42,53.0,49.142662048339844
physionet_b,dro,42,54.0,48.76801300048828
physionet_b,dro,42,46.0,44.95840835571289
physionet_b,dro,42,41.0,42.767303466796875
physionet_b,dro,42,36.0,35.95084762573242
physionet_b,dro,42,43.0,45.688682556152344
physionet_b,dro,42,40.0,46.68292999267578
physionet_b,dro,42,47.0,48.05332946777344
physionet_b,dro,42,40.0,44.500606536865234
physionet_b,dro,42,29.0,30.391645431518555
physionet_b,dro,42,41.0,43.2847900390625
physionet_b,dro,42,37.0,37.79917907714844
physionet_b,dro,42,28.0,29.44875717163086
physionet_b,dro,42,33.0,34.73350143432617
physionet_b,dro,42,58.0,44.500911712646484
physionet_b,dro,42,44.0,43.99578857421875
physionet_b,dro,42,40.0,41.4976806640625
physionet_b,dro,42,24.0,26.25320816040039
physionet_b,dro,42,45.0,47.78445053100586
physionet_b,dro,42,46.0,44.824684143066406
physionet_b,dro,42,36.0,37.69597244262695
physionet_b,dro,42,53.0,58.362430572509766
physionet_b,dro,42,56.0,49.46269607543945
physionet_b,dro,42,32.0,33.32277297973633
physionet_b,dro,42,37.0,36.91716384887695
physionet_b,dro,42,183.0,46.35693359375
physionet_b,dro,42,48.0,43.86409378051758
physionet_b,dro,42,43.0,43.285362243652344
physionet_b,dro,42,33.0,27.482446670532227
physionet_b,dro,42,51.0,47.74454879760742
physionet_b,dro,42,40.0,39.949920654296875
physionet_b,dro,42,36.0,37.143795013427734
physionet_b,dro,42,37.0,38.5342903137207
physionet_b,dro,42,39.0,39.160308837890625
physionet_b,dro,42,36.0,36.72689437866211
physionet_b,dro,42,36.0,38.08534622192383
physionet_b,dro,42,37.0,37.36802673339844
physionet_b,dro,42,24.0,27.71553611755371
physionet_b,dro,42,50.0,46.74766159057617
physionet_b,dro,42,43.0,46.9602165222168
physionet_b,dro,42,43.0,44.18280792236328
physionet_b,dro,42,52.0,51.839874267578125
physionet_b,dro,42,51.0,51.569358825683594
physionet_b,dro,42,39.0,38.01124954223633
physionet_b,dro,42,43.0,47.30400085449219
physionet_b,dro,42,39.0,38.816261291503906
physionet_b,dro,42,34.0,34.18535232543945
physionet_b,dro,42,57.0,54.828529357910156
physionet_b,dro,42,24.0,26.831275939941406
physionet_b,dro,42,39.0,40.45744705200195
physionet_b,dro,42,47.0,50.33314514160156
physionet_b,dro,42,25.0,27.334190368652344
physionet_b,dro,42,48.0,50.50586700439453
physionet_b,dro,42,51.0,50.70880889892578
physionet_b,dro,42,50.0,51.976016998291016
physionet_b,dro,42,47.0,51.073516845703125
physionet_b,dro,42,27.0,28.79140281677246
physionet_b,dro,42,40.0,40.29635238647461
physionet_b,dro,42,47.0,50.160282135009766
physionet_b,dro,42,47.0,49.899200439453125
physionet_b,dro,42,41.0,42.83659362792969
physionet_b,dro,42,47.0,47.93739318847656
physionet_b,dro,42,37.0,34.8088493347168
physionet_b,dro,42,29.0,31.47356414794922
physionet_b,dro,42,35.0,33.19781494140625
physionet_b,dro,42,50.0,49.001766204833984
physionet_b,dro,42,39.0,38.75527572631836
physionet_b,dro,42,31.0,33.90312957763672
physionet_b,dro,42,40.0,41.263553619384766
physionet_b,dro,42,48.0,57.501155853271484
physionet_b,dro,42,52.0,47.4074592590332
physionet_b,dro,42,37.0,37.47105407714844
physionet_b,dro,42,92.0,51.777740478515625
physionet_b,dro,42,40.0,38.59677505493164
physionet_b,dro,42,43.0,44.43879318237305
physionet_b,dro,42,40.0,39.68946838378906
physionet_b,dro,42,49.0,47.79349899291992
physionet_b,dro,42,55.0,51.041656494140625
physionet_b,dro,42,58.0,49.86473846435547
physionet_b,dro,42,45.0,28.750732421875
physionet_b,dro,42,27.0,27.413108825683594
physionet_b,dro,42,36.0,36.577518463134766
physionet_b,dro,42,54.0,54.770816802978516
physionet_b,dro,42,24.0,27.2495174407959
physionet_b,dro,42,48.0,45.35200881958008
physionet_b,dro,42,39.0,39.46240234375
physionet_b,dro,42,53.0,46.27918243408203
physionet_b,dro,42,45.0,45.17667007446289
physionet_b,dro,42,32.0,37.24635314941406
physionet_b,dro,42,45.0,61.42914581298828
physionet_b,dro,42,56.0,48.63335418701172
physionet_b,dro,42,51.0,54.24863815307617
physionet_b,dro,42,55.0,53.99114227294922
physionet_b,dro,42,42.0,44.56593704223633
physionet_b,dro,42,51.0,49.95291519165039
physionet_b,dro,42,45.0,51.810882568359375
physionet_b,dro,42,31.0,31.18097686767578
physionet_b,dro,42,50.0,49.486114501953125
physionet_b,dro,42,30.0,30.851686477661133
physionet_b,dro,42,38.0,37.673282623291016
physionet_b,dro,42,43.0,50.29789733886719
physionet_b,dro,42,40.0,40.79970169067383
physionet_b,dro,42,45.0,48.52516174316406
physionet_b,dro,42,55.0,48.476253509521484
physionet_b,dro,42,38.0,39.41072463989258
physionet_b,dro,42,39.0,41.64759826660156
physionet_b,dro,42,61.0,50.41571044921875
physionet_b,dro,42,32.0,33.369407653808594
physionet_b,dro,42,24.0,28.719545364379883
physionet_b,dro,42,38.0,37.95552062988281
physionet_b,dro,42,24.0,25.883251190185547
physionet_b,dro,42,44.0,44.199462890625
physionet_b,dro,42,59.0,59.84320831298828
physionet_b,dro,42,31.0,33.198692321777344
physionet_b,dro,42,40.0,40.51355743408203
physionet_b,dro,42,48.0,50.83090591430664
physionet_b,dro,42,49.0,50.296695709228516
physionet_b,dro,42,44.0,50.831153869628906
physionet_b,dro,42,42.0,49.69826126098633
physionet_b,dro,42,57.0,49.805992126464844
physionet_b,dro,42,49.0,49.32693862915039
physionet_b,dro,42,33.0,33.72197723388672
physionet_b,dro,42,25.0,26.688688278198242
physionet_b,dro,42,40.0,47.21243667602539
physionet_b,dro,42,48.0,55.942161560058594
physionet_b,dro,42,49.0,60.689056396484375
physionet_b,dro,42,40.0,40.7362174987793
physionet_b,dro,42,33.0,33.823768615722656
physionet_b,dro,42,43.0,43.66634750366211
physionet_b,dro,42,51.0,51.08912658691406
physionet_b,dro,42,25.0,30.319316864013672
physionet_b,dro,42,30.0,31.147071838378906
physionet_b,dro,42,39.0,35.70499801635742
physionet_b,dro,42,39.0,38.480995178222656
physionet_b,dro,42,45.0,48.301815032958984
physionet_b,dro,42,37.0,36.18220901489258
physionet_b,dro,42,33.0,31.373348236083984
physionet_b,dro,42,55.0,52.50709533691406
physionet_b,dro,42,47.0,54.72211837768555
physionet_b,dro,42,30.0,31.624828338623047
physionet_b,dro,42,39.0,37.50227355957031
physionet_b,dro,42,50.0,48.852474212646484
physionet_b,dro,42,48.0,50.059139251708984
physionet_b,dro,42,26.0,27.660058975219727
physionet_b,dro,42,35.0,34.33745193481445
physionet_b,dro,42,37.0,38.927303314208984
physionet_b,dro,42,46.0,48.475379943847656
physionet_b,dro,42,49.0,48.6910514831543
physionet_b,dro,42,36.0,39.899085998535156
physionet_b,dro,42,44.0,47.25084686279297
physionet_b,dro,42,42.0,43.334930419921875
physionet_b,dro,42,76.0,48.21546173095703
physionet_b,dro,42,55.0,51.56343078613281
physionet_b,dro,42,24.0,26.01072883605957
physionet_b,dro,42,38.0,38.74356460571289
physionet_b,dro,42,37.0,36.65404510498047
physionet_b,dro,42,49.0,46.08768081665039
physionet_b,dro,42,29.0,36.13422775268555
physionet_b,dro,42,41.0,43.10029983520508
physionet_b,dro,42,26.0,27.344724655151367
physionet_b,dro,42,47.0,59.32402801513672
physionet_b,dro,42,59.0,49.724632263183594
physionet_b,dro,42,25.0,26.292957305908203
physionet_b,dro,42,26.0,25.63915252685547
physionet_b,dro,42,47.0,55.890785217285156
physionet_b,dro,42,47.0,54.32421875
physionet_b,dro,42,43.0,43.4312858581543
physionet_b,dro,42,41.0,47.19241714477539
physionet_b,dro,42,41.0,44.78899383544922
physionet_b,dro,42,34.0,34.80168151855469
physionet_b,dro,42,37.0,37.11566925048828
physionet_b,dro,42,48.0,55.200164794921875
physionet_b,dro,42,33.0,33.098690032958984
physionet_b,dro,42,37.0,37.10918045043945
physionet_b,dro,42,39.0,39.495792388916016
physionet_b,dro,42,36.0,36.94832992553711
physionet_b,dro,42,50.0,50.69102478027344
physionet_b,dro,42,43.0,49.28944396972656
physionet_b,dro,42,45.0,48.22280502319336
physionet_b,dro,42,36.0,36.22772216796875
physionet_b,dro,42,28.0,28.75382423400879
physionet_b,dro,42,51.0,50.927703857421875
physionet_b,dro,42,32.0,34.86484146118164
physionet_b,dro,42,44.0,50.80188751220703
physionet_b,dro,42,43.0,43.217586517333984
physionet_b,dro,42,36.0,37.1474723815918
physionet_b,dro,42,29.0,30.649124145507812
physionet_b,dro,42,24.0,28.124608993530273
physionet_b,dro,42,41.0,41.135353088378906
physionet_b,dro,42,24.0,26.59664535522461
physionet_b,dro,42,32.0,31.238094329833984
physionet_b,dro,42,26.0,28.088224411010742
physionet_b,dro,42,75.0,50.81140899658203
physionet_b,dro,42,49.0,50.62543869018555
physionet_b,dro,42,38.0,37.98603439331055
physionet_b,dro,42,36.0,35.49911880493164
physionet_b,dro,42,50.0,54.06169891357422
physionet_b,dro,42,47.0,44.55377197265625
physionet_b,dro,42,47.0,50.1976318359375
physionet_b,dro,42,48.0,56.38706970214844
physionet_b,dro,42,47.0,48.23008346557617
physionet_b,dro,42,55.0,51.838348388671875
physionet_b,dro,42,99.0,46.8232421875
physionet_b,dro,42,26.0,26.913957595825195
physionet_b,dro,42,37.0,36.40827560424805
physionet_b,dro,42,47.0,50.3326416015625
physionet_b,dro,42,41.0,42.24612808227539
physionet_b,dro,42,52.0,56.574546813964844
physionet_b,dro,42,49.0,50.42271041870117
physionet_b,dro,42,44.0,42.91154098510742
physionet_b,dro,42,44.0,49.82109832763672
physionet_b,dro,42,37.0,37.5926513671875
physionet_b,dro,42,44.0,50.03526306152344
physionet_b,dro,42,40.0,39.274356842041016
physionet_b,dro,42,47.0,48.18415451049805
physionet_b,dro,42,33.0,32.47284698486328
physionet_b,dro,42,38.0,36.952335357666016
physionet_b,dro,42,59.0,50.70442199707031
physionet_b,dro,42,44.0,46.47752380371094
physionet_b,dro,42,38.0,38.321533203125
physionet_b,dro,42,39.0,38.84584045410156
physionet_b,dro,42,37.0,38.13692092895508
physionet_b,dro,42,39.0,41.23569107055664
physionet_b,dro,42,55.0,49.74647903442383
physionet_b,dro,42,39.0,40.773895263671875
physionet_b,dro,42,47.0,44.69566345214844
physionet_b,dro,42,44.0,47.75770568847656
physionet_b,dro,42,39.0,41.102848052978516
physionet_b,dro,42,40.0,37.44464874267578
physionet_b,dro,42,56.0,53.75985336303711
physionet_b,dro,42,34.0,35.668785095214844
physionet_b,dro,42,55.0,54.13733673095703
physionet_b,dro,42,41.0,42.46360778808594
physionet_b,dro,42,37.0,37.11227035522461
physionet_b,dro,42,38.0,38.160919189453125
physionet_b,dro,42,53.0,47.927066802978516
physionet_b,dro,42,43.0,43.395751953125
physionet_b,dro,42,53.0,49.170501708984375
physionet_b,dro,42,24.0,27.099994659423828
physionet_b,dro,42,43.0,48.469871520996094
physionet_b,dro,42,53.0,51.29072570800781
physionet_b,dro,42,38.0,37.469825744628906
physionet_b,dro,42,38.0,37.55218505859375
physionet_b,dro,42,48.0,57.558956146240234
physionet_b,dro,42,57.0,50.9402961730957
physionet_b,dro,42,37.0,36.266334533691406
physionet_b,dro,42,39.0,44.90874481201172
physionet_b,dro,42,39.0,38.45682144165039
physionet_b,dro,42,118.0,59.75893020629883
physionet_b,dro,42,51.0,45.01658630371094
physionet_b,dro,42,27.0,26.959535598754883
physionet_b,dro,42,41.0,43.013790130615234
physionet_b,dro,42,45.0,45.40313720703125
physionet_b,dro,42,41.0,40.0577507019043
physionet_b,dro,42,26.0,28.448970794677734
physionet_b,dro,42,58.0,54.93130111694336
physionet_b,dro,42,53.0,48.81281280517578
physionet_b,dro,42,58.0,48.540218353271484
physionet_b,dro,42,38.0,37.69824981689453
physionet_b,dro,42,25.0,26.137672424316406
physionet_b,dro,42,52.0,33.96192932128906
physionet_b,dro,42,27.0,28.420801162719727
physionet_b,dro,42,36.0,36.72480010986328
physionet_b,dro,42,41.0,45.081668853759766
physionet_b,dro,42,45.0,50.02072525024414
physionet_b,dro,42,40.0,46.501800537109375
physionet_b,dro,42,52.0,53.05928421020508
physionet_b,dro,42,33.0,33.46117401123047
physionet_b,dro,42,24.0,27.580490112304688
physionet_b,dro,42,34.0,34.09922790527344
physionet_b,dro,42,42.0,44.00517654418945
physionet_b,dro,42,42.0,52.30862045288086
physionet_b,dro,42,49.0,48.726322174072266
physionet_b,dro,42,43.0,48.65678024291992
physionet_b,dro,42,56.0,50.97517013549805
physionet_b,dro,42,49.0,47.22604751586914
physionet_b,dro,42,25.0,27.125499725341797
physionet_b,dro,42,42.0,44.03986740112305
physionet_b,dro,42,46.0,45.67943572998047
physionet_b,dro,42,45.0,50.33994674682617
physionet_b,dro,42,41.0,49.44694900512695
physionet_b,dro,42,32.0,32.928924560546875
physionet_b,dro,42,36.0,36.0632209777832
physionet_b,dro,42,52.0,49.12130355834961
physionet_b,dro,42,34.0,34.72166061401367
physionet_b,dro,42,42.0,44.40692138671875
physionet_b,dro,42,52.0,47.57210922241211
physionet_b,dro,42,55.0,50.49155044555664
physionet_b,dro,42,37.0,37.36766815185547
physionet_b,dro,42,44.0,43.99034881591797
physionet_b,dro,42,56.0,47.50225830078125
physionet_b,dro,42,46.0,47.3625373840332
physionet_b,dro,42,47.0,50.85606002807617
physionet_b,dro,42,42.0,41.51424789428711
physionet_b,dro,42,38.0,37.68730926513672
physionet_b,dro,42,58.0,48.92805099487305
physionet_b,dro,42,43.0,43.63329315185547
physionet_b,dro,42,41.0,40.576229095458984
physionet_b,dro,42,27.0,29.079084396362305
physionet_b,dro,42,51.0,49.3331298828125
physionet_b,dro,42,44.0,43.2992057800293
physionet_b,dro,42,46.0,48.74784469604492
physionet_b,dro,42,26.0,29.14022445678711
physionet_b,dro,42,35.0,42.59905242919922
physionet_b,dro,42,52.0,45.19631576538086
physionet_b,dro,42,46.0,49.39851379394531
physionet_b,dro,42,58.0,48.02545928955078
physionet_b,dro,42,38.0,38.02784729003906
physionet_b,dro,42,37.0,34.73093795776367
physionet_b,dro,42,53.0,49.885684967041016
physionet_b,dro,42,266.0,48.903717041015625
physionet_b,dro,42,42.0,45.37986373901367
physionet_b,dro,42,49.0,48.79690170288086
physionet_b,dro,42,37.0,36.06207275390625
physionet_b,dro,42,35.0,35.00996017456055
physionet_b,dro,42,26.0,27.637287139892578
physionet_b,dro,42,55.0,49.506507873535156
physionet_b,dro,42,38.0,37.92186737060547
physionet_b,dro,42,42.0,44.91361618041992
physionet_b,dro,42,44.0,47.06329345703125
physionet_b,dro,42,28.0,29.138120651245117
physionet_b,dro,42,40.0,41.033451080322266
physionet_b,dro,42,37.0,36.68291091918945
physionet_b,dro,42,59.0,49.783538818359375
physionet_b,dro,42,26.0,28.009166717529297
physionet_b,dro,42,38.0,38.313758850097656
physionet_b,dro,42,45.0,44.84296798706055
physionet_b,dro,42,53.0,47.12318420410156
physionet_b,dro,42,41.0,46.449607849121094
physionet_b,dro,42,29.0,27.803077697753906
physionet_b,dro,42,41.0,45.53654098510742
physionet_b,dro,42,33.0,34.770164489746094
physionet_b,dro,42,51.0,53.44582748413086
physionet_b,dro,42,43.0,46.43865966796875
physionet_b,dro,42,33.0,34.80050277709961
physionet_b,dro,42,41.0,42.735103607177734
physionet_b,dro,42,37.0,38.6777458190918
physionet_b,dro,42,56.0,48.17319107055664
physionet_b,dro,42,39.0,38.5347785949707
physionet_b,dro,42,34.0,36.5157585144043
physionet_b,dro,42,41.0,41.64192199707031
physionet_b,dro,42,41.0,42.024810791015625
physionet_b,dro,42,55.0,51.3746223449707
physionet_b,dro,42,39.0,38.70738220214844
physionet_b,dro,42,51.0,47.71468734741211
physionet_b,dro,42,37.0,37.45392608642578
physionet_b,dro,42,47.0,47.060943603515625
physionet_b,dro,42,44.0,43.84906768798828
physionet_b,dro,42,48.0,50.4060173034668
physionet_b,dro,42,47.0,49.95460510253906
physionet_b,dro,42,32.0,32.985103607177734
physionet_b,dro,42,42.0,47.44035339355469
physionet_b,dro,42,37.0,37.34964370727539
physionet_b,dro,42,41.0,41.13579559326172
physionet_b,dro,42,39.0,40.38364028930664
physionet_b,dro,42,37.0,38.929691314697266
physionet_b,dro,42,50.0,51.6867790222168
physionet_b,dro,42,44.0,44.22127914428711
physionet_b,dro,42,26.0,27.854888916015625
physionet_b,dro,42,40.0,44.51411437988281
physionet_b,dro,42,44.0,42.20412063598633
physionet_b,dro,42,31.0,31.74063491821289
physionet_b,dro,42,49.0,45.060646057128906
physionet_b,dro,42,31.0,31.802234649658203
physionet_b,dro,42,41.0,43.39720916748047
physionet_b,dro,42,35.0,35.97878646850586
physionet_b,dro,42,47.0,45.83474349975586
physionet_b,dro,42,26.0,29.02062225341797
physionet_b,dro,42,53.0,49.37337112426758
physionet_b,dro,42,34.0,35.114036560058594
physionet_b,dro,42,26.0,27.271873474121094
physionet_b,dro,42,47.0,49.3024787902832
physionet_b,dro,42,47.0,49.04643249511719
physionet_b,dro,42,39.0,39.497928619384766
physionet_b,dro,42,26.0,27.792421340942383
physionet_b,dro,42,48.0,53.968990325927734
physionet_b,dro,42,39.0,39.393367767333984
physionet_b,dro,42,39.0,39.84933853149414
physionet_b,dro,42,41.0,44.081485748291016
physionet_b,dro,42,312.0,54.383949279785156
physionet_b,dro,42,41.0,41.05958557128906
physionet_b,dro,42,36.0,35.551143646240234
physionet_b,dro,42,49.0,47.528934478759766
physionet_b,dro,42,44.0,48.662132263183594
physionet_b,dro,42,45.0,46.77101516723633
physionet_b,dro,42,36.0,35.58243942260742
physionet_b,dro,42,46.0,54.70176696777344
physionet_b,dro,42,39.0,39.59516906738281
physionet_b,dro,42,45.0,52.96071243286133
physionet_b,dro,42,31.0,32.09503173828125
physionet_b,dro,42,25.0,27.868457794189453
physionet_b,dro,42,41.0,43.505672454833984
physionet_b,dro,42,42.0,44.597267150878906
physionet_b,dro,42,26.0,27.355390548706055
physionet_b,dro,42,44.0,45.85270309448242
physionet_b,dro,42,43.0,46.589595794677734
physionet_b,dro,42,30.0,32.2060546875
physionet_b,dro,42,50.0,45.756446838378906
physionet_b,dro,42,48.0,48.78310775756836
physionet_b,dro,42,39.0,39.350379943847656
physionet_b,dro,42,38.0,36.60337448120117
physionet_b,dro,42,51.0,55.6188850402832
physionet_b,dro,42,43.0,49.100059509277344
physionet_b,dro,42,163.0,62.73143005371094
physionet_b,dro,42,39.0,40.09514236450195
physionet_b,dro,42,43.0,43.668487548828125
physionet_b,dro,42,38.0,38.14654541015625
physionet_b,dro,42,24.0,27.652790069580078
physionet_b,dro,42,42.0,42.973270416259766
physionet_b,dro,42,25.0,26.535686492919922
physionet_b,dro,42,25.0,26.356325149536133
physionet_b,dro,42,54.0,51.141658782958984
physionet_b,dro,42,41.0,41.40938949584961
physionet_b,dro,42,43.0,48.146629333496094
physionet_b,dro,42,31.0,32.20244598388672
physionet_b,dro,42,26.0,27.805280685424805
physionet_b,dro,42,27.0,28.759124755859375
physionet_b,dro,42,42.0,46.82564926147461
physionet_b,dro,42,38.0,36.809730529785156
physionet_b,dro,42,36.0,35.7985954284668
physionet_b,dro,42,36.0,36.52700424194336
physionet_b,dro,42,33.0,31.562885284423828
physionet_b,dro,42,46.0,44.745018005371094
physionet_b,dro,42,41.0,42.3446044921875
physionet_b,dro,42,45.0,43.886207580566406
physionet_b,dro,42,25.0,27.409160614013672
physionet_b,dro,42,58.0,50.82561492919922
physionet_b,dro,42,57.0,45.946250915527344
physionet_b,dro,42,37.0,35.66734313964844
physionet_b,dro,42,36.0,37.103458404541016
physionet_b,dro,42,24.0,27.14505958557129
physionet_b,dro,42,47.0,47.605010986328125
physionet_b,dro,42,42.0,46.20948028564453
physionet_b,dro,42,47.0,48.09184646606445
physionet_b,dro,42,36.0,37.04770278930664
physionet_b,dro,42,40.0,46.93551254272461
physionet_b,dro,42,45.0,50.65142822265625
physionet_b,dro,42,45.0,51.020938873291016
physionet_b,dro,42,54.0,46.68205642700195
physionet_b,dro,42,38.0,37.36504364013672
physionet_b,dro,42,29.0,30.62720489501953
physionet_b,dro,42,42.0,48.796749114990234
physionet_b,dro,42,49.0,57.83831787109375
physionet_b,dro,42,25.0,26.74423599243164
physionet_b,dro,42,39.0,40.063106536865234
physionet_b,dro,42,58.0,49.108707427978516
physionet_b,dro,42,43.0,47.449798583984375
physionet_b,dro,42,25.0,28.111154556274414
physionet_b,dro,42,38.0,36.986873626708984
physionet_b,dro,42,42.0,49.01309585571289
physionet_b,dro,42,41.0,47.065059661865234
physionet_b,dro,42,53.0,47.69364929199219
physionet_b,dro,42,48.0,49.36479568481445
physionet_b,dro,42,31.0,32.46417999267578
physionet_b,dro,42,27.0,29.988094329833984
physionet_b,dro,42,43.0,49.06861877441406
physionet_b,dro,42,40.0,41.15452575683594
physionet_b,dro,42,36.0,37.252864837646484
physionet_b,dro,42,32.0,31.541168212890625
physionet_b,dro,42,42.0,53.03241729736328
physionet_b,dro,42,50.0,46.87236404418945
physionet_b,dro,42,29.0,30.788347244262695
physionet_b,dro,42,28.0,29.61089324951172
physionet_b,dro,42,28.0,29.32167625427246
physionet_b,dro,42,53.0,49.324562072753906
physionet_b,dro,42,45.0,48.52156066894531
physionet_b,dro,42,24.0,26.489959716796875
mimic,dro,42,80.09472222222222,55.57093048095703
mimic,dro,42,124.84222222222223,48.359832763671875
mimic,dro,42,31.09444444444445,53.21918487548828
mimic,dro,42,348.1083333333333,68.79794311523438
mimic,dro,42,28.113611111111112,51.573768615722656
mimic,dro,42,35.49138888888889,50.281436920166016
mimic,dro,42,60.416944444444454,57.921058654785156
mimic,dro,42,93.78805555555556,48.89342498779297
mimic,dro,42,56.132777777777775,54.15114212036133
mimic,dro,42,46.01583333333333,61.818119049072266
mimic,dro,42,28.535833333333336,52.25242233276367
mimic,dro,42,27.045555555555552,51.81731414794922
mimic,dro,42,315.1933333333333,59.96762466430664
mimic,dro,42,212.93055555555554,66.40110778808594
mimic,dro,42,42.768055555555556,44.01722717285156
mimic,dro,42,32.60916666666667,54.89381408691406
mimic,dro,42,41.15972222222222,39.537506103515625
mimic,dro,42,102.29249999999999,65.049560546875
mimic,dro,42,26.91777777777778,49.5750846862793
mimic,dro,42,25.98361111111111,49.84782409667969
mimic,dro,42,41.92194444444445,44.61615753173828
mimic,dro,42,39.50055555555556,38.80705261230469
mimic,dro,42,51.82055555555556,47.702171325683594
mimic,dro,42,102.87888888888888,52.86724853515625
mimic,dro,42,345.7583333333333,47.05427551269531
mimic,dro,42,273.7413888888889,59.87397003173828
mimic,dro,42,61.79972222222222,46.784332275390625
mimic,dro,42,26.365833333333335,53.50923538208008
mimic,dro,42,62.258333333333326,48.00187683105469
mimic,dro,42,43.14194444444445,50.36373519897461
mimic,dro,42,206.13583333333332,53.07942199707031
mimic,dro,42,27.859166666666667,41.16632843017578
mimic,dro,42,137.47361111111113,48.99102783203125
mimic,dro,42,35.67611111111111,37.47832107543945
mimic,dro,42,46.15638888888889,50.03094482421875
mimic,dro,42,41.01583333333333,41.42536544799805
mimic,dro,42,184.67055555555555,57.602420806884766
mimic,dro,42,158.01694444444445,62.72088623046875
mimic,dro,42,47.83944444444444,58.83255386352539
mimic,dro,42,80.93083333333334,44.27577209472656
mimic,dro,42,53.35333333333334,43.959571838378906
mimic,dro,42,118.94999999999999,46.47857666015625
mimic,dro,42,49.463055555555556,54.88139724731445
mimic,dro,42,28.10388888888889,48.8227424621582
mimic,dro,42,80.97277777777778,55.93887710571289
mimic,dro,42,71.21972222222223,48.459991455078125
mimic,dro,42,31.92805555555556,31.63768768310547
mimic,dro,42,165.1627777777778,49.59211349487305
mimic,dro,42,51.409722222222214,46.743221282958984
mimic,dro,42,67.72638888888889,47.34181213378906
mimic,dro,42,281.2552777777778,48.5154914855957
mimic,dro,42,125.0327777777778,55.70264434814453
mimic,dro,42,29.73,36.25971603393555
mimic,dro,42,82.66666666666666,49.269710540771484
mimic,dro,42,86.63527777777779,47.41544723510742
mimic,dro,42,50.05944444444445,51.32638168334961
mimic,dro,42,48.30555555555556,47.99354553222656
mimic,dro,42,72.42972222222222,50.31684494018555
mimic,dro,42,363.03527777777776,49.098114013671875
mimic,dro,42,244.17694444444442,58.35594940185547
mimic,dro,42,64.37027777777777,55.913658142089844
mimic,dro,42,43.14277777777778,47.661338806152344
mimic,dro,42,130.01472222222225,64.38382720947266
mimic,dro,42,40.96388888888889,41.92042922973633
mimic,dro,42,894.0836111111109,64.96942138671875
mimic,dro,42,85.42111111111112,58.676124572753906
mimic,dro,42,33.35388888888889,50.678627014160156
mimic,dro,42,118.12722222222222,64.74439239501953
mimic,dro,42,47.7975,49.5103759765625
mimic,dro,42,237.43555555555554,47.3988037109375
mimic,dro,42,428.04361111111115,61.1367301940918
mimic,dro,42,29.387222222222213,55.13069152832031
mimic,dro,42,71.95222222222222,58.576045989990234
mimic,dro,42,128.23638888888888,47.158626556396484
mimic,dro,42,136.86138888888888,55.50345230102539
mimic,dro,42,27.03,27.790416717529297
mimic,dro,42,104.01,45.31173324584961
mimic,dro,42,31.690000000000005,48.041988372802734
mimic,dro,42,71.12583333333333,50.22036361694336
mimic,dro,42,573.9411111111111,47.8581428527832
mimic,dro,42,30.389166666666668,49.03854751586914
mimic,dro,42,49.29805555555556,49.16057205200195
mimic,dro,42,27.713055555555556,42.64689254760742
mimic,dro,42,32.36305555555556,52.31620788574219
mimic,dro,42,36.449444444444445,34.01004409790039
mimic,dro,42,224.38888888888886,46.13385772705078
mimic,dro,42,24.152500000000003,26.696413040161133
mimic,dro,42,134.89111111111112,66.1568374633789
mimic,dro,42,65.64194444444445,49.64371871948242
mimic,dro,42,58.18222222222222,52.742305755615234
mimic,dro,42,357.44194444444446,58.638633728027344
mimic,dro,42,33.90416666666667,50.53630447387695
mimic,dro,42,36.702777777777776,45.397647857666016
mimic,dro,42,217.40055555555557,55.189205169677734
mimic,dro,42,307.8363888888889,49.938995361328125
mimic,dro,42,28.006388888888885,52.60338592529297
mimic,dro,42,70.03805555555556,48.18031692504883
mimic,dro,42,32.54611111111111,49.61431121826172
mimic,dro,42,29.70194444444444,31.88827896118164
mimic,dro,42,375.15805555555556,56.368492126464844
mimic,dro,42,49.091388888888886,45.8130989074707
mimic,dro,42,151.74805555555554,56.79368591308594
mimic,dro,42,196.6688888888889,48.487274169921875
mimic,dro,42,98.14277777777778,56.31178283691406
mimic,dro,42,210.80166666666665,47.89671325683594
mimic,dro,42,29.779999999999998,51.87973403930664
mimic,dro,42,400.3986111111111,59.24394226074219
mimic,dro,42,37.599722222222226,36.95427322387695
mimic,dro,42,65.51583333333333,50.653926849365234
mimic,dro,42,157.88722222222225,54.66279220581055
mimic,dro,42,308.06722222222226,49.369911193847656
mimic,dro,42,44.707499999999996,48.15073013305664
mimic,dro,42,63.49416666666667,51.6834602355957
mimic,dro,42,31.45527777777778,50.551368713378906
mimic,dro,42,273.1244444444444,54.87404251098633
mimic,dro,42,27.690555555555548,49.700111389160156
mimic,dro,42,69.59083333333334,47.66379928588867
mimic,dro,42,42.58583333333333,47.03486251831055
mimic,dro,42,413.4558333333334,66.864013671875
mimic,dro,42,34.348055555555554,35.311344146728516
mimic,dro,42,71.52805555555555,57.31819534301758
mimic,dro,42,232.7102777777778,59.775821685791016
mimic,dro,42,95.31222222222223,43.04356002807617
mimic,dro,42,74.75305555555556,43.430809020996094
mimic,dro,42,81.57583333333335,50.62632369995117
mimic,dro,42,58.10916666666667,49.486366271972656
mimic,dro,42,33.71805555555556,47.28517532348633
mimic,dro,42,45.11833333333335,49.38151550292969
mimic,dro,42,134.73722222222221,48.63924789428711
mimic,dro,42,44.42583333333333,47.0504035949707
mimic,dro,42,62.927777777777784,62.20050048828125
mimic,dro,42,38.11972222222222,37.17321014404297
mimic,dro,42,96.04222222222222,48.659915924072266
mimic,dro,42,52.69916666666666,54.199737548828125
mimic,dro,42,605.6433333333334,60.66141128540039
mimic,dro,42,73.04944444444445,53.204994201660156
mimic,dro,42,43.8811111111111,46.584774017333984
mimic,dro,42,30.793333333333337,28.960073471069336
mimic,dro,42,30.79222222222222,52.457698822021484
mimic,dro,42,96.57055555555556,46.78974151611328
mimic,dro,42,24.708888888888893,46.11907196044922
mimic,dro,42,28.253055555555548,49.18593215942383
mimic,dro,42,28.924166666666665,50.71455383300781
mimic,dro,42,45.59527777777778,44.768978118896484
mimic,dro,42,33.799166666666665,49.392662048339844
mimic,dro,42,48.03194444444445,42.79411697387695
mimic,dro,42,240.9761111111111,54.95194625854492
mimic,dro,42,57.09027777777777,55.51175308227539
mimic,dro,42,121.69277777777778,47.92732620239258
mimic,dro,42,125.90833333333333,45.19912338256836
mimic,dro,42,102.47555555555556,47.81690979003906
mimic,dro,42,113.08444444444446,57.29912185668945
mimic,dro,42,63.81305555555555,48.575355529785156
mimic,dro,42,51.28111111111111,54.507232666015625
mimic,dro,42,170.84277777777777,50.028072357177734
mimic,dro,42,75.58361111111111,50.35190963745117
mimic,dro,42,553.2861111111112,47.922122955322266
mimic,dro,42,131.0511111111111,47.56840515136719
mimic,dro,42,76.69500000000001,48.5166015625
mimic,dro,42,48.11972222222222,66.54244232177734
mimic,dro,42,89.60249999999999,49.432613372802734
mimic,dro,42,60.46083333333333,50.73348617553711
mimic,dro,42,85.07388888888889,56.365482330322266
mimic,dro,42,26.07722222222222,50.66790771484375
mimic,dro,42,71.05222222222223,49.07864761352539
mimic,dro,42,67.02166666666666,48.17293167114258
mimic,dro,42,653.5391666666667,48.178558349609375
mimic,dro,42,52.136111111111106,48.563316345214844
mimic,dro,42,25.82888888888889,40.5052375793457
mimic,dro,42,67.57583333333334,56.19142150878906
mimic,dro,42,47.08222222222222,46.364383697509766
mimic,dro,42,91.06222222222222,45.46123504638672
mimic,dro,42,44.56972222222223,56.09496307373047
mimic,dro,42,335.69,60.15927505493164
mimic,dro,42,117.07861111111112,49.82886505126953
mimic,dro,42,29.03888888888889,52.29262161254883
mimic,dro,42,187.8552777777778,49.76609420776367
mimic,dro,42,129.93166666666667,61.21743392944336
mimic,dro,42,26.009166666666673,27.414470672607422
mimic,dro,42,99.04027777777776,48.5543327331543
mimic,dro,42,37.36472222222223,36.996883392333984
mimic,dro,42,25.1875,50.769798278808594
mimic,dro,42,52.60388888888889,47.57344055175781
mimic,dro,42,41.044444444444444,42.36968231201172
mimic,dro,42,49.525,47.733367919921875
mimic,dro,42,28.97916666666667,46.26850509643555
mimic,dro,42,46.730555555555554,44.835655212402344
mimic,dro,42,25.37222222222222,47.47114181518555
mimic,dro,42,42.24361111111111,47.59898376464844
mimic,dro,42,43.49583333333334,44.66394805908203
mimic,dro,42,291.41111111111104,48.88312530517578
mimic,dro,42,45.1936111111111,39.20711898803711
mimic,dro,42,72.8338888888889,65.32941436767578
mimic,dro,42,96.82222222222222,57.678951263427734
mimic,dro,42,67.00055555555555,49.653499603271484
mimic,dro,42,120.61749999999999,58.66852951049805
mimic,dro,42,29.280555555555566,39.87042999267578
mimic,dro,42,164.75055555555556,57.450157165527344
mimic,dro,42,61.32000000000001,55.7266845703125
mimic,dro,42,72.0961111111111,47.72481918334961
mimic,dro,42,121.2202777777778,50.26313781738281
mimic,dro,42,43.27166666666667,42.35517501831055
mimic,dro,42,68.215,48.733604431152344
mimic,dro,42,79.33444444444444,46.31867218017578
mimic,dro,42,25.316111111111113,36.795127868652344
mimic,dro,42,26.882222222222225,40.99936294555664
mimic,dro,42,161.4077777777778,64.42939758300781
mimic,dro,42,119.28638888888888,59.16017532348633
mimic,dro,42,158.3188888888889,46.766719818115234
mimic,dro,42,58.53527777777779,48.8856086730957
mimic,dro,42,356.31444444444446,66.44087219238281
mimic,dro,42,178.01416666666665,54.401039123535156
mimic,dro,42,30.598611111111108,37.05695724487305
mimic,dro,42,54.73444444444445,46.398841857910156
mimic,dro,42,31.669166666666662,50.640750885009766
mimic,dro,42,112.36694444444444,55.542320251464844
mimic,dro,42,54.62861111111111,55.091121673583984
mimic,dro,42,179.28611111111113,49.63480758666992
mimic,dro,42,33.04166666666667,31.92117691040039
mimic,dro,42,33.394444444444446,45.77553176879883
mimic,dro,42,147.14222222222222,47.84755325317383
mimic,dro,42,69.14444444444445,45.81230545043945
mimic,dro,42,77.91305555555556,54.91585922241211
mimic,dro,42,73.6986111111111,45.955841064453125
mimic,dro,42,46.90138888888889,53.721900939941406
mimic,dro,42,27.91722222222222,52.900150299072266
mimic,dro,42,40.3575,42.657039642333984
mimic,dro,42,35.22694444444445,52.05485534667969
mimic,dro,42,80.17,56.03635025024414
mimic,dro,42,52.26777777777778,47.98701858520508
mimic,dro,42,212.00166666666667,63.376686096191406
mimic,dro,42,56.97861111111111,47.09691619873047
mimic,dro,42,57.474722222222226,56.7028694152832
mimic,dro,42,66.15472222222223,57.43844985961914
mimic,dro,42,122.79666666666667,69.17073059082031
mimic,dro,42,24.02361111111111,52.816287994384766
mimic,dro,42,28.592777777777776,53.892005920410156
mimic,dro,42,72.1175,54.43425750732422
mimic,dro,42,44.32361111111111,43.94742965698242
mimic,dro,42,28.60361111111111,52.15425491333008
mimic,dro,42,163.81,46.30927658081055
mimic,dro,42,48.04916666666668,57.38689422607422
mimic,dro,42,338.32888888888886,58.136329650878906
mimic,dro,42,39.562222222222225,50.49260330200195
mimic,dro,42,71.50194444444443,52.615577697753906
mimic,dro,42,26.145,56.67387771606445
mimic,dro,42,71.92972222222222,46.190731048583984
mimic,dro,42,26.464722222222225,27.053558349609375
mimic,dro,42,205.61694444444447,65.90959930419922
mimic,dro,42,80.64444444444445,47.60239028930664
mimic,dro,42,46.07333333333333,47.25263977050781
mimic,dro,42,522.2138888888888,49.07435989379883
mimic,dro,42,233.3852777777778,47.16665267944336
mimic,dro,42,24.820277777777775,42.49864959716797
mimic,dro,42,49.58166666666666,45.843666076660156
mimic,dro,42,37.44833333333333,54.50577926635742
mimic,dro,42,35.28888888888889,52.89764404296875
mimic,dro,42,28.652500000000003,48.52464294433594
mimic,dro,42,63.88111111111111,47.60664367675781
mimic,dro,42,376.0708333333333,59.81092834472656
mimic,dro,42,26.8375,27.26472282409668
mimic,dro,42,173.22833333333332,48.273681640625
mimic,dro,42,26.125,48.47282028198242
mimic,dro,42,455.5380555555555,61.92793655395508
mimic,dro,42,172.6197222222222,47.23224639892578
mimic,dro,42,26.80444444444445,36.9638671875
mimic,dro,42,135.81861111111112,54.85603332519531
mimic,dro,42,57.16638888888889,61.120792388916016
mimic,dro,42,77.64944444444444,53.669010162353516
mimic,dro,42,28.645555555555553,53.97507095336914
mimic,dro,42,55.665,47.971229553222656
mimic,dro,42,43.90138888888889,45.44905090332031
mimic,dro,42,108.0163888888889,47.84894943237305
mimic,dro,42,160.82638888888889,49.202003479003906
mimic,dro,42,45.465555555555554,46.541534423828125
mimic,dro,42,106.66194444444443,47.453346252441406
mimic,dro,42,24.430277777777782,26.518131256103516
mimic,dro,42,30.5525,42.113426208496094
mimic,dro,42,27.84916666666666,58.18163299560547
mimic,dro,42,141.11944444444447,46.94930648803711
mimic,dro,42,321.6769444444445,60.70441436767578
mimic,dro,42,242.0733333333333,55.323760986328125
mimic,dro,42,25.29972222222223,49.81592559814453
mimic,dro,42,46.755,43.70722579956055
mimic,dro,42,66.90222222222222,57.828697204589844
mimic,dro,42,30.580833333333338,52.44896697998047
mimic,dro,42,306.9902777777778,48.09566116333008
mimic,dro,42,97.00861111111111,48.1645622253418
mimic,dro,42,45.71111111111111,59.66788101196289
mimic,dro,42,26.101388888888888,37.05430603027344
mimic,dro,42,41.2,42.85591125488281
mimic,dro,42,34.028333333333336,38.76525115966797
mimic,dro,42,30.70527777777778,51.53091812133789
mimic,dro,42,41.26027777777778,42.56729507446289
mimic,dro,42,869.65,60.27667999267578
mimic,dro,42,48.80555555555556,65.16874694824219
mimic,dro,42,137.68,65.53643035888672
mimic,dro,42,428.8591666666666,61.27967834472656
mimic,dro,42,159.73083333333335,61.223487854003906
mimic,dro,42,52.69361111111111,49.24260711669922
mimic,dro,42,26.455000000000005,54.25651550292969
mimic,dro,42,88.98305555555557,47.318511962890625
mimic,dro,42,48.13111111111111,49.43730545043945
mimic,dro,42,46.56111111111111,44.00253677368164
mimic,dro,42,78.2988888888889,65.43710327148438
mimic,dro,42,56.33444444444444,55.10356140136719
mimic,dro,42,27.612777777777787,44.46243667602539
mimic,dro,42,118.7175,68.45763397216797
mimic,dro,42,37.27361111111111,36.85078430175781
mimic,dro,42,63.34777777777778,48.084320068359375
mimic,dro,42,99.78777777777776,48.18524169921875
mimic,dro,42,24.64638888888889,44.130645751953125
mimic,dro,42,146.10055555555556,56.49542236328125
mimic,dro,42,72.595,47.5458984375
mimic,dro,42,42.13027777777778,50.53632736206055
mimic,dro,42,99.21277777777777,56.25767135620117
mimic,dro,42,30.77805555555556,50.17904281616211
mimic,dro,42,50.04722222222222,50.09211730957031
mimic,dro,42,230.41527777777782,62.21909713745117
mimic,dro,42,43.45333333333334,46.41218948364258
mimic,dro,42,60.669444444444444,53.18464279174805
mimic,dro,42,97.32611111111112,57.632774353027344
mimic,dro,42,50.497777777777785,46.33206558227539
mimic,dro,42,31.30305555555556,51.5893669128418
mimic,dro,42,30.712777777777774,54.72804260253906
mimic,dro,42,38.07972222222222,38.91448974609375
mimic,dro,42,30.93888888888889,48.686492919921875
mimic,dro,42,70.37666666666667,49.5950813293457
mimic,dro,42,45.373333333333335,49.26649856567383
mimic,dro,42,25.06722222222222,49.2468376159668
mimic,dro,42,496.8844444444445,61.91548538208008
mimic,dro,42,45.775555555555556,48.207481384277344
mimic,dro,42,28.039722222222224,29.138336181640625
mimic,dro,42,136.44305555555556,52.09861373901367
mimic,dro,42,184.55888888888887,50.61394500732422
mimic,dro,42,91.19583333333334,53.58620071411133
mimic,dro,42,68.9186111111111,59.215511322021484
mimic,dro,42,58.463333333333324,48.080413818359375
mimic,dro,42,75.71111111111111,53.20806884765625
mimic,dro,42,194.80916666666667,50.23866271972656
mimic,dro,42,26.41777777777778,42.67170715332031
mimic,dro,42,691.0847222222222,48.241233825683594
mimic,dro,42,55.33361111111111,48.183860778808594
mimic,dro,42,233.0594444444444,65.20813751220703
mimic,dro,42,27.168333333333333,42.072914123535156
mimic,dro,42,70.35277777777777,54.61288833618164
mimic,dro,42,274.45916666666665,53.705413818359375
mimic,dro,42,287.415,63.79985046386719
mimic,dro,42,80.94972222222222,64.30693054199219
mimic,dro,42,93.37805555555556,50.81629943847656
mimic,dro,42,43.129444444444445,42.621299743652344
mimic,dro,42,92.58805555555556,52.65149688720703
mimic,dro,42,121.51972222222221,45.43647003173828
mimic,dro,42,113.56833333333333,59.949485778808594
mimic,dro,42,280.0238888888889,55.47129440307617
mimic,dro,42,54.999722222222225,45.99550247192383
mimic,dro,42,48.355,48.92914581298828
mimic,dro,42,92.18388888888887,50.20537185668945
mimic,dro,42,37.75416666666666,38.53147888183594
mimic,dro,42,73.6875,47.38002395629883
mimic,dro,42,83.63972222222222,50.02372741699219
mimic,dro,42,33.2175,55.88723373413086
mimic,dro,42,55.69444444444445,47.3106575012207
mimic,dro,42,96.96416666666667,47.979881286621094
mimic,dro,42,937.6744444444446,58.72366714477539
mimic,dro,42,37.599722222222226,38.379783630371094
mimic,dro,42,176.03722222222223,58.3348388671875
mimic,dro,42,41.92194444444445,44.09174346923828
mimic,dro,42,135.1575,57.16184616088867
mimic,dro,42,148.175,58.57133102416992
mimic,dro,42,40.309999999999995,49.38338851928711
mimic,dro,42,548.8733333333333,53.08844757080078
mimic,dro,42,218.93416666666667,59.38823699951172
mimic,dro,42,96.01750000000001,47.446556091308594
mimic,dro,42,34.66138888888889,35.89871597290039
mimic,dro,42,36.746944444444445,36.58196258544922
mimic,dro,42,53.55388888888889,46.128868103027344
mimic,dro,42,51.98083333333333,48.55928421020508
mimic,dro,42,30.734722222222224,51.67080307006836
mimic,dro,42,359.1019444444444,47.9000129699707
mimic,dro,42,29.458333333333336,40.3162841796875
mimic,dro,42,43.92916666666667,46.435672760009766
mimic,dro,42,50.28527777777779,48.41954803466797
mimic,dro,42,165.4613888888889,52.464569091796875
mimic,dro,42,41.89722222222221,44.592323303222656
mimic,dro,42,66.27222222222223,54.534423828125
mimic,dro,42,69.31472222222222,48.12825012207031
mimic,dro,42,50.28999999999999,47.36594009399414
mimic,dro,42,62.472222222222214,60.59770202636719
mimic,dro,42,57.0775,48.3394775390625
mimic,dro,42,55.29333333333334,46.4669189453125
mimic,dro,42,31.446111111111108,49.18052673339844
mimic,dro,42,53.17888888888889,49.58627700805664
mimic,dro,42,211.735,48.725257873535156
mimic,dro,42,75.11222222222221,63.98247528076172
mimic,dro,42,25.420277777777777,27.946096420288086
mimic,dro,42,33.19694444444444,51.663822174072266
mimic,dro,42,102.75888888888889,58.64870071411133
mimic,dro,42,29.099999999999998,30.017053604125977
mimic,dro,42,39.54277777777778,38.981483459472656
mimic,dro,42,62.4736111111111,49.998565673828125
mimic,dro,42,315.8852777777778,65.5674057006836
mimic,dro,42,49.14194444444444,46.519344329833984
mimic,dro,42,36.73527777777778,36.67742919921875
mimic,dro,42,73.0188888888889,45.78626251220703
mimic,dro,42,27.050833333333333,44.003028869628906
mimic,dro,42,44.727499999999985,48.26961898803711
mimic,dro,42,31.03388888888889,40.97404479980469
mimic,dro,42,71.99833333333335,50.43912887573242
mimic,dro,42,27.536666666666665,39.726932525634766
mimic,dro,42,59.81527777777778,49.30881118774414
mimic,dro,42,45.828611111111115,48.073402404785156
mimic,dro,42,26.47138888888889,51.964969635009766
mimic,dro,42,31.026666666666667,52.1002082824707
mimic,dro,42,24.33416666666667,37.15292739868164
mimic,dro,42,26.82277777777778,51.90066909790039
mimic,dro,42,51.810833333333335,46.25994110107422
mimic,dro,42,51.68805555555556,48.093017578125
mimic,dro,42,102.90583333333333,48.462276458740234
mimic,dro,42,123.15583333333333,49.76768112182617
mimic,dro,42,46.88888888888889,48.396270751953125
mimic,dro,42,55.02888888888889,50.452205657958984
mimic,dro,42,28.772777777777776,52.10554885864258
mimic,dro,42,149.29611111111112,46.38460159301758
mimic,dro,42,146.85972222222222,69.096923828125
mimic,dro,42,46.75888888888889,48.954463958740234
mimic,dro,42,43.36527777777778,44.800621032714844
mimic,dro,42,93.75583333333334,48.63199234008789
mimic,dro,42,73.2875,49.716346740722656
mimic,dro,42,60.826388888888886,48.20729446411133
mimic,dro,42,53.757222222222225,52.970218658447266
mimic,dro,42,690.143611111111,67.3776626586914
mimic,dro,42,65.24,60.76405334472656
mimic,dro,42,122.32222222222222,55.45912170410156
mimic,dro,42,106.24694444444445,59.57278060913086
mimic,dro,42,44.95611111111111,50.06142807006836
mimic,dro,42,83.31444444444443,53.3232421875
mimic,dro,42,58.816944444444445,47.76155090332031
mimic,dro,42,76.59583333333335,52.04079055786133
mimic,dro,42,373.3752777777778,65.02153778076172
mimic,dro,42,41.96,41.22475814819336
mimic,dro,42,76.15138888888889,46.875675201416016
mimic,dro,42,55.81777777777778,57.248023986816406
mimic,dro,42,51.5313888888889,50.15795135498047
mimic,dro,42,165.36583333333334,49.180931091308594
mimic,dro,42,78.75222222222223,56.48226547241211
mimic,dro,42,64.08138888888888,52.5172004699707
mimic,dro,42,906.1302777777778,47.10567855834961
mimic,dro,42,45.00666666666666,58.673336029052734
mimic,dro,42,957.3141666666667,60.22212219238281
mimic,dro,42,24.747777777777785,51.96760940551758
mimic,dro,42,47.61861111111111,59.353546142578125
mimic,dro,42,62.19361111111111,48.082462310791016
mimic,dro,42,67.42027777777778,49.055667877197266
mimic,dro,42,32.772222222222226,30.249876022338867
mimic,dro,42,71.28444444444445,46.11409378051758
mimic,dro,42,79.04055555555554,66.06013488769531
mimic,dro,42,83.4125,57.6241340637207
mimic,dro,42,126.29638888888888,48.13866424560547
mimic,dro,42,38.00444444444444,54.32857131958008
mimic,dro,42,54.07138888888889,46.64222717285156
mimic,dro,42,40.71972222222222,42.201133728027344
mimic,dro,42,24.592777777777776,52.076942443847656
mimic,dro,42,105.03888888888889,48.35378646850586
mimic,dro,42,63.856944444444444,50.38594436645508
mimic,dro,42,50.59277777777778,48.250709533691406
mimic,dro,42,50.60611111111112,56.32312774658203
mimic,dro,42,44.35222222222223,48.597808837890625
mimic,dro,42,49.20222222222223,56.654930114746094
mimic,dro,42,25.374166666666667,35.84305191040039
mimic,dro,42,35.999722222222225,37.291297912597656
mimic,dro,42,93.83277777777778,56.242767333984375
mimic,dro,42,52.393333333333345,47.33415985107422
mimic,dro,42,131.085,50.27859878540039
mimic,dro,42,135.905,47.33676528930664
mimic,dro,42,66.5925,50.52288818359375
mimic,dro,42,24.636666666666663,41.898658752441406
mimic,dro,42,119.9111111111111,49.00593948364258
mimic,dro,42,27.781666666666666,50.36069869995117
mimic,dro,42,73.475,49.32758712768555
mimic,dro,42,49.59222222222222,48.65563201904297
mimic,dro,42,75.40555555555557,47.318939208984375
mimic,dro,42,51.638333333333335,53.869319915771484
mimic,dro,42,29.431944444444447,41.08152389526367
mimic,dro,42,278.1622222222222,57.7803840637207
mimic,dro,42,91.7377777777778,56.651248931884766
mimic,dro,42,263.4066666666667,46.73373031616211
mimic,dro,42,164.94527777777776,47.570289611816406
mimic,dro,42,70.34555555555556,50.56031799316406
mimic,dro,42,53.97472222222222,49.172054290771484
mimic,dro,42,211.045,52.30915451049805
mimic,dro,42,79.88388888888889,53.65501403808594
mimic,dro,42,67.57694444444444,49.49125289916992
mimic,dro,42,59.424166666666665,49.95726776123047
mimic,dro,42,53.46333333333334,47.63561248779297
mimic,dro,42,50.30916666666666,66.9749755859375
mimic,dro,42,42.747777777777785,41.462242126464844
mimic,dro,42,90.02222222222221,56.29069137573242
mimic,dro,42,99.53305555555555,61.29241943359375
mimic,dro,42,240.20027777777779,60.54241943359375
mimic,dro,42,72.10444444444445,47.49412155151367
mimic,dro,42,84.66638888888889,59.0659294128418
mimic,dro,42,94.22944444444445,54.29686737060547
mimic,dro,42,50.06638888888889,60.264644622802734
mimic,dro,42,25.105000000000004,51.15713882446289
mimic,dro,42,25.211388888888887,26.129547119140625
mimic,dro,42,266.9175,45.095802307128906
mimic,dro,42,55.867777777777775,46.20515823364258
mimic,dro,42,243.3727777777778,59.35939025878906
mimic,dro,42,63.811388888888885,47.07585525512695
mimic,dro,42,41.068333333333335,45.49871063232422
mimic,dro,42,29.812777777777775,57.33076477050781
mimic,dro,42,24.22222222222222,27.360239028930664
mimic,dro,42,35.70055555555555,33.020076751708984
mimic,dro,42,31.686944444444446,29.737802505493164
mimic,dro,42,25.11638888888889,49.20468521118164
mimic,dro,42,109.79138888888889,60.69514465332031
mimic,dro,42,48.72527777777778,48.053775787353516
mimic,dro,42,42.07805555555555,44.7406120300293
mimic,dro,42,49.38138888888889,50.99419403076172
mimic,dro,42,81.33,49.65652847290039
mimic,dro,42,61.561388888888885,56.00603103637695
mimic,dro,42,51.50083333333334,44.163936614990234
mimic,dro,42,28.223055555555554,40.44308853149414
mimic,dro,42,97.7161111111111,65.96717834472656
mimic,dro,42,166.4977777777778,58.6196403503418
mimic,dro,42,26.739166666666666,37.9801139831543
mimic,dro,42,106.86555555555555,47.227325439453125
mimic,dro,42,75.38277777777778,51.730560302734375
mimic,dro,42,28.07888888888889,52.84305953979492
mimic,dro,42,29.81388888888889,50.77519226074219
mimic,dro,42,226.46999999999997,44.054325103759766
mimic,dro,42,339.8283333333333,48.558021545410156
mimic,dro,42,116.08638888888889,54.2719841003418
mimic,dro,42,28.975000000000005,35.6710319519043
mimic,dro,42,25.910833333333336,45.67414855957031
mimic,dro,42,157.72611111111112,56.88450622558594
mimic,dro,42,53.19888888888889,49.12185287475586
mimic,dro,42,163.2736111111111,50.895896911621094
mimic,dro,42,28.539166666666667,52.315406799316406
mimic,dro,42,26.60138888888889,50.233455657958984
mimic,dro,42,34.638333333333335,35.369895935058594
mimic,dro,42,48.58694444444444,47.18605422973633
mimic,dro,42,59.41083333333333,48.42599105834961
mimic,dro,42,97.61666666666667,53.071956634521484
mimic,dro,42,92.88805555555555,57.611053466796875
mimic,dro,42,55.991944444444435,54.4061393737793
mimic,dro,42,192.3522222222222,49.13551330566406
mimic,dro,42,63.856944444444444,49.46036148071289
mimic,dro,42,395.4322222222222,65.41337585449219
mimic,dro,42,223.0,55.197593688964844
mimic,dro,42,100.16083333333333,60.057987213134766
mimic,dro,42,476.59777777777776,44.9406852722168
mimic,dro,42,141.51555555555558,62.7780647277832
mimic,dro,42,83.57944444444445,49.90228271484375
mimic,dro,42,32.45444444444445,32.95314407348633
mimic,dro,42,33.00944444444444,53.39302062988281
mimic,dro,42,197.45749999999998,60.55230712890625
mimic,dro,42,30.80166666666667,47.9717903137207
mimic,dro,42,30.513055555555557,32.43708038330078
mimic,dro,42,26.366944444444446,50.70469284057617
mimic,dro,42,98.44083333333333,61.552391052246094
mimic,dro,42,423.5305555555555,63.263938903808594
mimic,dro,42,97.55444444444444,46.84291458129883
mimic,dro,42,64.29861111111111,53.425994873046875
mimic,dro,42,193.39833333333337,48.01028823852539
mimic,dro,42,48.480277777777786,49.66398239135742
mimic,dro,42,66.83083333333335,49.54878234863281
mimic,dro,42,26.936111111111114,40.729122161865234
mimic,dro,42,24.200833333333335,26.968303680419922
mimic,dro,42,66.7825,50.10567855834961
mimic,dro,42,47.40416666666667,47.393680572509766
mimic,dro,42,279.64916666666664,49.296207427978516
mimic,dro,42,26.333055555555564,39.92829132080078
mimic,dro,42,101.35083333333334,55.801795959472656
mimic,dro,42,29.087222222222223,42.74140167236328
mimic,dro,42,292.38166666666666,51.01268005371094
mimic,dro,42,133.94,49.17473602294922
mimic,dro,42,37.26861111111111,36.84040832519531
mimic,dro,42,26.660555555555554,50.402854919433594
mimic,dro,42,35.662222222222226,36.407249450683594
mimic,dro,42,246.58722222222218,50.094322204589844
mimic,dro,42,29.898888888888887,29.939311981201172
mimic,dro,42,46.28111111111111,48.932098388671875
mimic,dro,42,37.92055555555555,48.34499740600586
mimic,dro,42,26.7725,48.97267532348633
mimic,dro,42,156.02277777777778,56.4432487487793
mimic,dro,42,25.054444444444446,52.86981964111328
mimic,dro,42,111.89944444444444,66.03497314453125
mimic,dro,42,49.338055555555556,47.5882453918457
mimic,dro,42,167.33166666666665,47.7188720703125
mimic,dro,42,46.06555555555555,49.452362060546875
mimic,dro,42,43.48416666666666,42.22129440307617
mimic,dro,42,470.2322222222221,47.80692672729492
mimic,dro,42,40.55222222222223,42.53196334838867
mimic,dro,42,28.15638888888889,51.148746490478516
mimic,dro,42,25.780555555555555,49.58902359008789
mimic,dro,42,29.559444444444445,47.55469512939453
mimic,dro,42,231.28722222222223,57.65430450439453
mimic,dro,42,56.24777777777777,46.294063568115234
mimic,dro,42,29.26361111111111,52.59029769897461
mimic,dro,42,67.17555555555555,44.400123596191406
mimic,dro,42,87.91444444444444,49.184017181396484
mimic,dro,42,36.45055555555555,36.21332931518555
mimic,dro,42,122.62583333333333,66.10738372802734
mimic,dro,42,67.1563888888889,45.38581466674805
mimic,dro,42,263.80444444444447,50.98927307128906
mimic,dro,42,87.31055555555557,47.193912506103516
mimic,dro,42,26.157222222222224,27.250932693481445
mimic,dro,42,96.74333333333334,47.71152877807617
mimic,dro,42,92.44111111111111,44.78133010864258
mimic,dro,42,26.759999999999998,45.36418914794922
mimic,dro,42,32.33416666666667,49.16762924194336
mimic,dro,42,47.096111111111114,48.53850555419922
mimic,dro,42,161.67472222222221,48.64296340942383
mimic,dro,42,73.95722222222221,48.86186218261719
mimic,dro,42,27.370833333333337,27.90719223022461
mimic,dro,42,251.77499999999998,63.74382019042969
mimic,dro,42,28.401944444444446,50.15706253051758
mimic,dro,42,24.291944444444447,39.12969207763672
mimic,dro,42,178.42777777777778,67.85575103759766
mimic,dro,42,124.245,58.25657653808594
mimic,dro,42,99.09583333333333,58.963966369628906
mimic,dro,42,69.10777777777778,51.84468460083008
mimic,dro,42,42.22361111111111,43.673343658447266
mimic,dro,42,48.44583333333334,51.75925827026367
mimic,dro,42,40.06027777777778,46.767723083496094
mimic,dro,42,69.22166666666666,47.47134780883789
mimic,dro,42,375.28666666666663,48.737220764160156
mimic,dro,42,311.62333333333333,53.165645599365234
mimic,dro,42,40.63666666666667,38.94182205200195
mimic,dro,42,316.6319444444444,53.61387634277344
mimic,dro,42,116.76888888888888,49.63148880004883
mimic,dro,42,72.76555555555557,50.293785095214844
mimic,dro,42,231.62222222222215,48.52000045776367
mimic,dro,42,577.6655555555556,47.17314147949219
mimic,dro,42,38.549166666666665,38.525184631347656
mimic,dro,42,47.94916666666667,47.123779296875
mimic,dro,42,27.566944444444445,42.358154296875
mimic,dro,42,81.79472222222222,53.927120208740234
mimic,dro,42,44.82138888888889,49.23066711425781
mimic,dro,42,54.11611111111111,53.58011245727539
mimic,dro,42,81.57722222222222,54.312400817871094
mimic,dro,42,70.88583333333334,53.55856704711914
mimic,dro,42,32.22527777777778,46.780914306640625
mimic,dro,42,123.08472222222223,54.21795654296875
mimic,dro,42,53.150555555555556,54.505035400390625
mimic,dro,42,73.14527777777778,46.89576721191406
mimic,dro,42,59.0025,53.14658737182617
mimic,dro,42,58.71388888888889,46.940128326416016
mimic,dro,42,314.9236111111111,54.29265213012695
mimic,dro,42,56.14361111111111,47.6519889831543
mimic,dro,42,398.8966666666667,49.39493179321289
mimic,dro,42,55.535,55.812740325927734
mimic,dro,42,145.97416666666666,63.18853759765625
mimic,dro,42,242.54472222222222,51.152225494384766
mimic,dro,42,136.35250000000002,46.9511604309082
mimic,dro,42,28.310277777777785,36.34886932373047
mimic,dro,42,115.25,48.63431167602539
mimic,dro,42,44.897777777777776,45.364376068115234
mimic,dro,42,168.9327777777778,61.32070541381836
mimic,dro,42,66.62583333333333,48.59048843383789
mimic,dro,42,44.03555555555556,50.157928466796875
mimic,dro,42,359.7355555555555,48.49725341796875
mimic,dro,42,593.4300000000001,48.23592758178711
mimic,dro,42,100.26111111111112,56.62186813354492
mimic,dro,42,74.9036111111111,46.21946334838867
mimic,dro,42,45.55888888888889,49.06011962890625
mimic,dro,42,204.89333333333335,48.73521423339844
mimic,dro,42,92.88222222222221,56.84369659423828
mimic,dro,42,46.129444444444445,48.708412170410156
mimic,dro,42,26.733888888888888,28.325077056884766
mimic,dro,42,28.766111111111112,51.51762008666992
mimic,dro,42,82.12722222222223,43.18387222290039
mimic,dro,42,36.05555555555556,37.07245635986328
mimic,dro,42,180.28555555555553,53.43273162841797
mimic,dro,42,35.989999999999995,33.04513931274414
mimic,dro,42,93.99083333333333,47.45826721191406
mimic,dro,42,146.97583333333333,60.586246490478516
mimic,dro,42,25.351666666666667,44.06755828857422
mimic,dro,42,107.99222222222222,47.8984260559082
mimic,dro,42,66.72444444444444,48.425086975097656
mimic,dro,42,230.93972222222223,64.09346771240234
mimic,dro,42,49.83083333333333,46.35422134399414
mimic,dro,42,54.33527777777779,47.79695510864258
mimic,dro,42,70.28361111111111,55.477325439453125
mimic,dro,42,380.16805555555555,49.2435302734375
mimic,dro,42,402.9366666666667,49.211639404296875
mimic,dro,42,624.603611111111,47.6199951171875
mimic,dro,42,28.734444444444446,37.27542495727539
mimic,dro,42,25.506388888888893,50.41719436645508
mimic,dro,42,419.23611111111114,61.76033401489258
mimic,dro,42,105.14111111111112,57.622711181640625
mimic,dro,42,98.4375,70.05122375488281
mimic,dro,42,44.69444444444444,43.75472640991211
mimic,dro,42,32.13583333333334,31.683311462402344
mimic,dro,42,269.90694444444443,47.92873764038086
mimic,dro,42,31.537499999999998,32.35723114013672
mimic,dro,42,77.02944444444444,49.28002166748047
mimic,dro,42,27.169444444444444,51.31135177612305
mimic,dro,42,225.61833333333334,45.984230041503906
mimic,dro,42,89.56138888888889,63.46179962158203
mimic,dro,42,39.138333333333335,40.692176818847656
mimic,dro,42,47.74972222222222,49.71326446533203
mimic,dro,42,91.26444444444444,48.49224090576172
mimic,dro,42,141.7311111111111,57.857540130615234
mimic,dro,42,61.60083333333333,57.36137008666992
mimic,dro,42,96.73055555555555,48.04153060913086
mimic,dro,42,354.61611111111114,48.763671875
mimic,dro,42,33.897222222222226,49.82887649536133
mimic,dro,42,56.99472222222222,48.15518569946289
mimic,dro,42,64.24472222222222,51.47969436645508
mimic,dro,42,30.56861111111111,53.42975997924805
mimic,dro,42,557.4391666666668,48.171382904052734
mimic,dro,42,53.285555555555554,51.55262756347656
mimic,dro,42,151.08749999999998,48.794315338134766
mimic,dro,42,27.91777777777778,47.028438568115234
mimic,dro,42,78.16527777777779,54.30388259887695
mimic,dro,42,256.4316666666667,48.23921585083008
mimic,dro,42,59.41027777777778,58.02493667602539
mimic,dro,42,38.83888888888889,39.07644271850586
mimic,dro,42,44.85611111111111,45.518272399902344
mimic,dro,42,167.95916666666668,50.47563934326172
mimic,dro,42,84.66527777777779,48.59663772583008
mimic,dro,42,36.533055555555556,54.5467643737793
mimic,dro,42,46.42916666666667,47.87180709838867
mimic,dro,42,37.969722222222224,51.089447021484375
mimic,dro,42,192.80027777777778,61.162574768066406
mimic,dro,42,59.770555555555546,49.293724060058594
mimic,dro,42,197.2475,52.59907913208008
mimic,dro,42,44.989999999999995,45.154754638671875
mimic,dro,42,31.250555555555557,47.0429573059082
mimic,dro,42,63.178611111111096,61.62580871582031
mimic,dro,42,49.83055555555555,49.12101745605469
mimic,dro,42,59.794999999999995,48.95610427856445
mimic,dro,42,52.26388888888889,57.50519943237305
mimic,dro,42,42.87166666666666,38.802574157714844
mimic,dro,42,50.86361111111111,48.382904052734375
mimic,dro,42,119.00166666666667,48.15846633911133
mimic,dro,42,86.72527777777778,60.7606086730957
mimic,dro,42,31.759999999999998,52.346839904785156
mimic,dro,42,40.62083333333334,47.64168930053711
mimic,dro,42,52.73194444444445,46.765968322753906
mimic,dro,42,25.12361111111111,25.994388580322266
mimic,dro,42,118.49416666666666,57.331825256347656
mimic,dro,42,554.5699999999999,49.078697204589844
mimic,dro,42,41.10027777777778,39.27042770385742
mimic,dro,42,43.37305555555555,50.31367492675781
mimic,dro,42,31.99972222222222,32.849510192871094
mimic,dro,42,28.072777777777777,41.393436431884766
mimic,dro,42,39.611111111111114,38.639827728271484
mimic,dro,42,56.42166666666667,55.02288055419922
mimic,dro,42,30.027222222222225,50.29146194458008
mimic,dro,42,286.91305555555556,55.42001724243164
mimic,dro,42,51.72888888888889,48.902870178222656
mimic,dro,42,24.77388888888889,52.56795883178711
mimic,dro,42,24.392777777777777,51.95554733276367
mimic,dro,42,75.70972222222224,50.47551727294922
mimic,dro,42,71.25722222222223,55.10979461669922
mimic,dro,42,27.116666666666667,51.87348175048828
mimic,dro,42,52.60388888888889,49.514503479003906
mimic,dro,42,27.158333333333324,58.3834114074707
mimic,dro,42,29.881388888888885,28.475656509399414
mimic,dro,42,47.067499999999995,45.453712463378906
mimic,dro,42,74.08555555555556,47.541927337646484
mimic,dro,42,69.26472222222223,48.678829193115234
mimic,dro,42,170.73916666666665,52.876922607421875
mimic,dro,42,27.805833333333332,49.276302337646484
mimic,dro,42,94.22666666666666,63.488121032714844
mimic,dro,42,43.844722222222224,45.86914825439453
mimic,dro,42,27.862222222222222,51.870849609375
mimic,dro,42,105.89722222222224,57.062477111816406
mimic,dro,42,38.855,39.8053092956543
mimic,dro,42,188.1436111111111,48.452205657958984
mimic,dro,42,84.91333333333336,59.926937103271484
mimic,dro,42,29.434999999999995,54.84575271606445
mimic,dro,42,386.26388888888886,47.849998474121094
mimic,dro,42,54.32388888888889,50.76158905029297
mimic,dro,42,63.465555555555554,47.045204162597656
mimic,dro,42,268.3594444444444,45.01156234741211
mimic,dro,42,47.63861111111111,48.929969787597656
mimic,dro,42,43.50472222222223,44.37586212158203
mimic,dro,42,101.9136111111111,49.44163513183594
mimic,dro,42,101.08611111111111,44.99332046508789
mimic,dro,42,239.93944444444446,48.66453552246094
mimic,dro,42,103.62916666666666,54.909488677978516
mimic,dro,42,26.901944444444446,50.78050994873047
mimic,dro,42,60.18833333333333,69.74773406982422
mimic,dro,42,187.44138888888887,53.88410186767578
mimic,dro,42,131.85277777777776,49.52222442626953
mimic,dro,42,43.32194444444444,48.52151107788086
mimic,dro,42,47.97222222222223,50.33723068237305
mimic,dro,42,80.73305555555555,54.111053466796875
mimic,dro,42,49.38722222222222,49.0731086730957
mimic,dro,42,29.688611111111108,46.691322326660156
mimic,dro,42,31.262222222222213,50.77668380737305
mimic,dro,42,69.97972222222222,54.09844207763672
mimic,dro,42,27.759722222222223,39.857879638671875
mimic,dro,42,75.85277777777779,47.558494567871094
mimic,dro,42,142.3961111111111,49.79947280883789
mimic,dro,42,54.70555555555555,48.07476043701172
mimic,dro,42,233.7986111111111,63.25811767578125
mimic,dro,42,33.11222222222222,31.775161743164062
mimic,dro,42,61.097500000000004,54.23994445800781
mimic,dro,42,37.56777777777778,48.94145965576172
mimic,dro,42,50.62166666666667,47.229278564453125
mimic,dro,42,51.77611111111112,47.781612396240234
mimic,dro,42,67.70222222222222,44.68971252441406
mimic,dro,42,43.65277777777778,56.27375411987305
mimic,dro,42,46.47388888888889,50.17668914794922
mimic,dro,42,118.46166666666667,46.369625091552734
mimic,dro,42,32.905,43.245426177978516
mimic,dro,42,190.76333333333335,66.64677429199219
mimic,dro,42,136.55972222222223,48.38311767578125
mimic,dro,42,78.80305555555556,48.548133850097656
mimic,dro,42,55.72694444444444,66.30369567871094
mimic,dro,42,28.845833333333324,49.16015625
mimic,dro,42,64.46111111111111,48.44856262207031
mimic,dro,42,45.86388888888889,43.44387435913086
mimic,dro,42,54.430833333333325,55.45640182495117
mimic,dro,42,138.63694444444445,60.716888427734375
mimic,dro,42,136.78583333333336,57.37044143676758
mimic,dro,42,52.16944444444445,58.12764358520508
mimic,dro,42,29.887777777777778,49.13942337036133
mimic,dro,42,66.51472222222222,49.3950309753418
mimic,dro,42,38.33749999999999,35.99863052368164
mimic,dro,42,89.48305555555555,46.9367790222168
mimic,dro,42,39.747499999999995,37.27813720703125
mimic,dro,42,383.2041666666666,60.84011459350586
mimic,dro,42,263.1788888888889,68.8753662109375
mimic,dro,42,36.42444444444445,37.3963737487793
mimic,dro,42,30.705555555555556,36.916259765625
mimic,dro,42,52.8286111111111,52.343406677246094
mimic,dro,42,59.00972222222222,47.84494400024414
mimic,dro,42,42.416111111111114,43.578372955322266
mimic,dro,42,46.036111111111104,48.7987060546875
mimic,dro,42,50.01833333333333,48.61670684814453
mimic,dro,42,74.5411111111111,56.33250427246094
mimic,dro,42,43.30638888888889,46.606117248535156
mimic,dro,42,117.06666666666668,60.26803207397461
mimic,dro,42,64.18583333333333,47.72415542602539
mimic,dro,42,42.01833333333334,52.90098571777344
mimic,dro,42,85.66555555555556,49.44792556762695
mimic,dro,42,72.1225,48.36720275878906
mimic,dro,42,71.53055555555555,48.62112045288086
mimic,dro,42,67.29916666666666,63.5712890625
mimic,dro,42,91.70972222222221,54.806358337402344
mimic,dro,42,44.28527777777778,49.37161636352539
mimic,dro,42,123.6577777777778,47.3067626953125
mimic,dro,42,57.87361111111112,49.977996826171875
mimic,dro,42,41.213611111111106,38.109397888183594
mimic,dro,42,28.968888888888884,52.978416442871094
mimic,dro,42,139.84333333333333,49.64602279663086
mimic,dro,42,42.98388888888889,44.55813980102539
mimic,dro,42,136.69666666666666,46.99245071411133
mimic,dro,42,91.62444444444445,55.69026184082031
mimic,dro,42,94.59944444444444,48.56819534301758
mimic,dro,42,61.720555555555556,51.804988861083984
mimic,dro,42,50.546388888888885,47.11095428466797
mimic,dro,42,64.90722222222222,49.64209747314453
mimic,dro,42,47.626111111111115,48.65682601928711
mimic,dro,42,206.4525,48.5587043762207
mimic,dro,42,51.045833333333334,46.52593994140625
mimic,dro,42,340.39916666666664,59.59247970581055
mimic,dro,42,35.79083333333334,46.47135543823242
mimic,dro,42,115.98277777777777,48.20845413208008
mimic,dro,42,47.92194444444445,49.738494873046875
mimic,dro,42,210.36611111111114,54.2593879699707
mimic,dro,42,26.096944444444446,48.79509735107422
mimic,dro,42,100.65472222222223,68.19818878173828
mimic,dro,42,56.1363888888889,47.85976028442383
mimic,dro,42,45.28555555555555,51.73936080932617
mimic,dro,42,26.4075,26.541458129882812
mimic,dro,42,41.14972222222222,47.0794677734375
mimic,dro,42,186.75305555555553,61.34659194946289
mimic,dro,42,29.059999999999995,48.629615783691406
mimic,dro,42,169.57972222222222,56.44864273071289
mimic,dro,42,148.05888888888887,56.0823860168457
mimic,dro,42,44.76472222222223,47.83512878417969
mimic,dro,42,77.13138888888889,56.45050811767578
mimic,dro,42,88.94416666666666,59.41597366333008
mimic,dro,42,76.88666666666666,46.262149810791016
mimic,dro,42,26.09583333333333,27.259675979614258
mimic,dro,42,281.8725,48.41154861450195
mimic,dro,42,36.50277777777778,48.58280563354492
mimic,dro,42,44.38055555555555,48.1288948059082
mimic,dro,42,46.88888888888889,46.087860107421875
mimic,dro,42,54.43555555555555,45.917381286621094
mimic,dro,42,95.44222222222223,65.0780029296875
mimic,dro,42,33.136944444444445,34.48557662963867
mimic,dro,42,24.607222222222227,47.27035903930664
mimic,dro,42,52.111111111111114,47.81295394897461
mimic,dro,42,147.4636111111111,48.898433685302734
mimic,dro,42,318.8194444444445,56.885555267333984
mimic,dro,42,70.34416666666667,49.17393493652344
mimic,dro,42,315.4713888888889,63.19609832763672
mimic,dro,42,55.11361111111111,47.103912353515625
mimic,dro,42,50.13972222222223,48.43999481201172
mimic,dro,42,49.32944444444444,49.68217849731445
mimic,dro,42,51.22277777777779,46.20999526977539
mimic,dro,42,127.18388888888887,46.173431396484375
mimic,dro,42,24.121944444444445,41.94190216064453
mimic,dro,42,84.42055555555555,52.86701965332031
mimic,dro,42,242.14777777777775,59.54447937011719
mimic,dro,42,50.542777777777786,47.64783477783203
mimic,dro,42,30.661388888888894,53.27961349487305
mimic,dro,42,40.89666666666666,41.64028549194336
mimic,dro,42,91.57638888888887,46.53202438354492
mimic,dro,42,38.61722222222222,51.54731750488281
mimic,dro,42,35.92111111111111,36.83938980102539
mimic,dro,42,45.765,48.224308013916016
mimic,dro,42,80.11416666666668,46.574462890625
mimic,dro,42,303.25111111111113,46.95815658569336
mimic,dro,42,48.27194444444444,58.12696838378906
mimic,dro,42,94.96416666666667,48.07919692993164
mimic,dro,42,25.999166666666667,34.39700698852539
mimic,dro,42,24.396388888888886,52.1417236328125
mimic,dro,42,28.083611111111114,30.418136596679688
mimic,dro,42,30.700000000000003,51.66120910644531
mimic,dro,42,47.42305555555555,48.85331726074219
mimic,dro,42,32.0375,48.964561462402344
mimic,dro,42,51.34166666666666,46.14107131958008
mimic,dro,42,120.78527777777776,48.24252700805664
mimic,dro,42,136.0063888888889,55.3825569152832
mimic,dro,42,29.02777777777778,47.91969680786133
mimic,dro,42,79.80027777777778,47.45034408569336
mimic,dro,42,42.92027777777778,49.72385787963867
mimic,dro,42,56.23972222222223,48.147674560546875
mimic,dro,42,47.021944444444436,47.870548248291016
mimic,dro,42,95.02777777777779,56.910152435302734
mimic,dro,42,250.48861111111108,66.32475280761719
mimic,dro,42,94.62361111111112,48.44120788574219
mimic,dro,42,44.40472222222222,47.582603454589844
mimic,dro,42,296.0761111111111,60.11455535888672
mimic,dro,42,76.17249999999999,47.85830307006836
mimic,dro,42,40.3525,38.95576477050781
mimic,dro,42,36.54555555555555,37.147090911865234
mimic,dro,42,32.75333333333333,50.578514099121094
mimic,dro,42,103.44611111111112,70.53667449951172
mimic,dro,42,96.16083333333333,46.950130462646484
mimic,dro,42,127.54333333333332,55.385887145996094
mimic,dro,42,164.24805555555554,48.52836227416992
mimic,dro,42,89.1075,50.05804443359375
mimic,dro,42,62.24388888888889,46.63874816894531
mimic,dro,42,34.92166666666667,47.04985427856445
mimic,dro,42,25.996111111111116,43.988887786865234
mimic,dro,42,215.76555555555558,61.15134048461914
mimic,dro,42,50.31666666666666,50.767982482910156
mimic,dro,42,32.88194444444444,31.696319580078125
mimic,dro,42,26.876388888888886,51.23509216308594
mimic,dro,42,53.06361111111111,46.644168853759766
mimic,dro,42,26.65888888888889,46.285987854003906
mimic,dro,42,77.07305555555556,48.813026428222656
mimic,dro,42,99.42583333333334,48.210296630859375
mimic,dro,42,42.28944444444444,44.43549728393555
mimic,dro,42,70.24277777777779,48.291908264160156
mimic,dro,42,42.95388888888888,45.294708251953125
mimic,dro,42,107.50583333333333,49.07279586791992
mimic,dro,42,265.5058333333333,71.71665954589844
mimic,dro,42,37.772777777777776,39.48656463623047
mimic,dro,42,477.0244444444445,58.48521041870117
mimic,dro,42,116.21722222222223,50.2331657409668
mimic,dro,42,30.884444444444448,28.598012924194336
mimic,dro,42,57.195833333333326,49.49160385131836
mimic,dro,42,36.67944444444444,50.231468200683594
mimic,dro,42,44.093055555555566,47.52354049682617
mimic,dro,42,76.55722222222222,47.94308853149414
mimic,dro,42,136.43527777777777,48.776912689208984
mimic,dro,42,560.5894444444444,47.48179626464844
mimic,dro,42,86.29277777777779,63.02527618408203
mimic,dro,42,25.002499999999994,46.15896987915039
mimic,dro,42,29.92388888888889,49.58076477050781
mimic,dro,42,171.4925,49.71120834350586
mimic,dro,42,117.07138888888889,47.16425323486328
mimic,dro,42,68.08805555555556,59.26919937133789
mimic,dro,42,71.38361111111112,48.783653259277344
mimic,dro,42,29.03027777777778,60.197547912597656
mimic,dro,42,53.98138888888889,59.62895584106445
mimic,dro,42,26.629444444444445,52.98783874511719
mimic,dro,42,42.150555555555556,46.215782165527344
mimic,dro,42,27.465555555555557,42.420066833496094
mimic,dro,42,26.895,45.55997085571289
mimic,dro,42,31.319166666666668,51.7718505859375
mimic,dro,42,30.53027777777778,50.75326156616211
mimic,dro,42,49.325,48.32558822631836
mimic,dro,42,75.60999999999999,48.133766174316406
mimic,dro,42,38.25194444444445,38.63615036010742
mimic,dro,42,169.96833333333333,47.62553787231445
mimic,dro,42,634.4172222222222,55.410362243652344
mimic,dro,42,25.20388888888889,40.73564910888672
mimic,dro,42,24.626944444444447,44.51069641113281
mimic,dro,42,34.71083333333333,34.8860969543457
mimic,dro,42,42.23222222222222,48.61385726928711
mimic,dro,42,41.466944444444444,44.63726043701172
mimic,dro,42,45.58777777777778,45.976478576660156
mimic,dro,42,56.5113888888889,45.8514518737793
mimic,dro,42,50.08416666666666,56.342098236083984
mimic,dro,42,40.06416666666666,42.484317779541016
mimic,dro,42,67.75694444444444,59.06827926635742
mimic,dro,42,96.28972222222222,48.4088249206543
mimic,dro,42,144.34277777777777,51.939125061035156
mimic,dro,42,143.0677777777778,46.151954650878906
mimic,dro,42,82.51416666666667,51.407798767089844
mimic,dro,42,197.40305555555557,58.0893669128418
mimic,dro,42,137.69111111111113,56.25811004638672
mimic,dro,42,44.35000000000001,49.78276443481445
mimic,dro,42,228.91972222222222,48.71501541137695
mimic,dro,42,55.67444444444445,48.727970123291016
mimic,dro,42,39.10777777777778,39.08361053466797
mimic,dro,42,63.243333333333325,46.49073791503906
mimic,dro,42,82.22694444444446,55.369571685791016
mimic,dro,42,25.788333333333334,47.54988098144531
mimic,dro,42,29.269444444444446,50.79415512084961
mimic,dro,42,43.405,44.91535568237305
mimic,dro,42,114.9563888888889,55.225547790527344
mimic,dro,42,26.90916666666666,51.94721603393555
mimic,dro,42,79.30611111111111,53.2841682434082
mimic,dro,42,47.06722222222223,48.74228286743164
mimic,dro,42,52.93888888888888,50.179325103759766
mimic,dro,42,48.6725,46.28746795654297
mimic,dro,42,42.619166666666665,46.69137954711914
mimic,dro,42,34.855555555555554,51.822792053222656
mimic,dro,42,54.24166666666667,46.62974548339844
mimic,dro,42,121.82472222222222,50.38868713378906
mimic,dro,42,109.245,48.3665885925293
mimic,dro,42,30.005277777777778,49.554325103759766
mimic,dro,42,161.73694444444445,46.93827819824219
mimic,dro,42,109.76777777777778,49.08702850341797
mimic,dro,42,159.90527777777777,64.85486602783203
mimic,dro,42,46.662222222222226,47.708499908447266
mimic,dro,42,29.841388888888886,50.692562103271484
mimic,dro,42,154.1352777777778,59.12315368652344
mimic,dro,42,341.13750000000005,50.63216018676758
mimic,dro,42,26.415555555555564,52.0172233581543
mimic,dro,42,99.22305555555556,55.60255432128906
mimic,dro,42,89.91138888888887,51.313297271728516
mimic,dro,42,41.320277777777775,48.668087005615234
mimic,dro,42,24.040555555555557,42.460533142089844
mimic,dro,42,69.08833333333334,48.91415023803711
mimic,dro,42,200.84472222222223,58.198116302490234
mimic,dro,42,53.17055555555555,46.20820617675781
mimic,dro,42,177.94111111111113,46.49465560913086
mimic,dro,42,353.4169444444445,49.90507507324219
mimic,dro,42,78.69722222222222,49.851749420166016
mimic,dro,42,28.0775,51.60338592529297
mimic,dro,42,81.86250000000001,54.157508850097656
mimic,dro,42,39.684444444444445,40.696136474609375
mimic,dro,42,30.47888888888889,49.737403869628906
mimic,dro,42,26.65694444444444,25.535612106323242
mimic,dro,42,26.617222222222217,27.952695846557617
mimic,dro,42,55.68361111111111,48.08030700683594
mimic,dro,42,163.40972222222223,61.27495574951172
mimic,dro,42,31.301111111111112,41.80727767944336
mimic,dro,42,94.3075,66.46460723876953
mimic,dro,42,136.52805555555557,65.46051788330078
mimic,dro,42,56.10666666666667,48.51369857788086
mimic,dro,42,64.45944444444444,60.0351676940918
mimic,dro,42,44.19361111111111,49.033058166503906
mimic,dro,42,120.02527777777777,65.14959716796875
mimic,dro,42,223.76944444444445,48.000144958496094
mimic,dro,42,246.20527777777778,52.32205581665039
mimic,dro,42,33.48444444444445,53.27920150756836
mimic,dro,42,24.005555555555553,52.24585723876953
mimic,dro,42,76.76555555555555,49.03776931762695
mimic,dro,42,36.27111111111111,39.5733757019043
mimic,dro,42,92.64416666666666,50.79663848876953
mimic,dro,42,36.943333333333335,47.829341888427734
mimic,dro,42,92.92527777777778,48.66908264160156
mimic,dro,42,36.4,35.60593795776367
mimic,dro,42,61.060833333333335,53.82490921020508
mimic,dro,42,40.989444444444445,48.98384094238281
mimic,dro,42,160.9638888888889,49.792510986328125
mimic,dro,42,69.86944444444444,48.60867691040039
mimic,dro,42,25.28194444444445,43.360198974609375
mimic,dro,42,541.4283333333334,50.03941345214844
mimic,dro,42,316.0566666666667,62.66655349731445
mimic,dro,42,141.69166666666666,48.047996520996094
mimic,dro,42,26.499722222222225,51.69224166870117
mimic,dro,42,24.021388888888886,41.30806350708008
mimic,dro,42,25.84416666666667,42.68806838989258
mimic,dro,42,289.8902777777778,58.59238052368164
mimic,dro,42,53.114999999999995,35.33330535888672
mimic,dro,42,570.8974999999999,60.34907150268555
mimic,dro,42,262.1336111111111,52.150569915771484
mimic,dro,42,40.206944444444446,39.32316589355469
mimic,dro,42,28.99972222222222,53.38853454589844
mimic,dro,42,43.951944444444436,45.509178161621094
mimic,dro,42,44.95777777777778,55.58692932128906
mimic,dro,42,90.67972222222224,57.72256088256836
mimic,dro,42,196.67916666666667,48.9176025390625
mimic,dro,42,39.37,40.29207992553711
mimic,dro,42,74.5411111111111,47.11019515991211
mimic,dro,42,43.56444444444443,60.009910583496094
mimic,dro,42,27.887222222222213,50.17631149291992
mimic,dro,42,75.52999999999999,45.82009506225586
mimic,dro,42,29.7725,52.181217193603516
mimic,dro,42,72.13555555555556,45.09257125854492
mimic,dro,42,60.491944444444435,48.999454498291016
mimic,dro,42,25.189722222222223,51.66959762573242
mimic,dro,42,298.95166666666665,54.279945373535156
mimic,dro,42,688.0413888888888,61.595237731933594
mimic,dro,42,97.05666666666667,45.31251525878906
mimic,dro,42,26.814722222222215,39.07335662841797
mimic,dro,42,101.22111111111111,51.33893585205078
mimic,dro,42,75.52027777777778,47.35760498046875
mimic,dro,42,81.69555555555556,55.46046829223633
mimic,dro,42,67.10416666666666,48.83060836791992
mimic,dro,42,56.68222222222222,49.03327178955078
mimic,dro,42,26.90361111111111,49.15215301513672
mimic,dro,42,236.60638888888883,48.69343566894531
mimic,dro,42,72.4575,54.384559631347656
mimic,dro,42,144.6175,45.488670349121094
mimic,dro,42,71.00472222222223,52.82285690307617
mimic,dro,42,31.016666666666666,43.42263412475586
mimic,dro,42,30.267222222222223,50.61445999145508
mimic,dro,42,206.06055555555557,58.33427429199219
mimic,dro,42,317.15222222222224,48.83308029174805
mimic,dro,42,80.58166666666668,67.66492462158203
mimic,dro,42,28.598333333333333,57.000492095947266
mimic,dro,42,293.0494444444445,44.78976821899414
mimic,dro,42,47.2,48.929100036621094
mimic,dro,42,28.928333333333327,37.20500564575195
mimic,dro,42,36.44916666666666,50.870662689208984
mimic,dro,42,36.543055555555554,50.81724166870117
mimic,dro,42,118.10027777777779,47.267208099365234
mimic,dro,42,49.726666666666674,48.47523880004883
mimic,dro,42,25.197222222222223,53.42094802856445
mimic,dro,42,27.21555555555556,51.120975494384766
mimic,dro,42,82.51694444444445,57.183372497558594
mimic,dro,42,116.17722222222221,48.41133499145508
mimic,dro,42,43.12916666666666,42.971561431884766
mimic,dro,42,539.4258333333333,53.587398529052734
mimic,dro,42,61.562222222222225,58.35334396362305
mimic,dro,42,93.42722222222223,55.93363571166992
mimic,dro,42,29.043888888888887,53.21195983886719
mimic,dro,42,196.02194444444444,48.32973861694336
mimic,dro,42,118.73666666666668,48.56180191040039
mimic,dro,42,33.27388888888889,35.03772735595703
mimic,dro,42,98.75083333333333,49.04126739501953
mimic,dro,42,39.32944444444445,38.08891677856445
mimic,dro,42,25.446944444444448,52.2700080871582
mimic,dro,42,107.23666666666666,48.15420150756836
mimic,dro,42,57.716111111111104,48.583160400390625
mimic,dro,42,225.28555555555556,56.01829528808594
mimic,dro,42,485.7172222222222,46.69336700439453
mimic,dro,42,46.51083333333333,47.63203048706055
mimic,dro,42,36.01833333333334,48.8339958190918
mimic,dro,42,34.008611111111115,46.329322814941406
mimic,dro,42,75.34777777777778,61.751953125
mimic,dro,42,72.31583333333333,51.12025833129883
mimic,dro,42,43.34805555555555,44.95408248901367
mimic,dro,42,35.42611111111111,36.12712097167969
mimic,dro,42,25.41583333333333,43.622779846191406
mimic,dro,42,546.9772222222223,68.22056579589844
mimic,dro,42,46.363333333333344,49.271148681640625
mimic,dro,42,80.00416666666666,50.02214813232422
mimic,dro,42,33.471666666666664,34.99995803833008
mimic,dro,42,25.156111111111112,48.7628173828125
mimic,dro,42,24.679999999999993,42.0687255859375
mimic,dro,42,161.11944444444444,49.730194091796875
mimic,dro,42,29.036666666666665,51.5815544128418
mimic,dro,42,86.18444444444444,56.946311950683594
mimic,dro,42,44.488333333333344,49.6563720703125
mimic,dro,42,282.92527777777775,59.396934509277344
mimic,dro,42,46.86277777777778,53.9093132019043
mimic,dro,42,43.845555555555556,48.044349670410156
mimic,dro,42,30.603888888888886,30.11771583557129
mimic,dro,42,68.56472222222222,58.011314392089844
mimic,dro,42,83.04444444444444,45.95417404174805
mimic,dro,42,211.84527777777777,62.43264389038086
mimic,dro,42,29.299166666666665,48.982364654541016
mimic,dro,42,90.35611111111112,47.715003967285156
mimic,dro,42,104.00638888888888,47.848182678222656
mimic,dro,42,180.79527777777778,57.681190490722656
mimic,dro,42,489.7966666666666,64.2184829711914
mimic,dro,42,117.64527777777778,58.05139923095703
mimic,dro,42,29.509166666666665,32.91722869873047
mimic,dro,42,179.8113888888889,57.256996154785156
mimic,dro,42,45.88333333333333,48.98488998413086
mimic,dro,42,232.70499999999998,50.00892639160156
mimic,dro,42,35.63333333333334,48.46436309814453
mimic,dro,42,337.2969444444444,60.38462448120117
mimic,dro,42,549.27,56.03953170776367
mimic,dro,42,77.42138888888888,46.226322174072266
mimic,dro,42,54.716944444444444,50.13534164428711
mimic,dro,42,42.5975,44.92095184326172
mimic,dro,42,41.30722222222222,39.53944778442383
mimic,dro,42,99.04805555555556,49.302982330322266
mimic,dro,42,394.69888888888886,51.95577621459961
mimic,dro,42,36.51888888888889,37.19873046875
mimic,dro,42,55.57944444444445,55.538543701171875
mimic,dro,42,142.8913888888889,45.66916275024414
mimic,dro,42,53.81111111111111,57.196773529052734
mimic,dro,42,191.62194444444447,48.57630157470703
mimic,dro,42,37.70027777777777,32.55577087402344
mimic,dro,42,35.216944444444444,33.879913330078125
mimic,dro,42,270.01194444444445,67.86106872558594
mimic,dro,42,61.435833333333335,50.27725601196289
mimic,dro,42,66.32388888888889,58.9907341003418
mimic,dro,42,90.84222222222223,61.56074142456055
mimic,dro,42,43.37805555555555,42.854156494140625
mimic,dro,42,34.06666666666667,35.530338287353516
mimic,dro,42,29.176666666666666,51.358665466308594
mimic,dro,42,147.19194444444446,58.29179382324219
mimic,dro,42,54.46527777777777,49.01130676269531
mimic,dro,42,25.875277777777775,43.174224853515625
mimic,dro,42,240.4488888888889,50.36701965332031
mimic,dro,42,69.35749999999999,49.05386734008789
mimic,dro,42,31.48694444444444,52.40080642700195
mimic,dro,42,91.05555555555556,48.408203125
mimic,dro,42,102.19583333333335,60.85630416870117
mimic,dro,42,74.36666666666666,46.809810638427734
mimic,dro,42,97.68472222222222,50.451026916503906
mimic,dro,42,31.174722222222226,43.038360595703125
mimic,dro,42,98.9238888888889,45.22361755371094
mimic,dro,42,30.0925,55.19266128540039
mimic,dro,42,98.8852777777778,63.46223449707031
mimic,dro,42,28.259722222222223,24.82656478881836
mimic,dro,42,115.16222222222223,59.769012451171875
mimic,dro,42,38.87777777777778,38.58063507080078
mimic,dro,42,42.776666666666664,50.31877517700195
mimic,dro,42,27.655,53.064517974853516
mimic,dro,42,49.76583333333333,59.900794982910156
mimic,dro,42,302.52416666666664,62.0808219909668
mimic,dro,42,28.073611111111113,53.533790588378906
mimic,dro,42,218.7525,54.198265075683594
mimic,dro,42,49.0886111111111,46.22163772583008
mimic,dro,42,106.35138888888889,52.07399368286133
mimic,dro,42,28.121388888888887,46.084259033203125
mimic,dro,42,37.80638888888888,50.72584915161133
mimic,dro,42,28.004166666666666,44.511131286621094
mimic,dro,42,170.2713888888889,64.36372375488281
mimic,dro,42,44.80138888888889,49.46492004394531
mimic,dro,42,33.54611111111112,49.33677673339844
mimic,dro,42,1220.641111111111,55.50552749633789
mimic,dro,42,205.13333333333333,63.33451843261719
mimic,dro,42,70.14527777777778,48.537322998046875
mimic,dro,42,81.28999999999999,54.161373138427734
mimic,dro,42,26.90777777777777,39.864200592041016
mimic,dro,42,59.733333333333334,49.916778564453125
mimic,dro,42,63.1402777777778,48.52190017700195
mimic,dro,42,33.5325,32.01081466674805
mimic,dro,42,50.126666666666665,48.014461517333984
mimic,dro,42,36.62583333333333,36.80692672729492
mimic,dro,42,28.492222222222217,51.22038650512695
mimic,dro,42,49.273333333333326,47.91365432739258
mimic,dro,42,122.39916666666667,47.155731201171875
mimic,dro,42,26.61333333333333,39.77526092529297
mimic,dro,42,61.66944444444444,49.79426574707031
mimic,dro,42,53.47,49.52170944213867
mimic,dro,42,45.1263888888889,43.420005798339844
mimic,dro,42,260.8358333333333,67.47639465332031
mimic,dro,42,101.19416666666666,47.30561065673828
mimic,dro,42,77.06194444444445,46.390499114990234
mimic,dro,42,162.70916666666668,49.0436897277832
mimic,dro,42,90.81333333333333,49.45557403564453
mimic,dro,42,47.07805555555555,48.38999557495117
mimic,dro,42,570.1569444444444,50.380897521972656
mimic,dro,42,45.18444444444444,52.39258575439453
mimic,dro,42,68.59,49.56245040893555
mimic,dro,42,74.03611111111111,55.208900451660156
mimic,dro,42,116.67277777777778,53.67286682128906
mimic,dro,42,95.69472222222221,49.097801208496094
mimic,dro,42,398.3758333333334,55.14662170410156
mimic,dro,42,692.3855555555556,45.7009391784668
mimic,dro,42,54.30833333333334,52.935874938964844
mimic,dro,42,116.94638888888889,47.8433952331543
mimic,dro,42,152.3022222222222,46.286476135253906
mimic,dro,42,109.47749999999999,54.43684768676758
mimic,dro,42,89.28027777777777,49.934139251708984
mimic,dro,42,223.1152777777778,55.1590461730957
mimic,dro,42,34.463611111111106,34.99508285522461
mimic,dro,42,74.31472222222223,59.305015563964844
mimic,dro,42,63.11638888888889,62.167179107666016
mimic,dro,42,73.82583333333332,49.578147888183594
mimic,dro,42,34.140277777777776,35.711219787597656
mimic,dro,42,89.05999999999999,48.79141616821289
mimic,dro,42,47.94861111111111,47.31243133544922
mimic,dro,42,26.393611111111113,51.10420227050781
mimic,dro,42,34.764444444444436,34.297420501708984
mimic,dro,42,54.47583333333333,48.81293487548828
mimic,dro,42,68.97333333333333,49.503849029541016
mimic,dro,42,44.71722222222223,42.89776611328125
mimic,dro,42,25.04416666666667,27.34814453125
mimic,dro,42,78.41861111111112,55.77690887451172
mimic,dro,42,42.723333333333336,46.12592315673828
mimic,dro,42,43.70722222222222,45.51163864135742
mimic,dro,42,82.79861111111111,47.699974060058594
mimic,dro,42,77.36611111111111,45.017059326171875
mimic,dro,42,83.44527777777778,57.510948181152344
mimic,dro,42,220.17222222222222,50.04267120361328
mimic,dro,42,45.04166666666667,44.942657470703125
mimic,dro,42,25.09361111111111,39.29881286621094
mimic,dro,42,119.04194444444445,56.581382751464844
mimic,dro,42,49.464166666666664,48.576656341552734
mimic,dro,42,64.02805555555555,47.54877853393555
mimic,dro,42,29.33138888888889,51.84493637084961
mimic,dro,42,44.156388888888884,47.56585693359375
mimic,dro,42,138.28416666666666,47.82779312133789
mimic,dro,42,27.248333333333342,51.64757537841797
mimic,dro,42,101.14138888888888,48.75539016723633
mimic,dro,42,108.22333333333333,53.6900749206543
mimic,dro,42,88.40527777777778,49.01251983642578
mimic,dro,42,136.07999999999998,48.51095962524414
mimic,dro,42,25.049999999999997,26.335535049438477
mimic,dro,42,62.156666666666666,49.72922897338867
mimic,dro,42,71.85361111111112,48.63915252685547
mimic,dro,42,33.304722222222225,34.09141159057617
mimic,dro,42,84.50444444444445,54.33218765258789
mimic,dro,42,95.19611111111112,60.744384765625
mimic,dro,42,71.40694444444445,63.835914611816406
mimic,dro,42,315.03583333333336,48.31425476074219
mimic,dro,42,28.76555555555555,30.50430679321289
mimic,dro,42,143.97916666666669,49.76126480102539
mimic,dro,42,135.08944444444444,55.47603225708008
mimic,dro,42,178.5911111111111,59.6747932434082
mimic,dro,42,39.87833333333333,39.284400939941406
mimic,dro,42,115.93555555555555,58.36721420288086
mimic,dro,42,204.98000000000002,49.53376770019531
mimic,dro,42,74.29805555555555,52.713226318359375
mimic,dro,42,55.91083333333334,46.16773986816406
mimic,dro,42,40.83222222222223,41.640316009521484
mimic,dro,42,307.7994444444445,62.23613357543945
mimic,dro,42,82.12916666666666,53.75238800048828
mimic,dro,42,377.6933333333333,55.47013473510742
mimic,dro,42,30.376944444444444,56.125789642333984
mimic,dro,42,65.56583333333333,48.66815948486328
mimic,dro,42,37.290277777777774,38.0206184387207
mimic,dro,42,54.083333333333336,48.96177673339844
mimic,dro,42,98.4325,47.82161331176758
mimic,dro,42,124.32166666666666,49.14738464355469
mimic,dro,42,41.155833333333334,54.898956298828125
mimic,dro,42,61.884166666666665,57.55130386352539
mimic,dro,42,54.784444444444446,50.89446258544922
mimic,dro,42,371.18083333333334,56.05930709838867
mimic,dro,42,118.56583333333333,50.566688537597656
mimic,dro,42,766.3211111111111,57.04160690307617
mimic,dro,42,104.28777777777776,46.96345138549805
mimic,dro,42,494.71277777777783,71.86229705810547
mimic,dro,42,327.8313888888889,46.36107635498047
mimic,dro,42,29.79361111111111,30.733856201171875
mimic,dro,42,81.15777777777778,49.25221633911133
mimic,dro,42,53.01111111111111,45.61003875732422
mimic,dro,42,103.00777777777779,47.665191650390625
mimic,dro,42,136.7602777777778,47.74595260620117
mimic,dro,42,34.279444444444444,48.454376220703125
mimic,dro,42,41.340833333333336,43.39494705200195
mimic,dro,42,27.08833333333334,51.74222946166992
mimic,dro,42,98.875,46.914886474609375
mimic,dro,42,38.16611111111111,38.596065521240234
mimic,dro,42,70.69027777777778,47.59178924560547
mimic,dro,42,61.86055555555556,60.66158676147461
mimic,dro,42,47.07083333333334,38.633033752441406
mimic,dro,42,98.4075,54.915191650390625
mimic,dro,42,43.615833333333335,47.98643493652344
mimic,dro,42,59.97277777777778,56.56367492675781
mimic,dro,42,287.13777777777784,63.75419616699219
mimic,dro,42,260.69972222222225,47.632179260253906
mimic,dro,42,97.44916666666666,47.75719451904297
mimic,dro,42,26.472499999999997,51.76164627075195
mimic,dro,42,46.05027777777778,44.17970275878906
mimic,dro,42,71.5777777777778,53.19871520996094
mimic,dro,42,75.88277777777778,45.6700325012207
mimic,dro,42,24.788611111111116,25.036169052124023
mimic,dro,42,24.541666666666664,26.87236785888672
mimic,dro,42,24.02777777777778,40.98833084106445
mimic,dro,42,207.74333333333334,48.25328063964844
mimic,dro,42,55.208333333333336,51.84975051879883
mimic,dro,42,274.24527777777786,62.825889587402344
mimic,dro,42,62.56777777777778,48.703102111816406
mimic,dro,42,50.00611111111111,46.13262176513672
mimic,dro,42,49.020833333333336,48.58810043334961
mimic,dro,42,101.09833333333333,46.96950149536133
mimic,dro,42,29.76611111111111,37.314857482910156
mimic,dro,42,319.4197222222222,54.15913772583008
mimic,dro,42,187.06194444444446,56.5478401184082
mimic,dro,42,96.53805555555556,48.40287780761719
mimic,dro,42,140.07722222222222,52.1107292175293
mimic,dro,42,33.88194444444444,37.809993743896484
mimic,dro,42,87.78027777777777,48.780128479003906
mimic,dro,42,71.12555555555555,48.15614700317383
mimic,dro,42,222.19305555555556,47.489715576171875
mimic,dro,42,30.788611111111116,30.82654571533203
mimic,dro,42,56.552777777777784,47.82413864135742
mimic,dro,42,86.35277777777779,56.44587707519531
mimic,dro,42,39.83361111111111,42.175506591796875
mimic,dro,42,80.41305555555554,48.138427734375
mimic,dro,42,76.53555555555556,52.800148010253906
mimic,dro,42,102.33055555555556,52.839847564697266
mimic,dro,42,41.276666666666664,40.379188537597656
mimic,dro,42,66.96555555555557,46.94877243041992
mimic,dro,42,27.519722222222228,46.50493621826172
mimic,dro,42,26.128055555555555,38.169097900390625
mimic,dro,42,360.33888888888896,48.50238800048828
mimic,dro,42,39.725,40.229515075683594
mimic,dro,42,187.5822222222222,61.43745040893555
mimic,dro,42,46.443333333333335,50.17375946044922
mimic,dro,42,56.18444444444444,48.304317474365234
mimic,dro,42,48.56027777777777,63.26703643798828
mimic,dro,42,36.56055555555555,38.606781005859375
mimic,dro,42,98.04333333333335,55.7991943359375
mimic,dro,42,99.12777777777777,48.02354049682617
mimic,dro,42,41.825833333333335,43.5989875793457
mimic,dro,42,45.58416666666666,46.371490478515625
mimic,dro,42,28.32111111111111,49.55141830444336
mimic,dro,42,96.92083333333335,59.7567253112793
mimic,dro,42,232.76083333333332,67.91851806640625
mimic,dro,42,70.67527777777778,46.421470642089844
mimic,dro,42,30.13972222222222,27.44042205810547
mimic,dro,42,31.43888888888889,50.28072738647461
mimic,dro,42,24.075000000000003,33.96477508544922
mimic,dro,42,101.4625,47.488685607910156
mimic,dro,42,50.94555555555556,46.510101318359375
mimic,dro,42,28.54888888888889,51.37255096435547
mimic,dro,42,268.4197222222222,53.04786682128906
mimic,dro,42,218.85194444444443,48.39925003051758
mimic,dro,42,517.5422222222222,49.25823211669922
mimic,dro,42,96.82333333333335,53.055946350097656
mimic,dro,42,175.95305555555555,64.12044525146484
mimic,dro,42,28.468888888888888,54.7911376953125
mimic,dro,42,47.52222222222221,47.07609558105469
mimic,dro,42,31.600833333333334,33.20496368408203
mimic,dro,42,82.15361111111112,48.38751983642578
mimic,dro,42,72.24,45.907047271728516
mimic,dro,42,33.412499999999994,48.92725372314453
mimic,dro,42,169.36944444444444,49.33927536010742
mimic,dro,42,37.83416666666667,39.293373107910156
mimic,dro,42,47.42916666666666,47.827423095703125
mimic,dro,42,185.4325,57.22350311279297
mimic,dro,42,313.04083333333335,57.980709075927734
mimic,dro,42,80.25194444444445,49.983394622802734
mimic,dro,42,88.33000000000001,47.608394622802734
mimic,dro,42,89.1086111111111,48.242645263671875
mimic,dro,42,214.19694444444445,62.0844612121582
mimic,dro,42,39.969166666666666,40.09580993652344
mimic,dro,42,51.40111111111112,47.49732208251953
mimic,dro,42,27.717499999999998,51.706932067871094
mimic,dro,42,125.58138888888888,48.18767166137695
mimic,dro,42,45.98527777777778,49.1803092956543
mimic,dro,42,476.6561111111111,49.4109992980957
mimic,dro,42,28.889166666666668,45.012264251708984
mimic,dro,42,191.32055555555553,53.42753982543945
mimic,dro,42,63.08388888888889,49.71992874145508
mimic,dro,42,44.04194444444444,44.47724533081055
mimic,dro,42,102.0736111111111,47.725433349609375
mimic,dro,42,49.76,50.03123474121094
mimic,dro,42,74.30833333333335,48.766849517822266
mimic,dro,42,71.99833333333335,48.460933685302734
mimic,dro,42,39.73972222222222,37.81543731689453
mimic,dro,42,79.8775,47.56618118286133
mimic,dro,42,43.005833333333335,52.83061981201172
mimic,dro,42,50.68000000000001,47.738433837890625
mimic,dro,42,55.94916666666667,47.6878662109375
mimic,dro,42,42.555,40.30450439453125
mimic,dro,42,35.816944444444445,51.267967224121094
mimic,dro,42,45.18555555555555,49.47085189819336
mimic,dro,42,41.1425,36.22475051879883
mimic,dro,42,41.0225,39.621116638183594
mimic,dro,42,39.551944444444445,40.18396759033203
mimic,dro,42,24.285555555555554,25.238170623779297
mimic,dro,42,479.6441666666667,47.73040771484375
mimic,dro,42,163.0077777777778,63.916534423828125
mimic,dro,42,54.16416666666666,45.73714065551758
mimic,dro,42,40.391111111111115,42.779815673828125
mimic,dro,42,34.26583333333333,35.186927795410156
mimic,dro,42,24.564166666666665,52.907718658447266
mimic,dro,42,53.58527777777779,43.60142135620117
mimic,dro,42,50.55972222222222,55.518192291259766
mimic,dro,42,88.27305555555556,45.5523567199707
mimic,dro,42,49.829166666666666,59.199031829833984
mimic,dro,42,123.39722222222221,50.1929817199707
mimic,dro,42,47.07555555555556,49.93548583984375
mimic,dro,42,52.84583333333333,52.6871452331543
mimic,dro,42,42.1425,46.21733474731445
mimic,dro,42,750.6902777777777,49.77307891845703
mimic,dro,42,51.5475,48.219051361083984
mimic,dro,42,37.82527777777777,47.90579605102539
mimic,dro,42,39.218333333333334,39.1357307434082
mimic,dro,42,94.76305555555555,58.89926528930664
mimic,dro,42,67.37194444444444,56.49638366699219
mimic,dro,42,25.028055555555557,51.71919631958008
mimic,dro,42,170.33888888888887,52.24098587036133
mimic,dro,42,250.95388888888888,57.24357986450195
mimic,dro,42,63.73555555555556,49.925323486328125
mimic,dro,42,380.40749999999997,48.33558654785156
mimic,dro,42,73.23305555555555,53.874263763427734
mimic,dro,42,74.26861111111111,46.99919891357422
mimic,dro,42,59.045277777777784,46.100154876708984
mimic,dro,42,156.1822222222222,50.76616668701172
mimic,dro,42,88.30888888888889,58.073028564453125
mimic,dro,42,72.11222222222221,47.1900634765625
mimic,dro,42,28.238333333333337,45.52969741821289
mimic,dro,42,93.0311111111111,65.75570678710938
mimic,dro,42,28.95638888888889,41.81038284301758
mimic,dro,42,46.56388888888888,50.02168655395508
mimic,dro,42,30.8425,52.579463958740234
mimic,dro,42,52.55444444444444,46.83430099487305
mimic,dro,42,243.3436111111111,52.1148567199707
mimic,dro,42,50.752222222222215,48.296913146972656
mimic,dro,42,91.01249999999999,48.74036407470703
mimic,dro,42,80.75277777777778,47.130435943603516
mimic,dro,42,31.759166666666665,49.93467330932617
mimic,dro,42,34.76555555555555,38.41728973388672
mimic,dro,42,91.4036111111111,58.43185043334961
mimic,dro,42,269.85361111111115,60.300148010253906
mimic,dro,42,193.06083333333333,49.03295135498047
mimic,dro,42,45.2675,49.2512092590332
mimic,dro,42,51.161944444444444,61.83028030395508
mimic,dro,42,71.37361111111112,48.3903923034668
mimic,dro,42,107.54611111111112,54.529815673828125
mimic,dro,42,131.86944444444444,46.777381896972656
mimic,dro,42,55.621666666666684,47.66374969482422
mimic,dro,42,287.9111111111111,49.28536605834961
mimic,dro,42,112.87194444444444,47.97066879272461
mimic,dro,42,66.37916666666666,49.95060729980469
mimic,dro,42,97.17416666666668,60.344974517822266
mimic,dro,42,26.455000000000005,52.87378692626953
mimic,dro,42,148.22805555555556,45.764827728271484
mimic,dro,42,216.70583333333337,63.91644287109375
mimic,dro,42,294.24611111111113,47.60686492919922
mimic,dro,42,65.55666666666667,48.25242233276367
mimic,dro,42,205.76888888888888,59.447410583496094
mimic,dro,42,137.83277777777778,54.781639099121094
mimic,dro,42,41.044444444444444,41.497711181640625
mimic,dro,42,47.279444444444444,49.232810974121094
mimic,dro,42,26.320277777777775,51.52726364135742
mimic,dro,42,38.12055555555556,37.48931121826172
mimic,dro,42,126.5591666666667,47.6048698425293
mimic,dro,42,40.48444444444444,46.71626281738281
mimic,dro,42,32.27194444444444,52.44062423706055
mimic,dro,42,53.80027777777777,46.47840881347656
mimic,dro,42,468.42777777777786,45.725887298583984
mimic,dro,42,172.0425,66.73796081542969
mimic,dro,42,336.1258333333334,49.10430145263672
mimic,dro,42,73.42138888888888,64.99657440185547
mimic,dro,42,25.79944444444445,40.66581344604492
mimic,dro,42,81.67916666666666,48.58833694458008
mimic,dro,42,28.565277777777776,28.06661605834961
mimic,dro,42,50.74277777777779,46.62575912475586
mimic,dro,42,31.335833333333333,31.548603057861328
mimic,dro,42,48.449999999999996,62.505279541015625
mimic,dro,42,37.12,46.973514556884766
mimic,dro,42,25.461388888888884,41.590145111083984
mimic,dro,42,167.1161111111111,48.87162399291992
mimic,dro,42,48.67277777777778,48.02228927612305
mimic,dro,42,114.51833333333332,48.05464172363281
mimic,dro,42,39.57083333333334,40.64875411987305
mimic,dro,42,128.23194444444445,49.81037521362305
mimic,dro,42,80.51527777777778,57.12749481201172
mimic,dro,42,53.42111111111112,48.241329193115234
mimic,dro,42,77.74055555555556,52.21393966674805
mimic,dro,42,39.06583333333334,45.90700149536133
mimic,dro,42,126.33666666666667,47.22304916381836
mimic,dro,42,53.54083333333334,51.045143127441406
mimic,dro,42,60.185555555555545,49.83104705810547
mimic,dro,42,63.56277777777778,61.35500717163086
mimic,dro,42,77.35333333333334,45.030784606933594
mimic,dro,42,36.51305555555555,35.3892822265625
mimic,dro,42,57.973055555555554,53.0447998046875
mimic,dro,42,27.488611111111112,53.01827621459961
mimic,dro,42,28.901111111111113,46.1673469543457
mimic,dro,42,106.60555555555555,43.13703155517578
mimic,dro,42,96.14722222222224,46.475589752197266
mimic,dro,42,69.32166666666667,60.955074310302734
mimic,dro,42,49.89638888888889,47.57719421386719
mimic,dro,42,179.91583333333335,46.72914123535156
mimic,dro,42,48.251111111111115,49.52023696899414
mimic,dro,42,60.85166666666667,49.13568115234375
mimic,dro,42,54.12444444444445,52.1373405456543
mimic,dro,42,45.918055555555554,48.838829040527344
mimic,dro,42,44.78194444444445,50.93897247314453
mimic,dro,42,65.95805555555555,48.200843811035156
mimic,dro,42,87.58305555555556,54.36874008178711
mimic,dro,42,46.318055555555546,44.05802917480469
mimic,dro,42,229.10944444444445,58.49051284790039
mimic,dro,42,34.41583333333333,49.2996826171875
mimic,dro,42,98.03722222222223,56.03917694091797
mimic,dro,42,97.61861111111111,65.7350845336914
mimic,dro,42,52.00694444444444,48.95548629760742
mimic,dro,42,63.36,48.986331939697266
mimic,dro,42,435.00694444444446,59.868282318115234
mimic,dro,42,117.4736111111111,50.64288330078125
mimic,dro,42,150.10583333333335,47.14485168457031
mimic,dro,42,73.33083333333333,49.295894622802734
mimic,dro,42,176.0402777777778,55.22471618652344
mimic,dro,42,126.95305555555555,55.70940399169922
mimic,dro,42,228.45888888888888,46.87019348144531
mimic,dro,42,34.564166666666665,47.712158203125
mimic,dro,42,38.76472222222222,47.481727600097656
mimic,dro,42,53.939166666666665,48.4895133972168
mimic,dro,42,114.97166666666666,46.5897102355957
mimic,dro,42,27.815555555555555,50.244747161865234
mimic,dro,42,40.571666666666665,40.992305755615234
mimic,dro,42,72.25666666666666,57.996910095214844
mimic,dro,42,95.57805555555555,47.46591567993164
mimic,dro,42,51.42388888888889,48.58218765258789
mimic,dro,42,36.4225,37.67916488647461
mimic,dro,42,28.60333333333333,53.57943344116211
mimic,dro,42,38.31805555555556,38.004432678222656
mimic,dro,42,76.27166666666668,48.953392028808594
mimic,dro,42,78.84444444444445,55.307003021240234
mimic,dro,42,85.18805555555555,50.05794906616211
mimic,dro,42,104.55805555555557,47.37187957763672
mimic,dro,42,176.11777777777777,46.327518463134766
mimic,dro,42,105.95611111111111,55.52433776855469
mimic,dro,42,253.39944444444438,48.558353424072266
mimic,dro,42,78.03777777777778,59.420867919921875
mimic,dro,42,44.977222222222224,49.11528015136719
mimic,dro,42,29.661944444444444,30.33316421508789
mimic,dro,42,29.50472222222222,32.045204162597656
mimic,dro,42,50.77638888888889,46.20344543457031
mimic,dro,42,147.19,46.823333740234375
mimic,dro,42,135.46833333333333,61.1566162109375
mimic,dro,42,37.14944444444444,44.593475341796875
mimic,dro,42,28.82888888888889,49.12881851196289
mimic,dro,42,72.33555555555556,47.86328887939453
mimic,dro,42,33.10694444444444,47.76507568359375
mimic,dro,42,42.22805555555556,48.116737365722656
mimic,dro,42,54.81277777777778,50.92913055419922
mimic,dro,42,32.760555555555555,49.166744232177734
mimic,dro,42,52.05833333333334,53.53154373168945
mimic,dro,42,73.84222222222223,48.599098205566406
mimic,dro,42,30.755000000000003,30.7437686920166
mimic,dro,42,128.65555555555557,50.14726638793945
mimic,dro,42,50.2363888888889,50.80590057373047
mimic,dro,42,592.9005555555555,58.939178466796875
mimic,dro,42,29.486666666666665,36.00429153442383
mimic,dro,42,25.705833333333338,30.441816329956055
mimic,dro,42,86.63055555555556,49.428443908691406
mimic,dro,42,212.09305555555554,47.99428176879883
mimic,dro,42,47.288611111111116,48.59676742553711
mimic,dro,42,310.01194444444445,53.27396011352539
mimic,dro,42,48.302777777777784,47.170040130615234
mimic,dro,42,76.33694444444444,48.462135314941406
mimic,dro,42,81.1036111111111,54.18721008300781
mimic,dro,42,188.09,49.48149108886719
mimic,dro,42,38.20916666666667,36.02796173095703
mimic,dro,42,31.061944444444443,30.573575973510742
mimic,dro,42,39.188333333333325,37.058433532714844
mimic,dro,42,145.89111111111112,44.83721923828125
mimic,dro,42,35.05638888888889,50.014217376708984
mimic,dro,42,268.7030555555556,57.23416519165039
mimic,dro,42,41.388333333333335,39.52121353149414
mimic,dro,42,178.4738888888889,64.7536392211914
mimic,dro,42,111.78472222222226,64.46160125732422
mimic,dro,42,251.03833333333333,48.06356430053711
mimic,dro,42,26.814166666666665,46.25312805175781
mimic,dro,42,87.95027777777779,50.13095474243164
mimic,dro,42,115.47666666666667,47.934513092041016
mimic,dro,42,128.3525,45.662899017333984
mimic,dro,42,33.656111111111116,49.5461540222168
mimic,dro,42,52.605000000000004,45.53413391113281
mimic,dro,42,53.7625,44.384883880615234
mimic,dro,42,31.356666666666662,43.13307571411133
mimic,dro,42,65.25861111111111,57.482215881347656
mimic,dro,42,54.44722222222222,49.6064567565918
mimic,dro,42,97.4966666666667,46.785560607910156
mimic,dro,42,90.8575,61.664371490478516
mimic,dro,42,26.520555555555564,42.775245666503906
mimic,dro,42,52.702222222222225,51.741912841796875
mimic,dro,42,25.640555555555554,33.67609405517578
mimic,dro,42,90.69277777777778,51.86086654663086
mimic,dro,42,145.28444444444443,47.353939056396484
mimic,dro,42,24.008055555555558,40.730377197265625
mimic,dro,42,29.828888888888887,25.630502700805664
mimic,dro,42,194.1475,57.684913635253906
mimic,dro,42,62.2863888888889,56.86521530151367
mimic,dro,42,36.004444444444445,48.429786682128906
mimic,dro,42,41.037222222222226,51.22952651977539
mimic,dro,42,28.89944444444444,49.70891189575195
mimic,dro,42,69.91777777777779,58.29283905029297
mimic,dro,42,58.17361111111111,54.035526275634766
mimic,dro,42,24.088055555555556,31.866905212402344
mimic,dro,42,25.759166666666665,49.46186447143555
mimic,dro,42,76.48805555555555,59.54473876953125
mimic,dro,42,41.52722222222223,43.690834045410156
mimic,dro,42,226.23722222222216,57.91386795043945
mimic,dro,42,37.92638888888889,38.6648063659668
mimic,dro,42,186.50138888888887,47.3859748840332
mimic,dro,42,143.38166666666666,45.64621353149414
mimic,dro,42,31.44222222222222,37.8777961730957
mimic,dro,42,27.57472222222222,33.73612594604492
mimic,dro,42,45.99166666666667,60.87651443481445
mimic,dro,42,71.42583333333334,64.62474060058594
mimic,dro,42,38.931666666666665,40.74380874633789
mimic,dro,42,32.00444444444444,37.36688995361328
mimic,dro,42,31.737499999999997,51.31535720825195
mimic,dro,42,26.40277777777778,50.992584228515625
mimic,dro,42,38.025555555555556,50.505126953125
mimic,dro,42,34.690000000000005,32.782752990722656
mimic,dro,42,44.31555555555555,57.402099609375
mimic,dro,42,30.106944444444437,42.70454025268555
mimic,dro,42,36.21944444444444,34.75072479248047
mimic,dro,42,49.14777777777778,47.839927673339844
mimic,dro,42,94.83888888888889,57.68278503417969
mimic,dro,42,49.74527777777777,56.36482620239258
mimic,dro,42,295.2597222222222,51.07215118408203
mimic,dro,42,28.415277777777785,35.32765579223633
mimic,dro,42,100.35416666666666,54.21379470825195
mimic,dro,42,138.97416666666666,50.76392364501953
mimic,dro,42,32.65361111111111,51.143821716308594
mimic,dro,42,49.92833333333333,48.28237533569336
mimic,dro,42,24.261388888888888,28.409902572631836
mimic,dro,42,77.26527777777778,47.8826789855957
mimic,dro,42,77.69416666666666,47.196533203125
mimic,dro,42,43.94583333333333,48.189510345458984
mimic,dro,42,25.01305555555555,41.67182540893555
mimic,dro,42,48.88666666666667,48.48435974121094
mimic,dro,42,31.086666666666666,50.59376525878906
mimic,dro,42,26.48388888888889,46.30188751220703
mimic,dro,42,82.61916666666667,46.923728942871094
mimic,dro,42,36.45666666666668,46.486412048339844
mimic,dro,42,146.48944444444444,56.671539306640625
mimic,dro,42,607.1277777777779,53.240379333496094
mimic,dro,42,44.99694444444444,49.05746078491211
mimic,dro,42,51.82166666666666,54.099464416503906
mimic,dro,42,36.95333333333333,52.95192337036133
mimic,dro,42,42.224722222222226,41.013916015625
mimic,dro,42,58.734999999999985,49.700523376464844
mimic,dro,42,66.13138888888889,53.31182098388672
mimic,dro,42,69.84194444444444,51.95960235595703
mimic,dro,42,48.67916666666666,47.134647369384766
mimic,dro,42,131.26361111111112,54.71327209472656
mimic,dro,42,36.39833333333333,36.62690734863281
mimic,dro,42,24.55138888888889,48.30270767211914
mimic,dro,42,95.43666666666667,53.13804244995117
mimic,dro,42,200.2802777777778,45.84177780151367
mimic,dro,42,33.10805555555556,53.49242401123047
mimic,dro,42,72.15277777777779,48.61231994628906
mimic,dro,42,28.53777777777778,53.56570816040039
mimic,dro,42,68.3675,58.60988998413086
mimic,dro,42,128.28527777777776,56.410770416259766
mimic,dro,42,53.18722222222222,52.78657913208008
mimic,dro,42,120.59888888888888,56.60920333862305
mimic,dro,42,39.03666666666667,38.921287536621094
mimic,dro,42,103.61638888888889,49.54646682739258
mimic,dro,42,715.8688888888889,70.35298156738281
mimic,dro,42,34.859722222222224,29.6076602935791
mimic,dro,42,76.2786111111111,55.46213912963867
mimic,dro,42,37.79333333333332,39.70893478393555
mimic,dro,42,25.02305555555556,53.342105865478516
mimic,dro,42,106.50277777777778,58.62663269042969
mimic,dro,42,50.29416666666667,43.727867126464844
mimic,dro,42,47.96444444444444,46.33080291748047
mimic,dro,42,53.92333333333333,46.934791564941406
mimic,dro,42,24.161944444444444,25.260639190673828
mimic,dro,42,69.56805555555556,49.51761245727539
mimic,dro,42,281.32527777777784,49.679542541503906
mimic,dro,42,56.33972222222222,53.7264404296875
mimic,dro,42,32.156666666666666,37.70254135131836
mimic,dro,42,27.764166666666668,27.841833114624023
mimic,dro,42,26.076388888888886,53.162052154541016
mimic,dro,42,51.95527777777778,50.357147216796875
mimic,dro,42,68.75583333333333,51.645729064941406
mimic,dro,42,245.3055555555556,62.7721061706543
mimic,dro,42,210.83888888888887,49.082706451416016
mimic,dro,42,43.3475,42.839027404785156
mimic,dro,42,31.754444444444445,48.50689697265625
mimic,dro,42,37.20833333333333,48.829647064208984
mimic,dro,42,44.041666666666664,58.740867614746094
mimic,dro,42,550.3522222222223,58.62594985961914
mimic,dro,42,115.93833333333333,63.259376525878906
mimic,dro,42,251.34166666666664,63.27540588378906
mimic,dro,42,815.3919444444443,59.06893539428711
mimic,dro,42,46.92249999999999,49.228092193603516
mimic,dro,42,40.04361111111111,51.60402297973633
mimic,dro,42,101.94444444444444,48.3568115234375
mimic,dro,42,31.119444444444447,51.047142028808594
mimic,dro,42,44.07194444444444,44.58102035522461
mimic,dro,42,34.71333333333334,32.89500045776367
mimic,dro,42,105.50444444444446,54.45810317993164
mimic,dro,42,28.248888888888892,26.925207138061523
mimic,dro,42,47.38999999999999,48.588905334472656
mimic,dro,42,311.2269444444445,59.736507415771484
mimic,dro,42,128.00055555555556,57.02458572387695
mimic,dro,42,55.64388888888889,46.18935775756836
mimic,dro,42,88.17277777777778,58.873477935791016
mimic,dro,42,64.04638888888888,47.62692642211914
mimic,dro,42,91.84444444444445,48.10409164428711
mimic,dro,42,61.7238888888889,48.74258041381836
mimic,dro,42,177.28027777777777,51.79572296142578
mimic,dro,42,404.7077777777778,48.457523345947266
mimic,dro,42,25.384444444444444,40.177486419677734
mimic,dro,42,34.92166666666667,33.13058090209961
mimic,dro,42,255.46027777777775,57.849151611328125
mimic,dro,42,81.42611111111111,54.44855880737305
mimic,dro,42,105.845,51.87992477416992
mimic,dro,42,40.68361111111111,41.179115295410156
mimic,dro,42,27.632222222222225,39.20526123046875
mimic,dro,42,38.24583333333334,37.262451171875
mimic,dro,42,74.87722222222223,55.11442184448242
mimic,dro,42,88.1675,48.84417724609375
mimic,dro,42,343.33750000000003,58.63786315917969
mimic,dro,42,33.599444444444444,51.232975006103516
mimic,dro,42,35.594722222222224,47.79228973388672
mimic,dro,42,96.4625,49.690513610839844
mimic,dro,42,25.816944444444438,52.587974548339844
mimic,dro,42,120.13111111111112,60.1373176574707
mimic,dro,42,137.49472222222224,51.61768341064453
mimic,dro,42,49.4025,49.02355194091797
mimic,dro,42,42.56722222222222,45.060096740722656
mimic,dro,42,73.94694444444444,58.898895263671875
mimic,dro,42,118.72500000000001,58.21573257446289
mimic,dro,42,25.988888888888887,26.492673873901367
mimic,dro,42,106.07111111111112,52.48149871826172
mimic,dro,42,51.02611111111112,46.10074234008789
mimic,dro,42,71.27416666666666,59.637454986572266
mimic,dro,42,818.351388888889,58.17119216918945
mimic,dro,42,1410.9458333333334,54.29966354370117
mimic,dro,42,109.20916666666666,58.620548248291016
mimic,dro,42,1044.2494444444444,48.359588623046875
mimic,dro,42,89.55555555555556,48.3488655090332
mimic,dro,42,68.53555555555556,45.80577850341797
mimic,dro,42,43.62277777777778,44.52507400512695
mimic,dro,42,226.8055555555555,60.57749557495117
mimic,dro,42,35.32083333333333,50.06672668457031
mimic,dro,42,40.54666666666667,48.86502456665039
mimic,dro,42,131.91277777777776,46.57011795043945
mimic,dro,42,254.60722222222222,47.27092361450195
mimic,dro,42,45.96666666666666,49.585384368896484
mimic,dro,42,51.03222222222222,47.50313949584961
mimic,dro,42,28.89388888888889,53.9630126953125
mimic,dro,42,66.49555555555557,62.07631301879883
mimic,dro,42,90.61472222222223,51.61165237426758
mimic,dro,42,83.49027777777778,70.25064849853516
mimic,dro,42,49.20666666666666,48.66609573364258
mimic,dro,42,27.2475,52.42271041870117
mimic,dro,42,44.308611111111105,43.13020324707031
mimic,dro,42,24.36805555555555,36.324851989746094
mimic,dro,42,25.53333333333333,40.905670166015625
mimic,dro,42,161.20388888888888,48.6882209777832
mimic,dro,42,53.60527777777778,47.26436233520508
mimic,dro,42,46.25027777777778,50.266300201416016
mimic,dro,42,78.15194444444444,47.71180725097656
mimic,dro,42,24.888888888888886,53.01957702636719
mimic,dro,42,147.80944444444444,58.364952087402344
mimic,dro,42,86.86777777777777,49.00531005859375
mimic,dro,42,57.94444444444445,56.37929916381836
mimic,dro,42,358.665,48.8031005859375
mimic,dro,42,41.577777777777776,36.88898849487305
mimic,dro,42,81.2788888888889,54.07343292236328
mimic,dro,42,50.75027777777778,46.823673248291016
mimic,dro,42,36.78333333333333,50.70937728881836
mimic,dro,42,117.54555555555555,67.99987030029297
mimic,dro,42,56.76722222222223,48.88761901855469
mimic,dro,42,96.40333333333334,57.6107177734375
mimic,dro,42,77.70027777777779,63.235206604003906
mimic,dro,42,26.627222222222215,27.785036087036133
mimic,dro,42,37.67583333333333,37.65079116821289
mimic,dro,42,144.14833333333334,50.8011589050293
mimic,dro,42,43.68138888888889,51.84496307373047
mimic,dro,42,35.978611111111114,38.187164306640625
mimic,dro,42,33.96055555555555,37.255035400390625
mimic,dro,42,31.793055555555554,47.71481704711914
mimic,dro,42,136.505,51.715980529785156
mimic,dro,42,122.54805555555555,48.34038543701172
mimic,dro,42,1743.1347222222223,63.942787170410156
mimic,dro,42,71.10138888888889,47.26280975341797
mimic,dro,42,39.504999999999995,48.132171630859375
mimic,dro,42,39.526944444444446,37.468910217285156
mimic,dro,42,147.9436111111111,48.436824798583984
mimic,dro,42,85.98444444444445,49.883331298828125
mimic,dro,42,85.42972222222222,46.73994445800781
mimic,dro,42,30.604444444444447,49.963050842285156
mimic,dro,42,95.79027777777777,54.300167083740234
mimic,dro,42,51.66972222222223,46.76033401489258
mimic,dro,42,68.75972222222222,48.53758239746094
mimic,dro,42,342.2369444444444,61.87223815917969
mimic,dro,42,66.52277777777779,49.104827880859375
mimic,dro,42,62.91444444444445,49.644439697265625
mimic,dro,42,78.45194444444444,55.66539764404297
mimic,dro,42,26.066944444444445,42.11044692993164
mimic,dro,42,66.07916666666667,49.81114959716797
mimic,dro,42,53.757222222222225,50.649322509765625
mimic,dro,42,162.74166666666667,48.09907913208008
mimic,dro,42,160.3061111111111,57.78694152832031
mimic,dro,42,103.58500000000001,46.569393157958984
mimic,dro,42,66.04944444444445,34.803123474121094
mimic,dro,42,54.623333333333335,53.382713317871094
mimic,dro,42,179.19222222222223,54.19744873046875
mimic,dro,42,122.78194444444443,59.05573272705078
mimic,dro,42,36.370555555555555,47.43760299682617
mimic,dro,42,59.81444444444445,46.7840690612793
mimic,dro,42,50.65694444444445,51.951927185058594
mimic,dro,42,280.6325,49.400184631347656
mimic,dro,42,291.6402777777778,48.048912048339844
mimic,dro,42,82.58805555555556,58.812870025634766
mimic,dro,42,111.55055555555555,48.03435516357422
mimic,dro,42,77.29416666666667,47.6688346862793
mimic,dro,42,375.7747222222222,49.44728469848633
mimic,dro,42,70.47055555555556,50.198997497558594
mimic,dro,42,38.90777777777777,49.33082580566406
mimic,dro,42,263.67861111111114,51.16993713378906
mimic,dro,42,56.17,49.70263671875
mimic,dro,42,107.61722222222222,48.9498176574707
mimic,dro,42,50.004444444444445,48.192771911621094
mimic,dro,42,113.69333333333333,48.18538284301758
mimic,dro,42,69.18111111111111,48.294010162353516
mimic,dro,42,112.13916666666665,48.92198181152344
mimic,dro,42,96.90333333333334,47.37273406982422
mimic,dro,42,73.20194444444444,49.2723503112793
mimic,dro,42,77.78361111111111,51.03773498535156
mimic,dro,42,89.26416666666667,48.357749938964844
mimic,dro,42,38.30500000000001,36.34783935546875
mimic,dro,42,48.783888888888896,50.468448638916016
mimic,dro,42,31.362777777777787,50.8922233581543
mimic,dro,42,53.38527777777777,48.35832595825195
mimic,dro,42,113.82638888888889,63.87333679199219
mimic,dro,42,29.074444444444445,53.17959213256836
mimic,dro,42,43.66694444444444,44.895328521728516
mimic,dro,42,25.820277777777783,46.23051071166992
mimic,dro,42,81.50277777777778,55.7835693359375
mimic,dro,42,272.24500000000006,54.85185241699219
mimic,dro,42,96.00083333333333,47.934303283691406
mimic,dro,42,94.8436111111111,47.24468994140625
mimic,dro,42,106.0863888888889,48.181819915771484
mimic,dro,42,28.994999999999997,36.30634689331055
mimic,dro,42,98.17222222222222,47.355045318603516
mimic,dro,42,28.3225,46.666473388671875
mimic,dro,42,54.58222222222222,48.967899322509766
mimic,dro,42,26.80027777777778,49.46284103393555
mimic,dro,42,137.56277777777777,47.04021072387695
mimic,dro,42,33.33305555555555,50.535491943359375
mimic,dro,42,67.13583333333334,48.09814453125
mimic,dro,42,99.46333333333335,47.51118850708008
mimic,dro,42,67.47999999999999,49.934818267822266
mimic,dro,42,45.24194444444444,43.394775390625
mimic,dro,42,84.47888888888889,47.664424896240234
mimic,dro,42,64.49472222222222,57.15241622924805
mimic,dro,42,464.5636111111111,50.34321594238281
mimic,dro,42,138.97611111111112,49.85468292236328
mimic,dro,42,40.156111111111116,40.03980255126953
mimic,dro,42,49.32333333333334,50.49361038208008
mimic,dro,42,210.06527777777777,49.7443733215332
mimic,dro,42,60.673055555555564,54.73407745361328
mimic,dro,42,58.80416666666666,50.969791412353516
mimic,dro,42,1207.8925,63.42169952392578
mimic,dro,42,40.381388888888885,40.14048385620117
mimic,dro,42,116.22361111111111,47.366737365722656
mimic,dro,42,27.566388888888888,43.01681137084961
mimic,dro,42,24.633333333333333,51.4827995300293
mimic,dro,42,275.15166666666664,61.76365661621094
mimic,dro,42,27.435833333333342,25.946123123168945
mimic,dro,42,95.91666666666666,51.137210845947266
mimic,dro,42,123.19277777777778,65.15130615234375
mimic,dro,42,82.94916666666667,59.93728256225586
mimic,dro,42,48.94055555555554,43.692626953125
mimic,dro,42,59.961666666666666,44.08575439453125
mimic,dro,42,42.92333333333333,46.186702728271484
mimic,dro,42,120.5141666666667,49.87554168701172
mimic,dro,42,732.8044444444445,57.81388854980469
mimic,dro,42,115.67055555555555,59.87913513183594
mimic,dro,42,87.38055555555556,53.57464599609375
mimic,dro,42,43.06805555555555,42.34080123901367
mimic,dro,42,186.53944444444446,52.074920654296875
mimic,dro,42,116.28722222222223,50.805850982666016
mimic,dro,42,108.2275,59.93045425415039
mimic,dro,42,210.60250000000002,56.320640563964844
mimic,dro,42,27.425833333333333,44.13282775878906
mimic,dro,42,34.55388888888889,34.03607940673828
mimic,dro,42,137.26416666666665,49.777679443359375
mimic,dro,42,53.566388888888895,49.309852600097656
mimic,dro,42,72.86472222222221,51.704769134521484
mimic,dro,42,68.62222222222222,49.262413024902344
mimic,dro,42,123.68944444444445,49.108516693115234
mimic,dro,42,47.96166666666666,51.37147521972656
mimic,dro,42,27.534999999999997,50.83686065673828
mimic,dro,42,34.89972222222222,52.59160232543945
mimic,dro,42,74.44944444444444,42.50208282470703
mimic,dro,42,44.723888888888894,45.13522720336914
mimic,dro,42,121.19277777777779,48.06953048706055
mimic,dro,42,78.53638888888888,48.033721923828125
mimic,dro,42,142.55638888888888,50.27197265625
mimic,dro,42,437.2705555555556,63.98566436767578
mimic,dro,42,78.61444444444444,52.411006927490234
mimic,dro,42,135.6638888888889,58.481266021728516
mimic,dro,42,27.044444444444448,41.30843734741211
mimic,dro,42,142.74638888888887,60.56111526489258
mimic,dro,42,59.879444444444445,47.94137191772461
mimic,dro,42,40.72416666666667,54.63750076293945
mimic,dro,42,27.215000000000003,51.99227523803711
mimic,dro,42,49.87138888888889,56.55412292480469
mimic,dro,42,45.98555555555555,56.60285949707031
mimic,dro,42,31.65972222222222,50.44035720825195
mimic,dro,42,63.557500000000005,48.835845947265625
mimic,dro,42,71.07861111111112,56.91943359375
mimic,dro,42,52.76805555555555,49.871212005615234
mimic,dro,42,76.18944444444443,58.09413146972656
mimic,dro,42,295.9922222222222,53.66465759277344
mimic,dro,42,47.35444444444445,47.899452209472656
mimic,dro,42,24.683055555555555,41.91200637817383
mimic,dro,42,64.3863888888889,60.584190368652344
mimic,dro,42,24.810833333333342,25.172269821166992
mimic,dro,42,24.345,45.50763702392578
mimic,dro,42,85.34277777777777,56.11690902709961
mimic,dro,42,72.30166666666666,48.74788284301758
mimic,dro,42,164.00666666666666,47.012752532958984
mimic,dro,42,48.650555555555556,53.780330657958984
mimic,dro,42,33.81,48.61778259277344
mimic,dro,42,61.57083333333334,59.2120361328125
eicu,dro,42,70.96666666666667,47.99890899658203
eicu,dro,42,62.75,48.99885940551758
eicu,dro,42,48.916666666666664,43.99663543701172
eicu,dro,42,44.68333333333333,55.616294860839844
eicu,dro,42,32.03333333333333,44.35445785522461
eicu,dro,42,44.75,47.5367317199707
eicu,dro,42,54.25,53.548526763916016
eicu,dro,42,66.11666666666666,64.98792266845703
eicu,dro,42,125.13333333333334,47.41143035888672
eicu,dro,42,26.35,25.273834228515625
eicu,dro,42,229.28333333333333,46.810611724853516
eicu,dro,42,49.95,49.53077697753906
eicu,dro,42,25.466666666666665,27.180370330810547
eicu,dro,42,36.516666666666666,37.353492736816406
eicu,dro,42,72.76666666666667,46.82112121582031
eicu,dro,42,42.56666666666667,44.51520919799805
eicu,dro,42,401.55,50.12409210205078
eicu,dro,42,68.5,46.0294189453125
eicu,dro,42,31.533333333333335,34.91012954711914
eicu,dro,42,46.56666666666667,47.53107452392578
eicu,dro,42,28.0,43.88356399536133
eicu,dro,42,42.25,45.764183044433594
eicu,dro,42,47.2,48.129268646240234
eicu,dro,42,58.5,46.7086181640625
eicu,dro,42,64.13333333333334,48.4091682434082
eicu,dro,42,84.25,54.81159973144531
eicu,dro,42,40.75,52.78458023071289
eicu,dro,42,53.68333333333333,60.09109878540039
eicu,dro,42,32.71666666666667,53.16799545288086
eicu,dro,42,35.85,47.328189849853516
eicu,dro,42,42.583333333333336,44.087677001953125
eicu,dro,42,107.16666666666667,51.7512321472168
eicu,dro,42,46.43333333333333,50.709598541259766
eicu,dro,42,164.66666666666666,49.47648620605469
eicu,dro,42,58.233333333333334,57.80233383178711
eicu,dro,42,79.01666666666667,46.147029876708984
eicu,dro,42,90.55,57.03274917602539
eicu,dro,42,29.5,30.172256469726562
eicu,dro,42,50.96666666666667,45.30331802368164
eicu,dro,42,26.8,29.254274368286133
eicu,dro,42,39.68333333333333,52.763092041015625
eicu,dro,42,76.9,46.97153854370117
eicu,dro,42,82.35,47.71730041503906
eicu,dro,42,229.46666666666667,43.21934509277344
eicu,dro,42,358.8666666666667,53.989803314208984
eicu,dro,42,231.25,46.45452880859375
eicu,dro,42,53.71666666666667,55.459014892578125
eicu,dro,42,166.55,47.45100021362305
eicu,dro,42,63.3,48.655643463134766
eicu,dro,42,53.56666666666667,53.43092727661133
eicu,dro,42,73.56666666666666,47.532798767089844
eicu,dro,42,39.5,40.8659553527832
eicu,dro,42,26.383333333333333,50.15369415283203
eicu,dro,42,27.65,51.81440734863281
eicu,dro,42,74.15,52.137290954589844
eicu,dro,42,64.18333333333334,54.62872314453125
eicu,dro,42,61.916666666666664,57.619468688964844
eicu,dro,42,67.38333333333334,62.53956604003906
eicu,dro,42,256.46666666666664,52.970462799072266
eicu,dro,42,36.983333333333334,37.69678497314453
eicu,dro,42,87.65,48.661800384521484
eicu,dro,42,44.7,46.5
eicu,dro,42,38.3,51.5769157409668
eicu,dro,42,722.95,50.400634765625
eicu,dro,42,66.88333333333334,47.235836029052734
eicu,dro,42,52.416666666666664,58.77537536621094
eicu,dro,42,41.5,50.73265838623047
eicu,dro,42,136.51666666666668,49.82986068725586
eicu,dro,42,35.483333333333334,36.428829193115234
eicu,dro,42,199.96666666666667,59.45433044433594
eicu,dro,42,44.68333333333333,44.5258903503418
eicu,dro,42,67.05,47.713829040527344
eicu,dro,42,30.133333333333333,32.58935546875
eicu,dro,42,71.48333333333333,46.82419967651367
eicu,dro,42,67.5,52.869110107421875
eicu,dro,42,45.3,51.98931884765625
eicu,dro,42,50.95,47.07804489135742
eicu,dro,42,54.56666666666667,48.747371673583984
eicu,dro,42,227.1,44.96351623535156
eicu,dro,42,268.05,51.53395080566406
eicu,dro,42,59.3,46.63386535644531
eicu,dro,42,88.15,59.44913864135742
eicu,dro,42,155.11666666666667,55.67758560180664
eicu,dro,42,165.86666666666667,48.67234802246094
eicu,dro,42,70.66666666666667,48.46231460571289
eicu,dro,42,42.9,46.24083709716797
eicu,dro,42,75.33333333333333,46.519493103027344
eicu,dro,42,54.75,46.846439361572266
eicu,dro,42,121.43333333333334,46.48615264892578
eicu,dro,42,26.333333333333332,52.58540725708008
eicu,dro,42,182.6,61.30971145629883
eicu,dro,42,236.95,46.04075622558594
eicu,dro,42,193.51666666666668,47.90952682495117
eicu,dro,42,40.266666666666666,41.871891021728516
eicu,dro,42,30.4,32.13813400268555
eicu,dro,42,27.633333333333333,40.591514587402344
eicu,dro,42,58.28333333333333,56.71792221069336
eicu,dro,42,29.833333333333332,30.111520767211914
eicu,dro,42,88.16666666666667,47.424312591552734
eicu,dro,42,39.8,42.66930389404297
eicu,dro,42,24.35,50.829124450683594
eicu,dro,42,58.233333333333334,48.457393646240234
eicu,dro,42,94.31666666666666,48.879234313964844
eicu,dro,42,37.56666666666667,38.98776626586914
eicu,dro,42,84.88333333333334,48.13420104980469
eicu,dro,42,24.433333333333334,40.32335662841797
eicu,dro,42,96.65,52.2197265625
eicu,dro,42,38.0,49.26984405517578
eicu,dro,42,42.166666666666664,45.709293365478516
eicu,dro,42,74.36666666666666,49.58087158203125
eicu,dro,42,50.86666666666667,45.41875076293945
eicu,dro,42,31.183333333333334,56.67560958862305
eicu,dro,42,29.183333333333334,48.43926239013672
eicu,dro,42,50.9,43.340763092041016
eicu,dro,42,47.53333333333333,58.525386810302734
eicu,dro,42,66.91666666666667,46.46275329589844
eicu,dro,42,43.05,44.557281494140625
eicu,dro,42,196.01666666666668,47.03010940551758
eicu,dro,42,50.333333333333336,47.39826202392578
eicu,dro,42,123.83333333333333,53.27928924560547
eicu,dro,42,52.583333333333336,45.252079010009766
eicu,dro,42,29.883333333333333,49.055728912353516
eicu,dro,42,40.083333333333336,43.67572784423828
eicu,dro,42,238.25,58.33461380004883
eicu,dro,42,68.33333333333333,48.17504119873047
eicu,dro,42,63.983333333333334,45.548892974853516
eicu,dro,42,26.216666666666665,41.89994812011719
eicu,dro,42,29.516666666666666,29.820226669311523
eicu,dro,42,25.1,56.27607727050781
eicu,dro,42,48.65,45.49771499633789
eicu,dro,42,506.9166666666667,46.9519157409668
eicu,dro,42,38.666666666666664,46.78182601928711
eicu,dro,42,61.6,49.06052780151367
eicu,dro,42,65.06666666666666,48.3205451965332
eicu,dro,42,41.266666666666666,45.12153625488281
eicu,dro,42,306.28333333333336,46.164859771728516
eicu,dro,42,38.083333333333336,40.83565139770508
eicu,dro,42,105.81666666666666,49.85224914550781
eicu,dro,42,230.8,57.00121307373047
eicu,dro,42,39.78333333333333,40.40707015991211
eicu,dro,42,126.83333333333333,47.95351028442383
eicu,dro,42,214.05,47.40732192993164
eicu,dro,42,158.91666666666666,44.87820816040039
eicu,dro,42,26.716666666666665,24.15867042541504
eicu,dro,42,26.95,42.388919830322266
eicu,dro,42,48.416666666666664,45.911319732666016
eicu,dro,42,139.98333333333332,46.442142486572266
eicu,dro,42,40.45,51.84640121459961
eicu,dro,42,27.933333333333334,28.411170959472656
eicu,dro,42,27.866666666666667,42.73534393310547
eicu,dro,42,24.05,42.20773696899414
eicu,dro,42,262.1166666666667,48.61000061035156
eicu,dro,42,63.4,49.647003173828125
eicu,dro,42,275.3666666666667,48.588016510009766
eicu,dro,42,73.78333333333333,40.16221618652344
eicu,dro,42,41.7,46.61222457885742
eicu,dro,42,53.5,53.931884765625
eicu,dro,42,37.083333333333336,52.59438705444336
eicu,dro,42,24.233333333333334,23.93561553955078
eicu,dro,42,50.4,45.999691009521484
eicu,dro,42,57.81666666666667,48.71421813964844
eicu,dro,42,259.53333333333336,48.11994552612305
eicu,dro,42,25.733333333333334,27.994951248168945
eicu,dro,42,44.583333333333336,49.226749420166016
eicu,dro,42,80.66666666666667,51.0911865234375
eicu,dro,42,74.48333333333333,53.00371170043945
eicu,dro,42,28.3,26.433155059814453
eicu,dro,42,72.28333333333333,47.34634017944336
eicu,dro,42,138.61666666666667,57.16389846801758
eicu,dro,42,97.0,48.033206939697266
eicu,dro,42,34.65,52.876495361328125
eicu,dro,42,40.53333333333333,51.28083038330078
eicu,dro,42,42.81666666666667,49.732566833496094
eicu,dro,42,236.36666666666667,42.24860382080078
eicu,dro,42,230.78333333333333,44.666603088378906
eicu,dro,42,47.7,45.91034698486328
eicu,dro,42,92.18333333333334,48.02412414550781
eicu,dro,42,29.716666666666665,31.09351348876953
eicu,dro,42,69.3,48.62904739379883
eicu,dro,42,29.1,49.875675201416016
eicu,dro,42,303.26666666666665,47.83234786987305
eicu,dro,42,283.05,57.354217529296875
eicu,dro,42,76.08333333333333,53.973392486572266
eicu,dro,42,28.466666666666665,50.90732955932617
eicu,dro,42,46.8,46.47834014892578
eicu,dro,42,35.983333333333334,36.87643051147461
eicu,dro,42,30.166666666666668,30.045679092407227
eicu,dro,42,149.3,59.332801818847656
eicu,dro,42,52.61666666666667,46.48987579345703
eicu,dro,42,120.91666666666667,48.0407600402832
eicu,dro,42,53.95,51.40086364746094
eicu,dro,42,117.33333333333333,48.426795959472656
eicu,dro,42,31.783333333333335,44.48691940307617
eicu,dro,42,28.366666666666667,30.271512985229492
eicu,dro,42,64.25,48.6660270690918
eicu,dro,42,362.2,53.91590881347656
eicu,dro,42,29.916666666666668,48.9189338684082
eicu,dro,42,116.21666666666667,55.32950973510742
eicu,dro,42,47.28333333333333,60.05964660644531
eicu,dro,42,42.916666666666664,50.95650863647461
eicu,dro,42,231.15,51.08428192138672
eicu,dro,42,41.583333333333336,47.07742691040039
eicu,dro,42,67.88333333333334,46.57136535644531
eicu,dro,42,49.25,48.77693557739258
eicu,dro,42,61.983333333333334,49.34260940551758
eicu,dro,42,24.833333333333332,36.54629898071289
eicu,dro,42,51.0,50.298152923583984
eicu,dro,42,58.916666666666664,46.04771041870117
eicu,dro,42,252.83333333333334,49.44257354736328
eicu,dro,42,32.6,33.32148742675781
eicu,dro,42,141.36666666666667,45.93913269042969
eicu,dro,42,66.28333333333333,47.2598876953125
eicu,dro,42,68.36666666666666,51.73533630371094
eicu,dro,42,62.61666666666667,43.874263763427734
eicu,dro,42,45.05,48.43144989013672
eicu,dro,42,36.61666666666667,36.008846282958984
eicu,dro,42,43.13333333333333,48.43279266357422
eicu,dro,42,121.51666666666667,48.973236083984375
eicu,dro,42,46.6,47.964141845703125
eicu,dro,42,146.55,46.73604965209961
eicu,dro,42,94.18333333333334,48.63496398925781
eicu,dro,42,28.55,31.57901382446289
eicu,dro,42,137.08333333333334,55.660804748535156
eicu,dro,42,80.88333333333334,46.26360321044922
eicu,dro,42,108.66666666666667,60.426876068115234
eicu,dro,42,89.91666666666667,48.3096809387207
eicu,dro,42,38.516666666666666,39.97453308105469
eicu,dro,42,152.48333333333332,54.07272720336914
eicu,dro,42,371.1,47.60415267944336
eicu,dro,42,111.08333333333333,51.87269973754883
eicu,dro,42,117.38333333333334,48.63116455078125
eicu,dro,42,100.83333333333333,45.18059158325195
eicu,dro,42,25.0,48.13309860229492
eicu,dro,42,25.0,27.755691528320312
eicu,dro,42,107.53333333333333,48.3745231628418
eicu,dro,42,48.8,49.25413513183594
eicu,dro,42,46.45,47.37577819824219
eicu,dro,42,57.06666666666667,44.854400634765625
eicu,dro,42,58.5,58.50203323364258
eicu,dro,42,60.43333333333333,50.7634162902832
eicu,dro,42,35.0,38.20294952392578
eicu,dro,42,114.75,47.03696823120117
eicu,dro,42,46.53333333333333,47.017662048339844
eicu,dro,42,63.36666666666667,45.09933853149414
eicu,dro,42,102.08333333333333,49.082454681396484
eicu,dro,42,28.75,48.65754699707031
eicu,dro,42,24.15,25.126880645751953
eicu,dro,42,35.36666666666667,35.27419662475586
eicu,dro,42,24.133333333333333,52.54444885253906
eicu,dro,42,39.25,42.91914367675781
eicu,dro,42,77.83333333333333,44.20860290527344
eicu,dro,42,94.61666666666666,50.096954345703125
eicu,dro,42,57.93333333333333,45.965797424316406
eicu,dro,42,27.766666666666666,52.1360969543457
eicu,dro,42,142.68333333333334,48.2784423828125
eicu,dro,42,409.7,47.56222152709961
eicu,dro,42,38.65,43.70063781738281
eicu,dro,42,73.51666666666667,48.834373474121094
eicu,dro,42,130.85,54.65379333496094
eicu,dro,42,56.45,50.35494613647461
eicu,dro,42,28.5,30.295804977416992
eicu,dro,42,40.75,43.39199447631836
eicu,dro,42,26.116666666666667,37.202762603759766
eicu,dro,42,45.516666666666666,44.73250198364258
eicu,dro,42,270.1666666666667,54.09649658203125
eicu,dro,42,50.266666666666666,54.17150115966797
eicu,dro,42,36.983333333333334,37.76333999633789
eicu,dro,42,37.25,48.09416580200195
eicu,dro,42,67.41666666666667,52.44075012207031
eicu,dro,42,70.65,48.116058349609375
eicu,dro,42,43.0,50.0535774230957
eicu,dro,42,27.683333333333334,48.16118621826172
eicu,dro,42,79.31666666666666,53.80964660644531
eicu,dro,42,62.083333333333336,58.043373107910156
eicu,dro,42,510.6,47.32414627075195
eicu,dro,42,78.7,56.71896743774414
eicu,dro,42,26.783333333333335,53.964874267578125
eicu,dro,42,91.46666666666667,51.38661193847656
eicu,dro,42,62.016666666666666,46.1572151184082
eicu,dro,42,75.0,48.757286071777344
eicu,dro,42,34.06666666666667,47.33378982543945
eicu,dro,42,40.36666666666667,50.426326751708984
eicu,dro,42,74.38333333333334,45.77227783203125
eicu,dro,42,41.3,43.2999153137207
eicu,dro,42,265.0833333333333,48.55478286743164
eicu,dro,42,38.016666666666666,41.34543228149414
eicu,dro,42,79.48333333333333,51.95832824707031
eicu,dro,42,24.966666666666665,25.984350204467773
eicu,dro,42,117.01666666666667,53.78197479248047
eicu,dro,42,65.6,47.72370147705078
eicu,dro,42,171.15,53.4848747253418
eicu,dro,42,76.76666666666667,43.69272232055664
eicu,dro,42,35.36666666666667,36.225337982177734
eicu,dro,42,60.916666666666664,54.53357696533203
eicu,dro,42,47.06666666666667,51.18052291870117
eicu,dro,42,35.71666666666667,37.88081741333008
eicu,dro,42,423.8666666666667,48.02436065673828
eicu,dro,42,27.716666666666665,55.77379608154297
eicu,dro,42,34.63333333333333,49.57209396362305
eicu,dro,42,24.45,26.566776275634766
eicu,dro,42,67.4,50.92775344848633
eicu,dro,42,30.433333333333334,53.0319938659668
eicu,dro,42,65.86666666666666,44.63911056518555
eicu,dro,42,53.833333333333336,45.910133361816406
eicu,dro,42,30.433333333333334,51.92192459106445
eicu,dro,42,72.51666666666667,47.26279830932617
eicu,dro,42,49.916666666666664,46.40993881225586
eicu,dro,42,150.3,51.466983795166016
eicu,dro,42,133.28333333333333,54.88067626953125
eicu,dro,42,48.46666666666667,47.84878921508789
eicu,dro,42,142.63333333333333,58.35997009277344
eicu,dro,42,34.35,51.45730209350586
eicu,dro,42,47.93333333333333,47.307132720947266
eicu,dro,42,33.53333333333333,50.883155822753906
eicu,dro,42,25.583333333333332,36.815914154052734
eicu,dro,42,357.2,47.746952056884766
eicu,dro,42,67.88333333333334,47.86924362182617
eicu,dro,42,42.13333333333333,53.24706268310547
eicu,dro,42,70.1,48.21139907836914
eicu,dro,42,41.666666666666664,47.894535064697266
eicu,dro,42,26.433333333333334,44.56882858276367
eicu,dro,42,33.61666666666667,35.632835388183594
eicu,dro,42,116.6,45.78282928466797
eicu,dro,42,72.5,52.630191802978516
eicu,dro,42,42.6,47.07083511352539
eicu,dro,42,92.33333333333333,56.41318130493164
eicu,dro,42,55.266666666666666,50.098148345947266
eicu,dro,42,39.56666666666667,40.95215606689453
eicu,dro,42,35.75,44.30182647705078
eicu,dro,42,42.18333333333333,45.6475944519043
eicu,dro,42,101.68333333333334,49.15179443359375
eicu,dro,42,106.81666666666666,48.788475036621094
eicu,dro,42,26.983333333333334,28.97264862060547
eicu,dro,42,44.666666666666664,50.86136245727539
eicu,dro,42,27.716666666666665,50.474510192871094
eicu,dro,42,91.38333333333334,45.40364456176758
eicu,dro,42,30.95,47.8265266418457
eicu,dro,42,44.083333333333336,49.14512252807617
eicu,dro,42,82.58333333333333,49.289825439453125
eicu,dro,42,57.416666666666664,53.62382507324219
eicu,dro,42,60.15,50.350929260253906
eicu,dro,42,154.21666666666667,58.834293365478516
eicu,dro,42,40.5,49.629207611083984
eicu,dro,42,93.85,44.10083770751953
eicu,dro,42,64.4,46.784400939941406
eicu,dro,42,90.56666666666666,49.91202926635742
eicu,dro,42,33.1,35.0267219543457
eicu,dro,42,68.48333333333333,48.64878845214844
eicu,dro,42,97.38333333333334,52.53784942626953
eicu,dro,42,74.5,48.67328643798828
eicu,dro,42,49.083333333333336,49.11333084106445
eicu,dro,42,29.833333333333332,49.603538513183594
eicu,dro,42,29.216666666666665,49.69700622558594
eicu,dro,42,441.78333333333336,44.345611572265625
eicu,dro,42,330.26666666666665,43.33000564575195
eicu,dro,42,74.9,47.78379821777344
eicu,dro,42,146.78333333333333,46.62396240234375
eicu,dro,42,556.75,65.86194610595703
eicu,dro,42,96.13333333333334,47.8824348449707
eicu,dro,42,121.51666666666667,49.462589263916016
eicu,dro,42,62.983333333333334,58.22307205200195
eicu,dro,42,26.483333333333334,39.09215545654297
eicu,dro,42,439.1166666666667,56.63978576660156
eicu,dro,42,51.35,46.80258560180664
eicu,dro,42,71.6,48.24372482299805
eicu,dro,42,58.11666666666667,61.54830551147461
eicu,dro,42,45.78333333333333,48.15239715576172
eicu,dro,42,49.46666666666667,47.0086555480957
eicu,dro,42,69.4,43.715965270996094
eicu,dro,42,28.516666666666666,48.75868606567383
eicu,dro,42,61.85,50.31389617919922
eicu,dro,42,142.13333333333333,54.53302001953125
eicu,dro,42,53.63333333333333,52.48267364501953
eicu,dro,42,43.516666666666666,49.8785285949707
eicu,dro,42,94.6,43.30128479003906
eicu,dro,42,30.35,28.619367599487305
eicu,dro,42,50.11666666666667,66.53065490722656
eicu,dro,42,44.233333333333334,50.359378814697266
eicu,dro,42,25.8,27.72197914123535
eicu,dro,42,38.583333333333336,39.0833625793457
eicu,dro,42,40.8,52.0378303527832
eicu,dro,42,913.0166666666667,58.33195495605469
eicu,dro,42,79.53333333333333,47.01412582397461
eicu,dro,42,27.35,30.125476837158203
eicu,dro,42,40.5,44.45671463012695
eicu,dro,42,24.983333333333334,48.483436584472656
eicu,dro,42,47.93333333333333,58.08055114746094
eicu,dro,42,205.38333333333333,58.77255630493164
eicu,dro,42,31.616666666666667,49.704498291015625
eicu,dro,42,28.666666666666668,45.32034683227539
eicu,dro,42,127.48333333333333,54.772438049316406
eicu,dro,42,123.75,55.67912292480469
eicu,dro,42,273.4166666666667,51.276817321777344
eicu,dro,42,163.83333333333334,45.88993835449219
eicu,dro,42,50.46666666666667,47.14448165893555
eicu,dro,42,195.16666666666666,58.51809310913086
eicu,dro,42,168.38333333333333,42.62259292602539
eicu,dro,42,37.4,33.74009323120117
eicu,dro,42,53.35,46.30615234375
eicu,dro,42,234.55,53.61090850830078
eicu,dro,42,46.666666666666664,46.65331268310547
eicu,dro,42,119.41666666666667,59.79460525512695
eicu,dro,42,261.6166666666667,67.24948120117188
eicu,dro,42,30.65,32.53974151611328
eicu,dro,42,48.61666666666667,44.68058776855469
eicu,dro,42,391.8833333333333,55.56715393066406
eicu,dro,42,138.58333333333334,49.209903717041016
eicu,dro,42,88.15,52.74504470825195
eicu,dro,42,44.86666666666667,48.61867141723633
eicu,dro,42,38.81666666666667,40.911808013916016
eicu,dro,42,39.9,40.010154724121094
eicu,dro,42,173.98333333333332,56.69123077392578
eicu,dro,42,44.516666666666666,42.88888168334961
eicu,dro,42,47.016666666666666,45.57569122314453
eicu,dro,42,94.55,48.00514602661133
eicu,dro,42,68.63333333333334,48.576480865478516
eicu,dro,42,32.63333333333333,46.707130432128906
eicu,dro,42,32.083333333333336,33.60279083251953
eicu,dro,42,186.56666666666666,44.26381301879883
eicu,dro,42,480.3,46.892845153808594
eicu,dro,42,54.5,50.99519729614258
eicu,dro,42,35.13333333333333,36.4430046081543
eicu,dro,42,26.5,38.41250991821289
eicu,dro,42,33.93333333333333,37.90631866455078
eicu,dro,42,41.25,43.92393493652344
eicu,dro,42,32.1,51.61085891723633
eicu,dro,42,24.1,25.47417640686035
eicu,dro,42,386.26666666666665,50.23239517211914
eicu,dro,42,25.166666666666668,44.20209503173828
eicu,dro,42,26.15,27.502445220947266
eicu,dro,42,279.1333333333333,49.18094253540039
eicu,dro,42,36.9,48.1272087097168
eicu,dro,42,88.75,53.872249603271484
eicu,dro,42,27.8,30.21929931640625
eicu,dro,42,59.55,47.809600830078125
eicu,dro,42,24.333333333333332,52.83167266845703
eicu,dro,42,62.86666666666667,49.33776092529297
eicu,dro,42,94.33333333333333,46.47138977050781
eicu,dro,42,85.88333333333334,42.432647705078125
eicu,dro,42,86.81666666666666,48.11248779296875
eicu,dro,42,30.183333333333334,53.763431549072266
eicu,dro,42,50.5,44.564701080322266
eicu,dro,42,202.56666666666666,59.44758224487305
eicu,dro,42,92.23333333333333,50.3873291015625
eicu,dro,42,25.883333333333333,59.871620178222656
eicu,dro,42,165.1,52.97907257080078
eicu,dro,42,80.75,51.17084503173828
eicu,dro,42,67.2,48.67548751831055
eicu,dro,42,45.7,43.17012023925781
eicu,dro,42,276.8333333333333,47.539337158203125
eicu,dro,42,70.0,48.92047119140625
eicu,dro,42,92.98333333333333,44.607784271240234
eicu,dro,42,59.31666666666667,49.40363311767578
eicu,dro,42,56.78333333333333,48.73309326171875
eicu,dro,42,54.95,46.42698669433594
eicu,dro,42,48.56666666666667,42.452117919921875
eicu,dro,42,36.75,33.396427154541016
eicu,dro,42,140.68333333333334,55.27943801879883
eicu,dro,42,44.8,52.26116943359375
eicu,dro,42,62.3,53.46015930175781
eicu,dro,42,62.75,56.55242156982422
eicu,dro,42,46.61666666666667,47.49380874633789
eicu,dro,42,72.56666666666666,47.04712677001953
eicu,dro,42,88.36666666666666,45.14999008178711
eicu,dro,42,45.4,45.910423278808594
eicu,dro,42,45.9,48.626953125
eicu,dro,42,50.166666666666664,45.50000762939453
eicu,dro,42,35.36666666666667,51.33734893798828
eicu,dro,42,116.36666666666666,59.39396667480469
eicu,dro,42,279.0,52.23028564453125
eicu,dro,42,67.61666666666666,48.46086120605469
eicu,dro,42,165.68333333333334,48.12241744995117
eicu,dro,42,62.31666666666667,51.645179748535156
eicu,dro,42,255.51666666666668,49.25164031982422
eicu,dro,42,32.86666666666667,49.87063217163086
eicu,dro,42,39.53333333333333,41.96299743652344
eicu,dro,42,26.583333333333332,29.557321548461914
eicu,dro,42,27.533333333333335,29.29742431640625
eicu,dro,42,96.11666666666666,52.92157745361328
eicu,dro,42,142.03333333333333,46.84342575073242
eicu,dro,42,87.98333333333333,47.273765563964844
eicu,dro,42,62.03333333333333,50.25149154663086
eicu,dro,42,31.883333333333333,33.30979537963867
eicu,dro,42,26.75,49.15858840942383
eicu,dro,42,238.55,47.14088821411133
eicu,dro,42,46.916666666666664,45.12735366821289
eicu,dro,42,99.33333333333333,42.42444610595703
eicu,dro,42,65.3,50.62447738647461
eicu,dro,42,39.2,43.49715042114258
eicu,dro,42,92.38333333333334,49.443077087402344
eicu,dro,42,32.71666666666667,53.454708099365234
eicu,dro,42,272.78333333333336,52.713417053222656
eicu,dro,42,175.75,53.867801666259766
eicu,dro,42,26.316666666666666,28.070079803466797
eicu,dro,42,84.45,48.28242492675781
eicu,dro,42,39.35,43.76491928100586
eicu,dro,42,51.766666666666666,50.65298080444336
eicu,dro,42,45.333333333333336,46.24871063232422
eicu,dro,42,96.5,47.04391098022461
eicu,dro,42,729.7,59.07033920288086
eicu,dro,42,57.85,48.34759521484375
eicu,dro,42,77.48333333333333,47.82980728149414
eicu,dro,42,30.083333333333332,31.07048797607422
eicu,dro,42,24.433333333333334,40.1185188293457
eicu,dro,42,704.3833333333333,44.57992172241211
eicu,dro,42,42.46666666666667,44.65751266479492
eicu,dro,42,325.76666666666665,65.86548614501953
eicu,dro,42,47.11666666666667,51.917179107666016
eicu,dro,42,43.4,46.632320404052734
eicu,dro,42,42.88333333333333,47.496707916259766
eicu,dro,42,86.13333333333334,42.734779357910156
eicu,dro,42,52.233333333333334,42.838653564453125
eicu,dro,42,46.63333333333333,44.636192321777344
eicu,dro,42,43.5,45.5932502746582
eicu,dro,42,95.48333333333333,49.16315460205078
eicu,dro,42,64.51666666666667,44.94781494140625
eicu,dro,42,118.11666666666666,49.1259765625
eicu,dro,42,30.833333333333332,54.97153091430664
eicu,dro,42,46.766666666666666,44.18754577636719
eicu,dro,42,112.98333333333333,51.99471664428711
eicu,dro,42,28.316666666666666,28.9726619720459
eicu,dro,42,52.516666666666666,47.447906494140625
eicu,dro,42,40.6,49.19447708129883
eicu,dro,42,82.26666666666667,52.83208465576172
eicu,dro,42,35.96666666666667,35.619808197021484
eicu,dro,42,69.8,50.11996078491211
eicu,dro,42,42.25,58.41054153442383
eicu,dro,42,109.61666666666666,57.364906311035156
eicu,dro,42,175.08333333333334,53.68921661376953
eicu,dro,42,27.0,29.766807556152344
eicu,dro,42,45.083333333333336,46.017704010009766
eicu,dro,42,214.11666666666667,45.4658203125
eicu,dro,42,39.6,38.77683639526367
eicu,dro,42,43.18333333333333,42.56747055053711
eicu,dro,42,105.16666666666667,57.136722564697266
eicu,dro,42,52.21666666666667,45.381656646728516
eicu,dro,42,124.68333333333334,51.66392135620117
eicu,dro,42,35.56666666666667,38.017574310302734
eicu,dro,42,39.516666666666666,37.88713836669922
eicu,dro,42,38.083333333333336,40.08344650268555
eicu,dro,42,185.96666666666667,49.12919998168945
eicu,dro,42,29.75,47.95089340209961
eicu,dro,42,60.28333333333333,49.75156021118164
eicu,dro,42,24.8,38.675228118896484
eicu,dro,42,164.28333333333333,45.96834945678711
eicu,dro,42,73.81666666666666,47.88092041015625
eicu,dro,42,24.65,50.49483871459961
eicu,dro,42,29.116666666666667,30.787195205688477
eicu,dro,42,122.2,51.761131286621094
eicu,dro,42,85.65,48.99077606201172
eicu,dro,42,30.716666666666665,33.698219299316406
eicu,dro,42,44.916666666666664,44.460975646972656
eicu,dro,42,49.266666666666666,50.346214294433594
eicu,dro,42,49.0,46.42868423461914
eicu,dro,42,27.833333333333332,50.89281463623047
eicu,dro,42,26.0,55.21857833862305
eicu,dro,42,81.26666666666667,56.76792526245117
eicu,dro,42,64.35,48.86119842529297
eicu,dro,42,77.6,45.11932373046875
eicu,dro,42,50.06666666666667,47.642730712890625
eicu,dro,42,34.45,35.847442626953125
eicu,dro,42,66.55,46.538021087646484
eicu,dro,42,94.91666666666667,42.41008758544922
eicu,dro,42,30.85,41.5388069152832
eicu,dro,42,35.45,37.67414855957031
eicu,dro,42,46.666666666666664,47.846622467041016
eicu,dro,42,38.96666666666667,46.05449676513672
eicu,dro,42,26.05,52.728084564208984
eicu,dro,42,68.75,47.46907043457031
eicu,dro,42,69.83333333333333,44.66762924194336
eicu,dro,42,40.6,43.936363220214844
eicu,dro,42,162.31666666666666,50.026832580566406
eicu,dro,42,75.3,41.981101989746094
eicu,dro,42,61.583333333333336,49.35933303833008
eicu,dro,42,569.0666666666667,46.735618591308594
eicu,dro,42,41.9,50.86193084716797
eicu,dro,42,56.583333333333336,53.1915283203125
eicu,dro,42,65.7,48.330963134765625
eicu,dro,42,154.25,61.31184768676758
eicu,dro,42,71.43333333333334,45.40532684326172
eicu,dro,42,90.58333333333333,46.33663558959961
eicu,dro,42,87.85,56.90264129638672
eicu,dro,42,93.98333333333333,46.48265075683594
eicu,dro,42,62.5,48.913414001464844
eicu,dro,42,30.75,31.86578369140625
eicu,dro,42,38.13333333333333,39.603153228759766
eicu,dro,42,217.18333333333334,48.1612663269043
eicu,dro,42,137.53333333333333,52.0767936706543
eicu,dro,42,70.38333333333334,43.49181365966797
eicu,dro,42,59.666666666666664,48.82255554199219
eicu,dro,42,94.08333333333333,50.0026741027832
eicu,dro,42,96.61666666666666,57.07759475708008
eicu,dro,42,245.91666666666666,49.75486373901367
eicu,dro,42,58.55,49.340511322021484
eicu,dro,42,123.05,55.20206832885742
eicu,dro,42,41.3,51.36198806762695
eicu,dro,42,48.31666666666667,49.75827407836914
eicu,dro,42,44.916666666666664,47.99052047729492
eicu,dro,42,48.96666666666667,49.40568923950195
eicu,dro,42,48.766666666666666,48.80877685546875
eicu,dro,42,52.11666666666667,45.25404357910156
eicu,dro,42,43.71666666666667,47.98220443725586
eicu,dro,42,114.65,48.452301025390625
eicu,dro,42,26.333333333333332,27.4624080657959
eicu,dro,42,141.88333333333333,47.36648178100586
eicu,dro,42,262.55,46.75440216064453
eicu,dro,42,41.86666666666667,43.685550689697266
eicu,dro,42,64.96666666666667,49.420677185058594
eicu,dro,42,657.9333333333333,48.662994384765625
eicu,dro,42,170.66666666666666,48.62755584716797
eicu,dro,42,696.9666666666667,48.40861511230469
eicu,dro,42,64.8,49.175716400146484
eicu,dro,42,128.48333333333332,45.69123077392578
eicu,dro,42,97.95,57.95562744140625
eicu,dro,42,70.28333333333333,43.6861686706543
eicu,dro,42,78.2,48.26066970825195
eicu,dro,42,44.96666666666667,48.077430725097656
eicu,dro,42,46.15,46.92760467529297
eicu,dro,42,25.266666666666666,52.271217346191406
eicu,dro,42,58.9,49.39101791381836
eicu,dro,42,119.95,46.57665252685547
eicu,dro,42,25.9,45.59857177734375
eicu,dro,42,32.05,34.15306091308594
eicu,dro,42,33.0,49.233985900878906
eicu,dro,42,127.85,47.93074417114258
eicu,dro,42,27.666666666666668,39.394832611083984
eicu,dro,42,72.45,48.919124603271484
eicu,dro,42,115.98333333333333,51.91705322265625
eicu,dro,42,77.8,52.64432144165039
eicu,dro,42,34.0,55.76754379272461
eicu,dro,42,394.3,55.573307037353516
eicu,dro,42,69.28333333333333,48.32768249511719
eicu,dro,42,28.2,35.50254821777344
eicu,dro,42,86.33333333333333,55.043827056884766
eicu,dro,42,77.38333333333334,53.74706268310547
eicu,dro,42,193.8,54.512393951416016
eicu,dro,42,37.666666666666664,36.791786193847656
eicu,dro,42,24.2,37.317665100097656
eicu,dro,42,56.68333333333333,59.93466567993164
eicu,dro,42,61.0,48.570865631103516
eicu,dro,42,25.633333333333333,32.43178176879883
eicu,dro,42,36.666666666666664,37.88417434692383
eicu,dro,42,116.33333333333333,47.46812438964844
eicu,dro,42,24.8,27.364952087402344
eicu,dro,42,162.35,46.19930648803711
eicu,dro,42,220.18333333333334,47.1448974609375
eicu,dro,42,66.9,49.413909912109375
eicu,dro,42,208.11666666666667,50.01393508911133
eicu,dro,42,31.666666666666668,51.39736557006836
eicu,dro,42,189.16666666666666,49.53677749633789
eicu,dro,42,30.816666666666666,50.94533920288086
eicu,dro,42,56.78333333333333,48.465484619140625
eicu,dro,42,62.21666666666667,49.850685119628906
eicu,dro,42,35.93333333333333,54.61784744262695
eicu,dro,42,48.733333333333334,44.585052490234375
eicu,dro,42,270.45,53.198211669921875
eicu,dro,42,45.31666666666667,47.336692810058594
eicu,dro,42,40.36666666666667,51.56748962402344
eicu,dro,42,96.88333333333334,45.45975875854492
eicu,dro,42,135.0,58.36149597167969
eicu,dro,42,84.28333333333333,48.03623580932617
eicu,dro,42,93.28333333333333,49.61198425292969
eicu,dro,42,24.3,26.668256759643555
eicu,dro,42,118.1,47.83425521850586
eicu,dro,42,38.5,40.44050979614258
eicu,dro,42,33.06666666666667,51.15421676635742
eicu,dro,42,634.7,48.34931564331055
eicu,dro,42,48.2,48.346702575683594
eicu,dro,42,25.55,53.33036804199219
eicu,dro,42,88.06666666666666,45.301002502441406
eicu,dro,42,39.81666666666667,40.17181396484375
eicu,dro,42,63.266666666666666,48.92591094970703
eicu,dro,42,38.583333333333336,40.63194274902344
eicu,dro,42,198.6,49.21707534790039
eicu,dro,42,37.9,36.40544128417969
eicu,dro,42,95.51666666666667,47.47590255737305
eicu,dro,42,52.083333333333336,45.455406188964844
eicu,dro,42,37.416666666666664,39.66036605834961
eicu,dro,42,130.13333333333333,45.225799560546875
eicu,dro,42,26.033333333333335,47.248844146728516
eicu,dro,42,34.96666666666667,33.09082794189453
eicu,dro,42,35.3,35.084232330322266
eicu,dro,42,76.11666666666666,50.29637908935547
eicu,dro,42,121.91666666666667,48.18395233154297
eicu,dro,42,36.56666666666667,36.09847640991211
eicu,dro,42,39.2,51.40520095825195
eicu,dro,42,38.43333333333333,41.014625549316406
eicu,dro,42,64.68333333333334,47.500850677490234
eicu,dro,42,105.33333333333333,48.52448654174805
eicu,dro,42,28.066666666666666,47.78779983520508
eicu,dro,42,69.45,45.896209716796875
eicu,dro,42,50.733333333333334,45.59212875366211
eicu,dro,42,83.35,52.37541580200195
eicu,dro,42,32.81666666666667,34.53959655761719
eicu,dro,42,40.5,42.59425735473633
eicu,dro,42,123.15,50.123748779296875
eicu,dro,42,95.08333333333333,47.467674255371094
eicu,dro,42,235.91666666666666,48.38026809692383
eicu,dro,42,24.4,48.193931579589844
eicu,dro,42,25.833333333333332,24.252038955688477
eicu,dro,42,40.4,41.065391540527344
eicu,dro,42,38.733333333333334,52.75091552734375
eicu,dro,42,82.88333333333334,42.94441604614258
eicu,dro,42,28.266666666666666,51.553619384765625
eicu,dro,42,47.3,50.3427619934082
eicu,dro,42,131.43333333333334,47.367034912109375
eicu,dro,42,25.9,27.501235961914062
eicu,dro,42,69.63333333333334,53.067405700683594
eicu,dro,42,139.58333333333334,45.724952697753906
eicu,dro,42,36.21666666666667,49.657352447509766
eicu,dro,42,24.583333333333332,54.96873092651367
eicu,dro,42,66.56666666666666,49.94159698486328
eicu,dro,42,526.4666666666667,59.3502082824707
eicu,dro,42,52.28333333333333,46.87934875488281
eicu,dro,42,26.716666666666665,47.636539459228516
eicu,dro,42,32.483333333333334,31.76988983154297
eicu,dro,42,32.083333333333336,49.123538970947266
eicu,dro,42,67.81666666666666,45.32612228393555
eicu,dro,42,42.36666666666667,46.367435455322266
eicu,dro,42,63.13333333333333,50.12968444824219
eicu,dro,42,126.91666666666667,44.15855407714844
eicu,dro,42,62.85,47.66156005859375
eicu,dro,42,266.6666666666667,55.801849365234375
eicu,dro,42,383.15,52.72867202758789
eicu,dro,42,34.21666666666667,33.13865661621094
eicu,dro,42,96.38333333333334,42.820167541503906
eicu,dro,42,72.88333333333334,56.42402267456055
eicu,dro,42,58.083333333333336,47.89903259277344
eicu,dro,42,165.76666666666668,60.65209197998047
eicu,dro,42,127.51666666666667,46.24341583251953
eicu,dro,42,41.85,50.15870666503906
eicu,dro,42,152.5,59.459720611572266
eicu,dro,42,31.35,50.80996322631836
eicu,dro,42,213.75,54.00669479370117
eicu,dro,42,25.3,50.28446960449219
eicu,dro,42,165.16666666666666,44.060855865478516
eicu,dro,42,30.4,49.027164459228516
eicu,dro,42,47.71666666666667,48.31748580932617
eicu,dro,42,113.81666666666666,47.044620513916016
eicu,dro,42,239.71666666666667,49.13462829589844
eicu,dro,42,70.76666666666667,43.494998931884766
eicu,dro,42,98.41666666666667,52.13067626953125
eicu,dro,42,69.91666666666667,50.01829147338867
eicu,dro,42,396.2,49.57252883911133
eicu,dro,42,141.56666666666666,48.18887710571289
eicu,dro,42,41.96666666666667,47.31145095825195
eicu,dro,42,43.21666666666667,51.4898796081543
eicu,dro,42,72.4,49.43980407714844
eicu,dro,42,33.13333333333333,50.449249267578125
eicu,dro,42,29.083333333333332,30.261672973632812
eicu,dro,42,31.033333333333335,53.7708740234375
eicu,dro,42,25.283333333333335,25.50849151611328
eicu,dro,42,83.33333333333333,43.434993743896484
eicu,dro,42,337.1166666666667,46.804935455322266
eicu,dro,42,32.016666666666666,55.400596618652344
eicu,dro,42,26.45,30.343692779541016
eicu,dro,42,571.3166666666667,48.27451705932617
eicu,dro,42,58.43333333333333,43.486934661865234
eicu,dro,42,27.0,29.102163314819336
eicu,dro,42,59.38333333333333,49.85713195800781
eicu,dro,42,76.65,56.81929397583008
eicu,dro,42,511.9166666666667,46.62330627441406
eicu,dro,42,494.26666666666665,47.80123519897461
eicu,dro,42,38.4,49.7191047668457
eicu,dro,42,46.7,45.017112731933594
eicu,dro,42,39.53333333333333,43.624267578125
eicu,dro,42,36.95,37.28328323364258
eicu,dro,42,51.6,49.577880859375
eicu,dro,42,121.38333333333334,61.25963592529297
eicu,dro,42,26.366666666666667,38.74313735961914
eicu,dro,42,84.73333333333333,46.639896392822266
eicu,dro,42,31.45,33.207942962646484
eicu,dro,42,75.91666666666667,58.4221305847168
eicu,dro,42,27.0,35.67084884643555
eicu,dro,42,31.016666666666666,35.05296325683594
eicu,dro,42,49.11666666666667,48.5328254699707
eicu,dro,42,39.516666666666666,33.90007019042969
eicu,dro,42,37.36666666666667,38.728065490722656
eicu,dro,42,44.983333333333334,43.52216339111328
eicu,dro,42,53.81666666666667,48.04402160644531
eicu,dro,42,44.68333333333333,43.14990234375
eicu,dro,42,25.933333333333334,48.624244689941406
eicu,dro,42,216.41666666666666,47.46556854248047
eicu,dro,42,39.81666666666667,51.68509292602539
eicu,dro,42,55.416666666666664,48.50922393798828
eicu,dro,42,49.65,45.57118225097656
eicu,dro,42,196.45,56.13706588745117
eicu,dro,42,94.66666666666667,51.8701057434082
eicu,dro,42,165.55,50.1495361328125
eicu,dro,42,182.8,48.816768646240234
eicu,dro,42,72.91666666666667,54.79119110107422
eicu,dro,42,114.0,48.13396453857422
eicu,dro,42,213.63333333333333,53.636329650878906
eicu,dro,42,27.333333333333332,27.954689025878906
eicu,dro,42,38.2,41.73448944091797
eicu,dro,42,52.43333333333333,42.380435943603516
eicu,dro,42,212.65,55.04414749145508
eicu,dro,42,67.86666666666666,53.02939224243164
eicu,dro,42,95.83333333333333,55.49410629272461
eicu,dro,42,48.38333333333333,47.75104522705078
eicu,dro,42,44.78333333333333,44.89369583129883
eicu,dro,42,47.0,48.42340087890625
eicu,dro,42,112.68333333333334,53.541526794433594
eicu,dro,42,41.75,45.0647087097168
eicu,dro,42,72.95,48.348114013671875
eicu,dro,42,74.3,53.52678298950195
eicu,dro,42,118.26666666666667,50.2346305847168
eicu,dro,42,1411.0666666666666,55.55830764770508
eicu,dro,42,46.21666666666667,44.66680145263672
eicu,dro,42,99.76666666666667,53.268123626708984
eicu,dro,42,30.566666666666666,35.11027526855469
eicu,dro,42,77.1,47.1264762878418
eicu,dro,42,48.916666666666664,47.583229064941406
eicu,dro,42,40.7,45.60536193847656
eicu,dro,42,67.85,53.52824020385742
eicu,dro,42,46.166666666666664,47.270729064941406
eicu,dro,42,39.333333333333336,41.02311325073242
eicu,dro,42,44.38333333333333,47.34873962402344
eicu,dro,42,35.78333333333333,45.45802307128906
eicu,dro,42,39.583333333333336,41.21453094482422
eicu,dro,42,30.183333333333334,48.19013214111328
eicu,dro,42,37.6,39.30982208251953
eicu,dro,42,44.016666666666666,48.141475677490234
eicu,dro,42,48.86666666666667,46.48262023925781
eicu,dro,42,300.7,58.596275329589844
eicu,dro,42,43.5,42.56424331665039
eicu,dro,42,47.166666666666664,47.53569030761719
eicu,dro,42,33.53333333333333,55.372501373291016
eicu,dro,42,24.966666666666665,26.120149612426758
eicu,dro,42,24.916666666666668,39.4721565246582
eicu,dro,42,37.36666666666667,38.23345947265625
eicu,dro,42,51.38333333333333,45.77484130859375
eicu,dro,42,29.166666666666668,50.846588134765625
eicu,dro,42,29.3,28.255558013916016
eicu,dro,42,1019.5333333333333,45.67680740356445
eicu,dro,42,39.65,51.768001556396484
eicu,dro,42,72.18333333333334,48.53800964355469
eicu,dro,42,52.916666666666664,56.53025436401367
eicu,dro,42,25.666666666666668,41.723323822021484
eicu,dro,42,35.31666666666667,47.662567138671875
eicu,dro,42,35.25,37.82011032104492
eicu,dro,42,42.71666666666667,42.323062896728516
eicu,dro,42,49.333333333333336,45.01715850830078
eicu,dro,42,59.833333333333336,57.03197479248047
eicu,dro,42,83.53333333333333,48.312408447265625
eicu,dro,42,123.36666666666666,48.23653793334961
eicu,dro,42,73.41666666666667,45.730133056640625
eicu,dro,42,43.483333333333334,45.924339294433594
eicu,dro,42,31.5,51.29018020629883
eicu,dro,42,45.3,47.15910720825195
eicu,dro,42,298.01666666666665,49.010398864746094
eicu,dro,42,70.1,47.11897277832031
eicu,dro,42,47.4,52.06690979003906
eicu,dro,42,51.31666666666667,53.298927307128906
eicu,dro,42,28.95,47.192039489746094
eicu,dro,42,170.0,52.89537048339844
eicu,dro,42,46.0,45.43744659423828
eicu,dro,42,29.9,32.2837028503418
eicu,dro,42,287.93333333333334,46.208927154541016
eicu,dro,42,65.3,44.16107177734375
eicu,dro,42,38.96666666666667,36.29279708862305
eicu,dro,42,102.43333333333334,52.46092224121094
eicu,dro,42,69.01666666666667,48.45449447631836
eicu,dro,42,26.833333333333332,28.61741065979004
eicu,dro,42,62.03333333333333,54.11473083496094
eicu,dro,42,53.96666666666667,46.18781661987305
eicu,dro,42,51.36666666666667,44.948646545410156
eicu,dro,42,382.56666666666666,46.45451736450195
eicu,dro,42,223.45,51.411399841308594
eicu,dro,42,43.083333333333336,44.48982620239258
eicu,dro,42,373.05,53.97700881958008
eicu,dro,42,90.0,47.81830596923828
eicu,dro,42,30.75,51.50667953491211
eicu,dro,42,120.15,61.182437896728516
eicu,dro,42,117.91666666666667,49.361915588378906
eicu,dro,42,27.883333333333333,39.53050994873047
eicu,dro,42,71.98333333333333,48.623722076416016
eicu,dro,42,72.33333333333333,44.58499526977539
eicu,dro,42,40.21666666666667,43.60671615600586
eicu,dro,42,39.416666666666664,42.43609619140625
eicu,dro,42,110.58333333333333,49.99861526489258
eicu,dro,42,117.95,47.955223083496094
eicu,dro,42,28.0,47.39495086669922
eicu,dro,42,151.06666666666666,44.620182037353516
eicu,dro,42,31.466666666666665,32.78126907348633
eicu,dro,42,101.01666666666667,58.98429870605469
eicu,dro,42,91.18333333333334,49.73867416381836
eicu,dro,42,71.25,46.04220199584961
eicu,dro,42,45.416666666666664,49.00148010253906
eicu,dro,42,33.4,50.457725524902344
eicu,dro,42,42.46666666666667,46.42416000366211
eicu,dro,42,25.216666666666665,25.86115264892578
eicu,dro,42,43.333333333333336,46.06138610839844
eicu,dro,42,249.33333333333334,49.41667175292969
eicu,dro,42,400.95,50.303619384765625
eicu,dro,42,142.35,44.480716705322266
eicu,dro,42,41.333333333333336,50.66737747192383
eicu,dro,42,50.9,45.60076141357422
eicu,dro,42,39.56666666666667,46.65005111694336
eicu,dro,42,165.83333333333334,45.74919891357422
eicu,dro,42,37.81666666666667,39.53106689453125
eicu,dro,42,33.55,33.91633987426758
eicu,dro,42,58.63333333333333,49.21537780761719
eicu,dro,42,33.5,52.31741714477539
eicu,dro,42,172.31666666666666,58.366477966308594
eicu,dro,42,120.0,52.91837692260742
eicu,dro,42,26.016666666666666,55.003517150878906
eicu,dro,42,47.75,46.359291076660156
eicu,dro,42,85.86666666666666,47.432350158691406
eicu,dro,42,24.283333333333335,48.462005615234375
eicu,dro,42,184.96666666666667,60.217979431152344
eicu,dro,42,109.65,51.497314453125
eicu,dro,42,29.5,33.0648307800293
eicu,dro,42,64.06666666666666,43.86565399169922
eicu,dro,42,25.9,27.56429672241211
eicu,dro,42,100.5,42.77449417114258
eicu,dro,42,46.38333333333333,47.81406021118164
eicu,dro,42,30.666666666666668,46.851619720458984
eicu,dro,42,29.05,47.34745788574219
eicu,dro,42,44.083333333333336,45.823089599609375
eicu,dro,42,25.233333333333334,33.66652297973633
eicu,dro,42,712.2333333333333,57.099395751953125
eicu,dro,42,143.01666666666668,48.7401008605957
eicu,dro,42,29.85,48.36421203613281
eicu,dro,42,28.2,48.10601043701172
eicu,dro,42,71.35,45.10068130493164
eicu,dro,42,45.85,57.1282958984375
eicu,dro,42,64.76666666666667,54.37322998046875
eicu,dro,42,26.0,45.16841506958008
eicu,dro,42,195.23333333333332,49.63519287109375
eicu,dro,42,28.35,26.59488868713379
eicu,dro,42,94.2,47.029056549072266
eicu,dro,42,161.81666666666666,46.29143524169922
eicu,dro,42,34.666666666666664,35.289981842041016
eicu,dro,42,24.8,27.06511878967285
eicu,dro,42,25.683333333333334,29.595258712768555
eicu,dro,42,102.98333333333333,46.360477447509766
eicu,dro,42,72.13333333333334,52.74398422241211
eicu,dro,42,64.83333333333333,47.77497100830078
eicu,dro,42,94.83333333333333,47.69809341430664
eicu,dro,42,225.41666666666666,46.70903778076172
eicu,dro,42,60.81666666666667,48.74741744995117
eicu,dro,42,49.233333333333334,48.21909713745117
eicu,dro,42,26.833333333333332,53.41545867919922
eicu,dro,42,51.86666666666667,44.04523849487305
eicu,dro,42,26.033333333333335,27.694820404052734
eicu,dro,42,215.23333333333332,50.37941360473633
eicu,dro,42,79.0,53.843162536621094
eicu,dro,42,39.55,39.406429290771484
eicu,dro,42,168.13333333333333,60.62111282348633
eicu,dro,42,41.483333333333334,47.74410629272461
eicu,dro,42,79.0,44.96748352050781
eicu,dro,42,165.0,46.583763122558594
eicu,dro,42,37.75,51.167213439941406
eicu,dro,42,41.36666666666667,49.496551513671875
eicu,dro,42,39.833333333333336,55.17543411254883
eicu,dro,42,34.56666666666667,38.63376235961914
eicu,dro,42,108.25,56.234825134277344
eicu,dro,42,70.26666666666667,49.61547088623047
eicu,dro,42,26.833333333333332,25.072160720825195
eicu,dro,42,313.0833333333333,50.38309097290039
eicu,dro,42,69.51666666666667,49.52080535888672
eicu,dro,42,83.71666666666667,46.86288070678711
eicu,dro,42,148.53333333333333,55.130828857421875
eicu,dro,42,47.88333333333333,52.116111755371094
eicu,dro,42,46.0,48.598812103271484
eicu,dro,42,57.833333333333336,50.52581024169922
eicu,dro,42,43.21666666666667,44.924259185791016
eicu,dro,42,67.26666666666667,47.82771301269531
eicu,dro,42,40.31666666666667,49.382450103759766
eicu,dro,42,171.18333333333334,46.16004943847656
eicu,dro,42,202.61666666666667,46.79030227661133
eicu,dro,42,46.81666666666667,50.636295318603516
eicu,dro,42,98.1,57.440208435058594
eicu,dro,42,45.28333333333333,42.366153717041016
eicu,dro,42,492.1333333333333,44.13734817504883
eicu,dro,42,40.31666666666667,57.33546829223633
eicu,dro,42,54.833333333333336,60.148399353027344
eicu,dro,42,149.48333333333332,56.47346878051758
eicu,dro,42,30.933333333333334,48.53170394897461
eicu,dro,42,53.9,52.21965026855469
eicu,dro,42,208.1,47.927406311035156
eicu,dro,42,432.3,47.573116302490234
eicu,dro,42,66.25,48.908878326416016
eicu,dro,42,30.333333333333332,37.57326889038086
eicu,dro,42,44.016666666666666,45.03565979003906
eicu,dro,42,40.95,40.02328872680664
eicu,dro,42,24.733333333333334,46.67662048339844
eicu,dro,42,24.633333333333333,57.45305633544922
eicu,dro,42,35.0,51.97214126586914
eicu,dro,42,143.8,62.79196548461914
eicu,dro,42,250.68333333333334,45.184024810791016
eicu,dro,42,125.2,44.825294494628906
eicu,dro,42,35.083333333333336,36.67317199707031
eicu,dro,42,43.85,49.82684326171875
eicu,dro,42,35.65,37.96824645996094
eicu,dro,42,69.06666666666666,48.743553161621094
eicu,dro,42,75.16666666666667,51.42673110961914
eicu,dro,42,95.21666666666667,44.885589599609375
eicu,dro,42,66.13333333333334,48.959869384765625
eicu,dro,42,24.666666666666668,27.259292602539062
eicu,dro,42,36.13333333333333,36.620914459228516
eicu,dro,42,58.06666666666667,48.43886184692383
eicu,dro,42,67.33333333333333,50.168880462646484
eicu,dro,42,49.666666666666664,54.27546310424805
eicu,dro,42,33.0,49.21444320678711
eicu,dro,42,92.3,44.557552337646484
eicu,dro,42,117.78333333333333,49.034706115722656
eicu,dro,42,37.1,37.79666519165039
eicu,dro,42,38.083333333333336,45.074188232421875
eicu,dro,42,30.033333333333335,31.173412322998047
eicu,dro,42,73.5,42.92987823486328
eicu,dro,42,155.03333333333333,48.5455436706543
eicu,dro,42,101.53333333333333,43.358211517333984
eicu,dro,42,34.3,48.681114196777344
eicu,dro,42,25.166666666666668,27.40918731689453
eicu,dro,42,139.25,48.038692474365234
eicu,dro,42,31.6,54.27251052856445
eicu,dro,42,143.65,51.860435485839844
eicu,dro,42,146.33333333333334,63.14861297607422
eicu,dro,42,33.61666666666667,34.16300964355469
eicu,dro,42,26.466666666666665,50.280616760253906
eicu,dro,42,32.1,52.03962707519531
eicu,dro,42,42.15,58.94255447387695
eicu,dro,42,44.916666666666664,46.97048568725586
eicu,dro,42,90.55,47.14097213745117
eicu,dro,42,92.3,47.73096466064453
eicu,dro,42,29.1,24.363645553588867
eicu,dro,42,29.75,44.730953216552734
eicu,dro,42,47.93333333333333,45.45051193237305
eicu,dro,42,116.68333333333334,46.836708068847656
eicu,dro,42,29.883333333333333,50.50910568237305
eicu,dro,42,119.05,47.611080169677734
eicu,dro,42,461.6,49.3168830871582
eicu,dro,42,34.266666666666666,34.0507926940918
eicu,dro,42,55.766666666666666,49.826637268066406
eicu,dro,42,68.23333333333333,48.251121520996094
eicu,dro,42,25.483333333333334,50.68523025512695
eicu,dro,42,50.81666666666667,45.60445022583008
eicu,dro,42,49.9,47.998558044433594
eicu,dro,42,31.0,50.21784973144531
eicu,dro,42,26.266666666666666,26.940444946289062
eicu,dro,42,40.75,43.816978454589844
eicu,dro,42,25.066666666666666,26.721925735473633
eicu,dro,42,45.083333333333336,44.27511215209961
eicu,dro,42,239.13333333333333,46.12511444091797
eicu,dro,42,39.5,45.53470993041992
eicu,dro,42,28.283333333333335,51.49553680419922
eicu,dro,42,76.66666666666667,46.245487213134766
eicu,dro,42,43.3,46.8430290222168
eicu,dro,42,75.08333333333333,54.08979797363281
eicu,dro,42,179.8,48.801795959472656
eicu,dro,42,43.983333333333334,49.36177062988281
eicu,dro,42,121.81666666666666,47.48923110961914
eicu,dro,42,28.6,50.134490966796875
eicu,dro,42,188.35,45.18865203857422
eicu,dro,42,74.33333333333333,47.81025314331055
eicu,dro,42,26.483333333333334,50.33900451660156
eicu,dro,42,37.1,28.94180679321289
eicu,dro,42,70.61666666666666,54.494476318359375
eicu,dro,42,482.25,46.374481201171875
eicu,dro,42,93.1,43.82014083862305
eicu,dro,42,89.5,52.96103286743164
eicu,dro,42,39.36666666666667,47.27823257446289
eicu,dro,42,196.76666666666668,46.1649284362793
eicu,dro,42,239.85,47.30955123901367
eicu,dro,42,83.63333333333334,47.560447692871094
eicu,dro,42,37.016666666666666,47.02228927612305
eicu,dro,42,55.45,55.25569152832031
eicu,dro,42,114.48333333333333,54.85315704345703
eicu,dro,42,156.55,47.92849349975586
eicu,dro,42,51.983333333333334,52.30270004272461
eicu,dro,42,70.25,45.76527404785156
eicu,dro,42,39.733333333333334,40.742347717285156
eicu,dro,42,52.916666666666664,49.22066879272461
eicu,dro,42,66.2,49.61223602294922
eicu,dro,42,32.266666666666666,35.726768493652344
eicu,dro,42,264.0,46.4960823059082
eicu,dro,42,260.4166666666667,46.83788299560547
eicu,dro,42,27.366666666666667,28.305374145507812
eicu,dro,42,43.166666666666664,45.58979797363281
eicu,dro,42,228.41666666666666,49.19890594482422
eicu,dro,42,27.716666666666665,52.53394317626953
eicu,dro,42,54.61666666666667,50.567081451416016
eicu,dro,42,47.166666666666664,47.84397888183594
eicu,dro,42,70.8,47.54190444946289
eicu,dro,42,100.96666666666667,45.65224075317383
eicu,dro,42,48.43333333333333,55.23026657104492
eicu,dro,42,26.083333333333332,40.158878326416016
eicu,dro,42,29.766666666666666,28.434341430664062
eicu,dro,42,192.3,45.979549407958984
eicu,dro,42,35.516666666666666,38.37210464477539
eicu,dro,42,102.83333333333333,56.436729431152344
eicu,dro,42,62.233333333333334,48.839805603027344
eicu,dro,42,34.7,49.97576141357422
eicu,dro,42,32.083333333333336,53.992897033691406
eicu,dro,42,35.8,37.650569915771484
eicu,dro,42,41.35,41.543514251708984
eicu,dro,42,61.36666666666667,47.78803253173828
eicu,dro,42,139.23333333333332,51.647865295410156
eicu,dro,42,29.416666666666668,31.65813446044922
eicu,dro,42,471.25,49.011817932128906
eicu,dro,42,172.66666666666666,47.68574142456055
eicu,dro,42,30.55,50.427001953125
eicu,dro,42,43.46666666666667,48.99346923828125
eicu,dro,42,39.46666666666667,45.35845184326172
eicu,dro,42,86.4,59.77912521362305
eicu,dro,42,40.0,37.31010055541992
eicu,dro,42,45.4,52.98149108886719
eicu,dro,42,78.13333333333334,47.324180603027344
eicu,dro,42,85.31666666666666,48.25590133666992
eicu,dro,42,29.316666666666666,52.68352508544922
eicu,dro,42,24.566666666666666,56.39823532104492
eicu,dro,42,49.016666666666666,44.91744613647461
eicu,dro,42,28.316666666666666,58.4379997253418
eicu,dro,42,49.13333333333333,52.3017578125
eicu,dro,42,132.8,49.74582290649414
eicu,dro,42,89.01666666666667,45.755462646484375
eicu,dro,42,43.25,47.42451095581055
eicu,dro,42,69.41666666666667,51.43642044067383
eicu,dro,42,42.13333333333333,49.355525970458984
eicu,dro,42,73.36666666666666,46.70974349975586
eicu,dro,42,68.68333333333334,46.662288665771484
eicu,dro,42,82.85,47.309146881103516
eicu,dro,42,39.11666666666667,39.199222564697266
eicu,dro,42,42.766666666666666,45.19444274902344
eicu,dro,42,44.36666666666667,47.637027740478516
eicu,dro,42,31.75,49.440696716308594
eicu,dro,42,129.83333333333334,63.712738037109375
eicu,dro,42,25.55,48.467525482177734
eicu,dro,42,54.28333333333333,47.68622970581055
eicu,dro,42,94.73333333333333,55.20761489868164
eicu,dro,42,28.9,52.129905700683594
eicu,dro,42,27.85,28.046649932861328
eicu,dro,42,50.083333333333336,42.73565673828125
eicu,dro,42,69.73333333333333,49.24480056762695
eicu,dro,42,27.3,28.321475982666016
eicu,dro,42,301.78333333333336,66.09918975830078
eicu,dro,42,34.9,51.06061935424805
eicu,dro,42,87.2,51.33683776855469
eicu,dro,42,106.96666666666667,54.285980224609375
eicu,dro,42,96.76666666666667,46.973114013671875
eicu,dro,42,51.38333333333333,47.837806701660156
eicu,dro,42,88.5,49.539981842041016
eicu,dro,42,61.516666666666666,46.54813003540039
eicu,dro,42,91.31666666666666,53.44925308227539
eicu,dro,42,149.35,47.38590621948242
eicu,dro,42,116.55,53.312740325927734
eicu,dro,42,25.233333333333334,55.27798843383789
eicu,dro,42,31.416666666666668,31.814727783203125
eicu,dro,42,39.45,41.316307067871094
eicu,dro,42,47.11666666666667,47.299095153808594
eicu,dro,42,76.78333333333333,42.24092102050781
eicu,dro,42,35.7,51.09999465942383
eicu,dro,42,205.66666666666666,46.633262634277344
eicu,dro,42,51.583333333333336,44.266910552978516
eicu,dro,42,24.766666666666666,25.6919002532959
eicu,dro,42,53.35,50.2861328125
eicu,dro,42,70.8,55.15925979614258
eicu,dro,42,34.35,48.03892517089844
eicu,dro,42,676.5833333333334,45.7416877746582
eicu,dro,42,24.533333333333335,25.766040802001953
eicu,dro,42,104.75,51.20579528808594
eicu,dro,42,47.71666666666667,47.097076416015625
eicu,dro,42,29.1,31.25619125366211
eicu,dro,42,97.65,47.8956298828125
eicu,dro,42,92.21666666666667,47.78186798095703
eicu,dro,42,33.71666666666667,38.29393005371094
eicu,dro,42,49.583333333333336,45.415374755859375
eicu,dro,42,129.48333333333332,48.21061325073242
eicu,dro,42,43.53333333333333,44.34498596191406
eicu,dro,42,31.55,31.202251434326172
eicu,dro,42,97.61666666666666,53.53715896606445
eicu,dro,42,59.2,55.31087112426758
eicu,dro,42,225.4,48.08110427856445
eicu,dro,42,45.85,46.417694091796875
eicu,dro,42,152.23333333333332,48.26838684082031
eicu,dro,42,678.8333333333334,53.51227951049805
eicu,dro,42,64.71666666666667,57.68015670776367
eicu,dro,42,735.5833333333334,54.435340881347656
eicu,dro,42,50.0,44.02173614501953
eicu,dro,42,27.0,49.82658767700195
eicu,dro,42,51.9,51.895511627197266
eicu,dro,42,178.55,50.7392692565918
eicu,dro,42,483.55,53.405914306640625
eicu,dro,42,59.75,48.1662483215332
eicu,dro,42,132.26666666666668,61.006561279296875
eicu,dro,42,59.516666666666666,57.50330352783203
eicu,dro,42,188.5,51.29994201660156
eicu,dro,42,48.583333333333336,52.3464469909668
eicu,dro,42,61.5,51.4224967956543
eicu,dro,42,74.35,46.000858306884766
eicu,dro,42,27.35,28.774198532104492
eicu,dro,42,53.61666666666667,49.05248260498047
eicu,dro,42,67.43333333333334,47.686031341552734
eicu,dro,42,84.05,46.22825622558594
eicu,dro,42,380.28333333333336,64.80608367919922
eicu,dro,42,73.5,51.760013580322266
eicu,dro,42,103.68333333333334,47.62004089355469
eicu,dro,42,66.03333333333333,50.10565185546875
eicu,dro,42,66.98333333333333,46.83916091918945
eicu,dro,42,219.01666666666668,45.448184967041016
eicu,dro,42,73.6,48.22264099121094
eicu,dro,42,26.266666666666666,51.92765426635742
eicu,dro,42,136.78333333333333,50.60859298706055
eicu,dro,42,110.3,52.632659912109375
eicu,dro,42,219.28333333333333,49.255523681640625
eicu,dro,42,57.916666666666664,50.60454177856445
eicu,dro,42,59.95,49.07932662963867
eicu,dro,42,24.35,49.83240509033203
eicu,dro,42,27.733333333333334,48.77354431152344
eicu,dro,42,144.01666666666668,45.010101318359375
eicu,dro,42,60.43333333333333,47.36848831176758
eicu,dro,42,130.66666666666666,44.62065887451172
eicu,dro,42,83.0,61.20132827758789
eicu,dro,42,50.11666666666667,45.220176696777344
eicu,dro,42,333.73333333333335,53.94189453125
eicu,dro,42,29.666666666666668,55.32413864135742
eicu,dro,42,24.833333333333332,27.295589447021484
eicu,dro,42,48.666666666666664,51.86672592163086
eicu,dro,42,37.55,38.470680236816406
eicu,dro,42,27.116666666666667,30.404558181762695
eicu,dro,42,28.7,30.06772804260254
eicu,dro,42,50.71666666666667,52.62623977661133
eicu,dro,42,43.916666666666664,46.467472076416016
eicu,dro,42,37.86666666666667,36.68564987182617
eicu,dro,42,69.76666666666667,48.097572326660156
eicu,dro,42,35.733333333333334,37.654632568359375
eicu,dro,42,262.3666666666667,48.55896759033203
eicu,dro,42,93.25,48.80156707763672
eicu,dro,42,63.85,49.035064697265625
eicu,dro,42,51.21666666666667,47.27427291870117
eicu,dro,42,65.18333333333334,45.55852508544922
eicu,dro,42,28.216666666666665,51.45008850097656
eicu,dro,42,79.66666666666667,50.22874450683594
eicu,dro,42,97.65,48.75851058959961
eicu,dro,42,155.4,47.65962219238281
eicu,dro,42,87.41666666666667,46.742835998535156
eicu,dro,42,58.5,51.921913146972656
eicu,dro,42,63.0,45.02523422241211
eicu,dro,42,42.86666666666667,45.73092269897461
eicu,dro,42,29.15,47.32215118408203
eicu,dro,42,87.91666666666667,53.246856689453125
eicu,dro,42,135.11666666666667,52.58460235595703
eicu,dro,42,54.46666666666667,56.107078552246094
eicu,dro,42,70.6,51.66413497924805
eicu,dro,42,238.83333333333334,55.940696716308594
eicu,dro,42,32.85,44.693016052246094
eicu,dro,42,85.7,47.65248489379883
eicu,dro,42,121.33333333333333,46.90690231323242
eicu,dro,42,50.05,46.77705001831055
eicu,dro,42,38.75,38.73963165283203
eicu,dro,42,525.9833333333333,52.729644775390625
eicu,dro,42,57.5,47.104736328125
eicu,dro,42,35.21666666666667,51.95988082885742
eicu,dro,42,64.91666666666667,49.17824172973633
eicu,dro,42,171.1,53.50471496582031
eicu,dro,42,71.61666666666666,46.311485290527344
eicu,dro,42,69.65,45.83609390258789
eicu,dro,42,39.916666666666664,41.23876190185547
eicu,dro,42,27.433333333333334,27.629751205444336
eicu,dro,42,156.93333333333334,44.66035461425781
eicu,dro,42,27.983333333333334,53.41055679321289
eicu,dro,42,75.25,55.04861068725586
eicu,dro,42,46.0,42.136138916015625
eicu,dro,42,274.43333333333334,45.225006103515625
eicu,dro,42,141.33333333333334,48.4088134765625
eicu,dro,42,34.483333333333334,51.076148986816406
eicu,dro,42,64.21666666666667,48.945945739746094
eicu,dro,42,308.95,56.956756591796875
eicu,dro,42,28.616666666666667,53.810325622558594
eicu,dro,42,78.75,52.39591979980469
eicu,dro,42,35.36666666666667,52.986732482910156
eicu,dro,42,66.55,48.06914520263672
eicu,dro,42,28.35,49.69947052001953
eicu,dro,42,115.06666666666666,47.627681732177734
eicu,dro,42,131.53333333333333,54.9178581237793
eicu,dro,42,56.3,48.38835525512695
eicu,dro,42,37.4,38.545753479003906
eicu,dro,42,99.03333333333333,46.90830612182617
eicu,dro,42,29.133333333333333,30.744237899780273
eicu,dro,42,72.11666666666666,44.701263427734375
eicu,dro,42,36.38333333333333,51.047760009765625
eicu,dro,42,129.43333333333334,47.92277526855469
eicu,dro,42,41.016666666666666,47.65971374511719
eicu,dro,42,33.833333333333336,33.919593811035156
eicu,dro,42,104.2,47.14019012451172
eicu,dro,42,47.733333333333334,48.350196838378906
eicu,dro,42,161.31666666666666,49.58710861206055
eicu,dro,42,72.11666666666666,47.99110412597656
eicu,dro,42,108.73333333333333,45.82661437988281
eicu,dro,42,25.066666666666666,27.83223533630371
eicu,dro,42,70.73333333333333,49.54595947265625
eicu,dro,42,42.18333333333333,52.04367446899414
eicu,dro,42,51.266666666666666,48.456214904785156
eicu,dro,42,24.583333333333332,43.65865707397461
eicu,dro,42,36.96666666666667,50.31805419921875
eicu,dro,42,88.21666666666667,53.93199157714844
eicu,dro,42,367.93333333333334,51.71738815307617
eicu,dro,42,90.85,54.030670166015625
eicu,dro,42,37.35,39.36176300048828
eicu,dro,42,121.1,50.301063537597656
eicu,dro,42,37.25,35.855262756347656
eicu,dro,42,32.88333333333333,48.523284912109375
eicu,dro,42,25.316666666666666,27.14371681213379
eicu,dro,42,66.41666666666667,50.14812088012695
eicu,dro,42,47.416666666666664,44.31958770751953
eicu,dro,42,32.833333333333336,50.01894760131836
eicu,dro,42,293.1333333333333,57.11599349975586
eicu,dro,42,48.53333333333333,49.80327606201172
eicu,dro,42,30.7,31.336475372314453
eicu,dro,42,164.28333333333333,47.36032485961914
eicu,dro,42,257.73333333333335,55.68815231323242
eicu,dro,42,226.76666666666668,62.9029655456543
eicu,dro,42,59.45,46.77558135986328
eicu,dro,42,31.566666666666666,47.217689514160156
eicu,dro,42,39.983333333333334,40.346439361572266
eicu,dro,42,35.55,37.28697204589844
eicu,dro,42,41.86666666666667,44.97776412963867
eicu,dro,42,25.9,25.958730697631836
eicu,dro,42,56.2,44.46449661254883
eicu,dro,42,94.9,55.31178283691406
eicu,dro,42,63.416666666666664,59.832706451416016
eicu,dro,42,42.833333333333336,47.4691047668457
eicu,dro,42,39.06666666666667,39.31589889526367
eicu,dro,42,679.2833333333333,53.85200119018555
eicu,dro,42,62.0,45.36360168457031
eicu,dro,42,33.06666666666667,49.30625534057617
eicu,dro,42,38.53333333333333,39.1352424621582
eicu,dro,42,26.766666666666666,49.843772888183594
eicu,dro,42,84.81666666666666,47.27862548828125
eicu,dro,42,69.91666666666667,46.95128631591797
eicu,dro,42,33.65,34.78689193725586
eicu,dro,42,51.56666666666667,47.796173095703125
eicu,dro,42,29.633333333333333,52.52986145019531
eicu,dro,42,83.58333333333333,54.1765022277832
eicu,dro,42,24.4,47.81993865966797
eicu,dro,42,140.73333333333332,48.03689193725586
eicu,dro,42,43.1,45.083030700683594
eicu,dro,42,61.86666666666667,45.04452896118164
eicu,dro,42,95.01666666666667,47.59797668457031
eicu,dro,42,26.15,48.704002380371094
eicu,dro,42,204.08333333333334,46.225364685058594
eicu,dro,42,137.66666666666666,47.14219665527344
eicu,dro,42,464.93333333333334,48.19757080078125
eicu,dro,42,43.56666666666667,48.851402282714844
eicu,dro,42,75.16666666666667,50.201805114746094
eicu,dro,42,86.56666666666666,47.987552642822266
eicu,dro,42,35.43333333333333,50.73456954956055
eicu,dro,42,70.96666666666667,43.692081451416016
eicu,dro,42,44.6,48.22721862792969
eicu,dro,42,44.333333333333336,49.30504608154297
eicu,dro,42,72.25,47.828514099121094
eicu,dro,42,44.61666666666667,47.93950653076172
eicu,dro,42,72.58333333333333,49.24641799926758
eicu,dro,42,105.45,66.92222595214844
eicu,dro,42,69.76666666666667,48.56258010864258
eicu,dro,42,28.266666666666666,29.84557342529297
eicu,dro,42,99.36666666666666,45.171363830566406
eicu,dro,42,84.06666666666666,48.60808563232422
eicu,dro,42,26.0,47.86252212524414
eicu,dro,42,33.53333333333333,50.71253204345703
eicu,dro,42,211.33333333333334,52.83359909057617
eicu,dro,42,55.36666666666667,46.52378845214844
eicu,dro,42,167.66666666666666,48.82160186767578
eicu,dro,42,25.183333333333334,51.74421691894531
eicu,dro,42,302.78333333333336,53.38075256347656
eicu,dro,42,24.666666666666668,28.90515899658203
eicu,dro,42,36.05,43.025081634521484
eicu,dro,42,47.6,48.51786422729492
eicu,dro,42,92.9,56.027130126953125
eicu,dro,42,60.71666666666667,50.45393371582031
eicu,dro,42,44.333333333333336,54.93135452270508
eicu,dro,42,26.9,48.13955307006836
eicu,dro,42,95.71666666666667,48.733673095703125
eicu,dro,42,38.7,45.417442321777344
eicu,dro,42,39.2,50.11714553833008
eicu,dro,42,29.383333333333333,39.297035217285156
eicu,dro,42,95.7,55.763484954833984
eicu,dro,42,45.71666666666667,43.02848434448242
eicu,dro,42,38.55,38.082401275634766
eicu,dro,42,34.45,35.838966369628906
eicu,dro,42,28.85,48.90572738647461
eicu,dro,42,48.0,44.05431365966797
eicu,dro,42,61.88333333333333,48.24924087524414
eicu,dro,42,72.08333333333333,45.7444953918457
eicu,dro,42,74.88333333333334,43.480709075927734
eicu,dro,42,73.05,46.06861114501953
eicu,dro,42,62.68333333333333,46.20253372192383
eicu,dro,42,120.58333333333333,49.27448272705078
eicu,dro,42,63.43333333333333,49.0005989074707
eicu,dro,42,52.85,52.94944381713867
eicu,dro,42,41.0,47.98701858520508
eicu,dro,42,28.883333333333333,40.04939270019531
eicu,dro,42,49.93333333333333,48.891902923583984
eicu,dro,42,63.483333333333334,47.95574951171875
eicu,dro,42,31.866666666666667,40.00542449951172
eicu,dro,42,50.8,45.98649215698242
eicu,dro,42,372.1166666666667,57.64874267578125
eicu,dro,42,41.85,45.826480865478516
eicu,dro,42,55.45,44.732303619384766
eicu,dro,42,44.766666666666666,47.56187438964844
eicu,dro,42,48.916666666666664,46.75261306762695
eicu,dro,42,173.28333333333333,47.461769104003906
eicu,dro,42,46.516666666666666,48.942291259765625
eicu,dro,42,119.86666666666666,45.67213439941406
eicu,dro,42,49.833333333333336,35.71025848388672
eicu,dro,42,61.166666666666664,49.19942092895508
eicu,dro,42,43.666666666666664,49.996158599853516
eicu,dro,42,108.63333333333334,54.800716400146484
eicu,dro,42,65.16666666666667,59.542545318603516
eicu,dro,42,52.0,56.20478439331055
eicu,dro,42,41.083333333333336,48.78962707519531
eicu,dro,42,139.38333333333333,48.68193054199219
eicu,dro,42,370.23333333333335,48.11481475830078
eicu,dro,42,236.15,51.52568435668945
eicu,dro,42,26.55,46.1157112121582
eicu,dro,42,73.38333333333334,53.80933380126953
eicu,dro,42,27.116666666666667,27.997604370117188
eicu,dro,42,29.8,29.397367477416992
eicu,dro,42,24.766666666666666,47.502132415771484
eicu,dro,42,75.61666666666666,46.09668731689453
eicu,dro,42,25.683333333333334,51.803035736083984
eicu,dro,42,24.016666666666666,49.24990463256836
eicu,dro,42,148.56666666666666,54.438777923583984
eicu,dro,42,99.01666666666667,46.060882568359375
eicu,dro,42,85.96666666666667,47.82221984863281
eicu,dro,42,32.916666666666664,28.278179168701172
eicu,dro,42,570.3333333333334,48.1425666809082
eicu,dro,42,24.916666666666668,55.78484344482422
eicu,dro,42,90.96666666666667,47.67433547973633
eicu,dro,42,29.2,49.22107696533203
eicu,dro,42,167.63333333333333,49.438087463378906
eicu,dro,42,30.983333333333334,52.77847671508789
eicu,dro,42,30.833333333333332,56.26119613647461
eicu,dro,42,44.75,45.63398361206055
eicu,dro,42,98.95,52.27576446533203
eicu,dro,42,44.31666666666667,49.55128860473633
eicu,dro,42,35.36666666666667,36.11930465698242
eicu,dro,42,71.7,47.079097747802734
eicu,dro,42,250.6,51.26719665527344
eicu,dro,42,26.866666666666667,28.320119857788086
eicu,dro,42,34.65,34.79128646850586
eicu,dro,42,41.5,43.35750198364258
eicu,dro,42,73.18333333333334,46.24724578857422
eicu,dro,42,61.0,45.07857131958008
eicu,dro,42,26.733333333333334,28.074892044067383
eicu,dro,42,121.0,55.737178802490234
eicu,dro,42,111.25,58.9957389831543
eicu,dro,42,153.35,48.82770919799805
eicu,dro,42,123.73333333333333,46.45119094848633
eicu,dro,42,97.43333333333334,47.76173782348633
eicu,dro,42,56.233333333333334,47.76935577392578
eicu,dro,42,72.43333333333334,46.59431457519531
eicu,dro,42,62.666666666666664,44.473148345947266
eicu,dro,42,42.333333333333336,47.884090423583984
eicu,dro,42,34.65,34.06330490112305
eicu,dro,42,29.333333333333332,41.01721954345703
eicu,dro,42,106.85,50.82235336303711
eicu,dro,42,30.433333333333334,31.701034545898438
eicu,dro,42,71.53333333333333,46.08723449707031
eicu,dro,42,113.7,49.17749786376953
eicu,dro,42,214.96666666666667,51.25114822387695
eicu,dro,42,25.566666666666666,44.08677673339844
eicu,dro,42,117.91666666666667,48.46329116821289
eicu,dro,42,46.9,46.837791442871094
eicu,dro,42,115.5,56.99216842651367
eicu,dro,42,43.55,47.70375061035156
eicu,dro,42,71.6,42.864234924316406
eicu,dro,42,115.73333333333333,50.63554382324219
eicu,dro,42,40.983333333333334,53.5556526184082
eicu,dro,42,171.23333333333332,48.26615524291992
eicu,dro,42,50.166666666666664,45.5474739074707
eicu,dro,42,71.13333333333334,44.20800018310547
eicu,dro,42,70.53333333333333,48.24300765991211
eicu,dro,42,42.43333333333333,43.89570999145508
eicu,dro,42,31.083333333333332,51.79476547241211
eicu,dro,42,93.46666666666667,51.99524688720703
eicu,dro,42,170.51666666666668,59.46531295776367
eicu,dro,42,109.65,49.83635711669922
eicu,dro,42,33.583333333333336,46.487022399902344
eicu,dro,42,110.35,47.68606948852539
eicu,dro,42,65.16666666666667,49.539886474609375
eicu,dro,42,40.833333333333336,50.56961441040039
eicu,dro,42,43.8,46.247650146484375
eicu,dro,42,33.11666666666667,31.90734100341797
eicu,dro,42,50.63333333333333,47.376564025878906
eicu,dro,42,87.96666666666667,49.998565673828125
eicu,dro,42,112.76666666666667,46.861270904541016
eicu,dro,42,25.183333333333334,26.33694839477539
eicu,dro,42,46.21666666666667,47.1019287109375
eicu,dro,42,70.98333333333333,47.84564208984375
eicu,dro,42,56.3,58.41779708862305
eicu,dro,42,52.46666666666667,58.09198760986328
eicu,dro,42,89.23333333333333,48.16328430175781
eicu,dro,42,189.0,45.84170150756836
eicu,dro,42,148.78333333333333,47.619171142578125
eicu,dro,42,27.383333333333333,48.206260681152344
eicu,dro,42,55.03333333333333,46.778350830078125
eicu,dro,42,28.75,31.509258270263672
eicu,dro,42,176.48333333333332,64.57853698730469
eicu,dro,42,578.7833333333333,45.454811096191406
eicu,dro,42,213.65,49.108638763427734
eicu,dro,42,358.93333333333334,47.364131927490234
eicu,dro,42,53.2,46.40159606933594
eicu,dro,42,44.833333333333336,46.1931266784668
eicu,dro,42,43.81666666666667,45.934207916259766
eicu,dro,42,52.61666666666667,46.54262161254883
eicu,dro,42,66.7,48.262874603271484
eicu,dro,42,143.05,45.637916564941406
eicu,dro,42,204.73333333333332,50.67109680175781
eicu,dro,42,28.0,55.62385559082031
eicu,dro,42,47.25,44.77117919921875
eicu,dro,42,31.7,36.572689056396484
eicu,dro,42,53.983333333333334,47.2029914855957
eicu,dro,42,128.5,54.955841064453125
eicu,dro,42,134.41666666666666,54.468685150146484
eicu,dro,42,51.38333333333333,54.26383972167969
eicu,dro,42,28.7,49.09859085083008
eicu,dro,42,41.416666666666664,44.485877990722656
eicu,dro,42,27.783333333333335,32.6994514465332
eicu,dro,42,49.63333333333333,47.1362419128418
eicu,dro,42,48.81666666666667,46.25714874267578
eicu,dro,42,49.81666666666667,46.23064422607422
eicu,dro,42,120.15,45.669620513916016
eicu,dro,42,28.95,53.74612045288086
eicu,dro,42,38.38333333333333,50.110382080078125
eicu,dro,42,39.333333333333336,40.58647918701172
eicu,dro,42,53.35,48.95647430419922
eicu,dro,42,40.3,49.52836990356445
eicu,dro,42,47.016666666666666,50.21247482299805
eicu,dro,42,48.45,45.74298095703125
eicu,dro,42,43.166666666666664,48.702781677246094
eicu,dro,42,60.36666666666667,46.99645233154297
eicu,dro,42,255.26666666666668,48.82825469970703
eicu,dro,42,37.86666666666667,53.02885055541992
eicu,dro,42,104.51666666666667,47.787261962890625
eicu,dro,42,62.516666666666666,44.79255294799805
eicu,dro,42,102.03333333333333,53.954627990722656
eicu,dro,42,90.18333333333334,47.77124786376953
eicu,dro,42,36.13333333333333,50.94328308105469
eicu,dro,42,161.86666666666667,47.53196334838867
eicu,dro,42,83.13333333333334,45.545440673828125
eicu,dro,42,57.45,45.872432708740234
eicu,dro,42,31.333333333333332,46.75210189819336
eicu,dro,42,192.66666666666666,48.50281524658203
eicu,dro,42,200.51666666666668,46.4922981262207
eicu,dro,42,57.13333333333333,48.29841995239258
eicu,dro,42,60.46666666666667,51.73896026611328
eicu,dro,42,123.4,47.48554229736328
eicu,dro,42,50.416666666666664,54.51565170288086
eicu,dro,42,43.65,44.05607604980469
eicu,dro,42,29.866666666666667,48.766353607177734
eicu,dro,42,86.3,55.798789978027344
eicu,dro,42,261.8666666666667,48.48355484008789
eicu,dro,42,26.0,26.14028549194336
eicu,dro,42,45.666666666666664,45.72958755493164
eicu,dro,42,51.61666666666667,47.75363540649414
eicu,dro,42,95.03333333333333,52.895843505859375
eicu,dro,42,42.266666666666666,47.09029006958008
eicu,dro,42,96.43333333333334,56.54638671875
eicu,dro,42,26.0,48.75585174560547
eicu,dro,42,27.483333333333334,48.80686569213867
eicu,dro,42,31.233333333333334,38.27827072143555
eicu,dro,42,52.31666666666667,48.27735900878906
eicu,dro,42,56.6,46.338035583496094
eicu,dro,42,40.833333333333336,40.1445426940918
eicu,dro,42,73.53333333333333,52.94046401977539
eicu,dro,42,41.666666666666664,47.12135696411133
eicu,dro,42,87.51666666666667,48.565181732177734
eicu,dro,42,160.28333333333333,53.77246856689453
eicu,dro,42,42.733333333333334,46.48863220214844
eicu,dro,42,24.683333333333334,52.43495178222656
eicu,dro,42,116.23333333333333,49.056182861328125
eicu,dro,42,90.61666666666666,43.729347229003906
eicu,dro,42,58.766666666666666,50.21504211425781
eicu,dro,42,58.916666666666664,50.12773513793945
eicu,dro,42,37.166666666666664,40.11380386352539
eicu,dro,42,288.8666666666667,52.49443054199219
eicu,dro,42,504.93333333333334,43.070072174072266
eicu,dro,42,25.966666666666665,24.817365646362305
eicu,dro,42,82.56666666666666,51.862667083740234
eicu,dro,42,93.33333333333333,43.861385345458984
eicu,dro,42,60.3,49.62160110473633
eicu,dro,42,301.65,46.927433013916016
eicu,dro,42,27.75,52.80971908569336
eicu,dro,42,165.5,43.5363883972168
eicu,dro,42,30.716666666666665,30.909727096557617
eicu,dro,42,97.81666666666666,46.4349250793457
eicu,dro,42,26.516666666666666,27.72319793701172
eicu,dro,42,46.31666666666667,44.558876037597656
eicu,dro,42,49.3,53.315887451171875
eicu,dro,42,39.56666666666667,40.159034729003906
eicu,dro,42,133.23333333333332,48.999263763427734
eicu,dro,42,115.9,52.04701232910156
eicu,dro,42,83.85,48.51655197143555
eicu,dro,42,25.016666666666666,48.510887145996094
eicu,dro,42,27.983333333333334,25.770915985107422
eicu,dro,42,241.5,45.62211990356445
eicu,dro,42,42.11666666666667,44.13343048095703
eicu,dro,42,41.71666666666667,47.75449752807617
eicu,dro,42,63.18333333333333,47.979671478271484
eicu,dro,42,37.78333333333333,39.659114837646484
eicu,dro,42,26.9,43.545989990234375
eicu,dro,42,123.61666666666666,44.855262756347656
eicu,dro,42,42.55,44.368125915527344
eicu,dro,42,536.2,48.605010986328125
eicu,dro,42,50.38333333333333,49.28360366821289
eicu,dro,42,383.9166666666667,44.84120559692383
eicu,dro,42,32.766666666666666,34.12978744506836
eicu,dro,42,66.61666666666666,49.16913604736328
eicu,dro,42,38.083333333333336,51.12542724609375
eicu,dro,42,85.7,48.37266159057617
eicu,dro,42,29.85,57.104549407958984
eicu,dro,42,32.8,31.253070831298828
eicu,dro,42,29.666666666666668,36.42010498046875
eicu,dro,42,34.333333333333336,53.65644454956055
eicu,dro,42,25.166666666666668,46.37531661987305
eicu,dro,42,52.46666666666667,47.44129943847656
eicu,dro,42,411.95,51.77732467651367
eicu,dro,42,37.416666666666664,35.747684478759766
eicu,dro,42,73.08333333333333,59.058624267578125
eicu,dro,42,45.733333333333334,44.496192932128906
eicu,dro,42,1108.3166666666666,52.293296813964844
eicu,dro,42,51.083333333333336,49.5980110168457
eicu,dro,42,89.98333333333333,51.2235221862793
eicu,dro,42,42.766666666666666,45.60226058959961
eicu,dro,42,37.38333333333333,44.21018600463867
eicu,dro,42,29.383333333333333,47.43489074707031
eicu,dro,42,187.15,46.212215423583984
eicu,dro,42,185.58333333333334,48.24018859863281
eicu,dro,42,41.833333333333336,43.97382354736328
eicu,dro,42,121.15,49.269927978515625
eicu,dro,42,67.51666666666667,43.53559494018555
eicu,dro,42,120.85,50.40386962890625
eicu,dro,42,42.35,47.707881927490234
eicu,dro,42,40.28333333333333,42.04410934448242
eicu,dro,42,360.96666666666664,48.33411407470703
eicu,dro,42,39.2,38.93095016479492
eicu,dro,42,50.083333333333336,44.80503463745117
eicu,dro,42,25.333333333333332,27.077768325805664
eicu,dro,42,175.71666666666667,56.59741973876953
eicu,dro,42,49.0,47.841426849365234
eicu,dro,42,82.33333333333333,48.43195724487305
eicu,dro,42,191.03333333333333,48.142059326171875
eicu,dro,42,29.45,31.217548370361328
eicu,dro,42,59.916666666666664,53.06575393676758
eicu,dro,42,52.65,44.708641052246094
eicu,dro,42,37.8,38.66936492919922
eicu,dro,42,45.0,47.17801284790039
eicu,dro,42,68.75,54.05476760864258
eicu,dro,42,316.46666666666664,62.94082260131836
eicu,dro,42,55.55,45.27626037597656
eicu,dro,42,162.85,54.09851837158203
eicu,dro,42,381.46666666666664,48.104488372802734
eicu,dro,42,47.86666666666667,53.057003021240234
eicu,dro,42,43.43333333333333,46.71432876586914
eicu,dro,42,38.583333333333336,40.08708953857422
eicu,dro,42,60.68333333333333,48.480735778808594
eicu,dro,42,42.43333333333333,44.28286361694336
eicu,dro,42,70.5,47.933250427246094
eicu,dro,42,64.6,46.75601577758789
eicu,dro,42,74.01666666666667,46.447776794433594
eicu,dro,42,49.416666666666664,56.4724006652832
eicu,dro,42,78.78333333333333,46.96089172363281
eicu,dro,42,85.88333333333334,53.41875457763672
eicu,dro,42,32.083333333333336,54.463130950927734
eicu,dro,42,25.516666666666666,47.474491119384766
eicu,dro,42,61.2,46.62491989135742
eicu,dro,42,50.8,51.49070739746094
eicu,dro,42,175.21666666666667,53.749725341796875
eicu,dro,42,118.21666666666667,48.82085418701172
eicu,dro,42,72.98333333333333,47.900550842285156
eicu,dro,42,168.53333333333333,51.181739807128906
eicu,dro,42,70.83333333333333,50.49515914916992
eicu,dro,42,42.36666666666667,45.70864486694336
eicu,dro,42,48.61666666666667,45.75880813598633
eicu,dro,42,38.35,52.24952697753906
eicu,dro,42,64.78333333333333,54.21097946166992
eicu,dro,42,25.033333333333335,27.902252197265625
eicu,dro,42,171.61666666666667,63.790367126464844
eicu,dro,42,25.75,29.06399154663086
eicu,dro,42,24.816666666666666,47.827178955078125
eicu,dro,42,46.833333333333336,43.36557388305664
eicu,dro,42,172.0,44.84183883666992
eicu,dro,42,169.68333333333334,55.125205993652344
eicu,dro,42,46.333333333333336,47.474456787109375
eicu,dro,42,163.33333333333334,47.011837005615234
eicu,dro,42,31.583333333333332,55.48505401611328
eicu,dro,42,48.666666666666664,55.84672164916992
eicu,dro,42,72.23333333333333,47.47978591918945
eicu,dro,42,28.783333333333335,55.49030685424805
eicu,dro,42,40.233333333333334,43.32564926147461
eicu,dro,42,59.03333333333333,58.3318977355957
eicu,dro,42,27.633333333333333,26.999555587768555
eicu,dro,42,62.38333333333333,56.8914909362793
eicu,dro,42,44.46666666666667,45.34274673461914
eicu,dro,42,44.31666666666667,45.78510284423828
eicu,dro,42,33.983333333333334,54.406246185302734
eicu,dro,42,97.56666666666666,55.83051300048828
eicu,dro,42,129.75,54.129425048828125
eicu,dro,42,36.18333333333333,36.07114028930664
eicu,dro,42,107.51666666666667,47.712852478027344
eicu,dro,42,24.783333333333335,49.154666900634766
eicu,dro,42,53.416666666666664,44.65928649902344
eicu,dro,42,107.0,47.05406951904297
eicu,dro,42,34.6,54.33725357055664
eicu,dro,42,32.583333333333336,51.392356872558594
eicu,dro,42,168.91666666666666,47.38387680053711
eicu,dro,42,40.833333333333336,42.29800033569336
eicu,dro,42,27.4,43.303611755371094
eicu,dro,42,33.65,30.444259643554688
eicu,dro,42,69.65,50.4626350402832
eicu,dro,42,36.63333333333333,36.98487091064453
eicu,dro,42,26.2,26.303312301635742
eicu,dro,42,187.76666666666668,47.29612350463867
eicu,dro,42,44.45,46.60135269165039
eicu,dro,42,129.8,46.83015060424805
eicu,dro,42,63.25,48.360679626464844
eicu,dro,42,65.98333333333333,57.169498443603516
eicu,dro,42,26.283333333333335,25.851491928100586
eicu,dro,42,42.11666666666667,46.60622024536133
eicu,dro,42,24.083333333333332,50.96049880981445
eicu,dro,42,25.283333333333335,56.59736633300781
eicu,dro,42,44.11666666666667,48.94995880126953
eicu,dro,42,175.41666666666666,46.62232971191406
eicu,dro,42,88.55,49.789398193359375
eicu,dro,42,214.45,49.181121826171875
eicu,dro,42,26.733333333333334,49.131351470947266
eicu,dro,42,26.616666666666667,27.1324405670166
eicu,dro,42,26.933333333333334,49.558494567871094
eicu,dro,42,406.0833333333333,46.383426666259766
eicu,dro,42,133.0,47.63978576660156
eicu,dro,42,50.13333333333333,47.56589126586914
eicu,dro,42,24.166666666666668,50.101558685302734
eicu,dro,42,162.45,56.44083786010742
eicu,dro,42,44.85,50.76969909667969
eicu,dro,42,77.63333333333334,47.28269958496094
eicu,dro,42,101.88333333333334,55.81480026245117
eicu,dro,42,30.833333333333332,50.698875427246094
eicu,dro,42,54.05,49.097015380859375
eicu,dro,42,28.4,29.90435791015625
eicu,dro,42,47.43333333333333,48.99113464355469
eicu,dro,42,49.95,48.7666130065918
eicu,dro,42,91.91666666666667,47.601627349853516
eicu,dro,42,52.166666666666664,47.33634948730469
eicu,dro,42,105.1,54.83702087402344
eicu,dro,42,67.65,50.19782638549805
eicu,dro,42,67.43333333333334,47.729976654052734
eicu,dro,42,49.63333333333333,44.38013458251953
eicu,dro,42,349.2,48.57575988769531
eicu,dro,42,42.55,44.5433349609375
eicu,dro,42,122.01666666666667,56.522491455078125
eicu,dro,42,27.266666666666666,29.686603546142578
eicu,dro,42,44.56666666666667,45.594661712646484
eicu,dro,42,67.01666666666667,41.96287536621094
eicu,dro,42,180.23333333333332,58.6187858581543
eicu,dro,42,282.3666666666667,48.94761276245117
eicu,dro,42,59.8,48.80539321899414
eicu,dro,42,42.666666666666664,47.49400329589844
eicu,dro,42,51.333333333333336,46.191654205322266
eicu,dro,42,32.3,33.77163314819336
eicu,dro,42,124.48333333333333,46.53830337524414
eicu,dro,42,27.75,51.43362045288086
eicu,dro,42,26.7,41.07746887207031
eicu,dro,42,29.5,55.62863540649414
eicu,dro,42,31.416666666666668,49.57402420043945
eicu,dro,42,34.583333333333336,36.82927703857422
eicu,dro,42,44.016666666666666,53.575035095214844
eicu,dro,42,77.3,44.95247268676758
eicu,dro,42,71.1,55.37266159057617
eicu,dro,42,40.05,49.88893508911133
eicu,dro,42,101.35,53.555599212646484
eicu,dro,42,44.25,44.38881301879883
eicu,dro,42,38.0,40.10051345825195
eicu,dro,42,69.43333333333334,46.86355209350586
eicu,dro,42,152.26666666666668,49.424800872802734
eicu,dro,42,41.28333333333333,42.23719024658203
eicu,dro,42,25.4,26.205602645874023
eicu,dro,42,56.25,46.55420684814453
eicu,dro,42,75.33333333333333,49.07131576538086
eicu,dro,42,281.56666666666666,48.80461883544922
eicu,dro,42,46.9,49.78611755371094
eicu,dro,42,120.16666666666667,43.84831619262695
eicu,dro,42,26.766666666666666,26.91343879699707
eicu,dro,42,51.38333333333333,51.86949920654297
eicu,dro,42,107.26666666666667,52.505615234375
eicu,dro,42,59.983333333333334,49.93061828613281
eicu,dro,42,68.2,45.5372200012207
eicu,dro,42,99.53333333333333,47.53927993774414
eicu,dro,42,85.41666666666667,49.323936462402344
eicu,dro,42,44.6,52.0671501159668
eicu,dro,42,90.73333333333333,48.8695068359375
eicu,dro,42,84.3,48.21186828613281
eicu,dro,42,57.083333333333336,53.862308502197266
eicu,dro,42,43.6,47.221736907958984
eicu,dro,42,74.6,44.905548095703125
eicu,dro,42,32.06666666666667,48.29650115966797
eicu,dro,42,96.41666666666667,52.24856185913086
eicu,dro,42,27.933333333333334,56.31304168701172
eicu,dro,42,409.01666666666665,48.79899215698242
eicu,dro,42,93.06666666666666,48.44157409667969
eicu,dro,42,60.0,49.46954345703125
eicu,dro,42,346.8,48.0524787902832
eicu,dro,42,211.73333333333332,48.54792022705078
eicu,dro,42,68.95,48.56053924560547
eicu,dro,42,143.83333333333334,45.75787353515625
eicu,dro,42,46.583333333333336,57.8007926940918
eicu,dro,42,25.0,23.820938110351562
eicu,dro,42,69.76666666666667,47.0206298828125
eicu,dro,42,28.433333333333334,52.33091735839844
eicu,dro,42,112.85,58.96022033691406
eicu,dro,42,68.98333333333333,43.24761962890625
eicu,dro,42,188.9,47.079994201660156
eicu,dro,42,151.73333333333332,49.02072525024414
eicu,dro,42,29.55,52.83977127075195
eicu,dro,42,27.783333333333335,27.07582664489746
eicu,dro,42,24.583333333333332,26.421751022338867
eicu,dro,42,53.2,47.88411331176758
eicu,dro,42,30.683333333333334,31.074474334716797
eicu,dro,42,27.783333333333335,34.326507568359375
eicu,dro,42,41.733333333333334,46.345497131347656
eicu,dro,42,70.81666666666666,48.79304504394531
eicu,dro,42,66.68333333333334,52.36813735961914
eicu,dro,42,149.61666666666667,50.76987075805664
eicu,dro,42,25.3,28.99982261657715
eicu,dro,42,28.95,29.804813385009766
eicu,dro,42,124.98333333333333,49.93442916870117
eicu,dro,42,110.8,50.68282699584961
eicu,dro,42,24.083333333333332,25.153581619262695
eicu,dro,42,28.65,29.972900390625
eicu,dro,42,59.36666666666667,47.80864715576172
eicu,dro,42,26.05,28.55878257751465
eicu,dro,42,42.583333333333336,49.19762420654297
eicu,dro,42,51.71666666666667,49.234092712402344
eicu,dro,42,64.81666666666666,49.579620361328125
eicu,dro,42,381.95,46.2723388671875
eicu,dro,42,39.2,42.71857833862305
eicu,dro,42,27.333333333333332,41.43157958984375
eicu,dro,42,36.233333333333334,40.465484619140625
eicu,dro,42,38.71666666666667,49.52757263183594
eicu,dro,42,109.5,44.96696853637695
eicu,dro,42,27.966666666666665,53.74009323120117
eicu,dro,42,34.4,32.22775650024414
eicu,dro,42,136.33333333333334,48.31182098388672
eicu,dro,42,41.016666666666666,45.525516510009766
eicu,dro,42,42.25,49.4088134765625
eicu,dro,42,45.416666666666664,48.828826904296875
eicu,dro,42,36.4,52.602298736572266
eicu,dro,42,24.883333333333333,49.39715576171875
eicu,dro,42,139.6,43.27077102661133
eicu,dro,42,61.68333333333333,47.052490234375
eicu,dro,42,178.28333333333333,46.04484939575195
eicu,dro,42,51.81666666666667,49.618751525878906
eicu,dro,42,61.86666666666667,49.756568908691406
eicu,dro,42,24.833333333333332,41.12302017211914
eicu,dro,42,52.916666666666664,43.801082611083984
eicu,dro,42,44.25,44.42018508911133
eicu,dro,42,42.733333333333334,46.29460525512695
eicu,dro,42,36.35,36.733253479003906
eicu,dro,42,34.61666666666667,53.17376708984375
eicu,dro,42,29.65,31.73535919189453
eicu,dro,42,71.95,46.6943244934082
eicu,dro,42,146.71666666666667,51.9025993347168
eicu,dro,42,40.666666666666664,43.088253021240234
eicu,dro,42,158.8,48.492347717285156
eicu,dro,42,75.06666666666666,50.73169708251953
eicu,dro,42,68.73333333333333,47.63774490356445
eicu,dro,42,124.5,47.164894104003906
eicu,dro,42,54.333333333333336,52.591983795166016
eicu,dro,42,24.65,52.04895782470703
eicu,dro,42,26.583333333333332,51.89221954345703
eicu,dro,42,44.416666666666664,51.02159881591797
eicu,dro,42,28.366666666666667,31.045196533203125
eicu,dro,42,112.25,45.76313400268555
eicu,dro,42,83.18333333333334,55.33329772949219
eicu,dro,42,50.71666666666667,46.564876556396484
eicu,dro,42,87.06666666666666,49.4653434753418
eicu,dro,42,43.75,38.43948745727539
eicu,dro,42,112.43333333333334,54.75342559814453
eicu,dro,42,27.0,49.128318786621094
eicu,dro,42,31.616666666666667,31.239032745361328
eicu,dro,42,461.6,52.86260223388672
eicu,dro,42,81.13333333333334,47.1539421081543
eicu,dro,42,26.666666666666668,52.84687042236328
eicu,dro,42,233.1,44.90411376953125
eicu,dro,42,31.733333333333334,34.4854850769043
eicu,dro,42,117.5,51.155521392822266
eicu,dro,42,127.3,48.86254119873047
eicu,dro,42,40.766666666666666,43.115211486816406
eicu,dro,42,44.53333333333333,44.75640869140625
eicu,dro,42,62.56666666666667,49.008670806884766
eicu,dro,42,92.38333333333334,50.23065948486328
eicu,dro,42,30.216666666666665,32.37915802001953
eicu,dro,42,140.93333333333334,45.77151870727539
eicu,dro,42,74.55,55.2549934387207
eicu,dro,42,46.15,53.531490325927734
eicu,dro,42,98.9,56.55524826049805
eicu,dro,42,27.05,45.05699920654297
eicu,dro,42,42.483333333333334,43.384300231933594
eicu,dro,42,149.5,49.62295150756836
eicu,dro,42,47.25,45.329689025878906
eicu,dro,42,26.066666666666666,47.237972259521484
eicu,dro,42,81.18333333333334,45.336605072021484
eicu,dro,42,28.666666666666668,46.04767608642578
eicu,dro,42,451.68333333333334,46.97224426269531
eicu,dro,42,69.75,52.908348083496094
eicu,dro,42,94.95,46.56389236450195
eicu,dro,42,75.51666666666667,53.40680694580078
eicu,dro,42,60.88333333333333,52.314453125
eicu,dro,42,68.66666666666667,46.16173553466797
eicu,dro,42,54.06666666666667,46.34815979003906
eicu,dro,42,113.48333333333333,48.898704528808594
eicu,dro,42,25.533333333333335,45.0775260925293
eicu,dro,42,95.58333333333333,52.0399284362793
eicu,dro,42,295.3333333333333,46.786190032958984
eicu,dro,42,83.85,45.89366149902344
eicu,dro,42,39.666666666666664,53.735652923583984
eicu,dro,42,111.91666666666667,52.041473388671875
eicu,dro,42,56.05,46.30885696411133
eicu,dro,42,256.98333333333335,70.58417510986328
eicu,dro,42,28.9,47.84883499145508
eicu,dro,42,47.3,47.53485870361328
eicu,dro,42,104.8,45.5296630859375
eicu,dro,42,382.1166666666667,46.43952941894531
eicu,dro,42,64.6,52.712791442871094
eicu,dro,42,65.95,46.17477798461914
eicu,dro,42,120.05,53.00107192993164
eicu,dro,42,70.75,49.73492431640625
eicu,dro,42,30.3,31.393653869628906
eicu,dro,42,40.11666666666667,51.485565185546875
eicu,dro,42,208.56666666666666,54.72248840332031
eicu,dro,42,81.5,59.694095611572266
eicu,dro,42,41.95,46.55866241455078
eicu,dro,42,41.3,46.203514099121094
eicu,dro,42,24.583333333333332,27.447481155395508
eicu,dro,42,24.45,29.324554443359375
eicu,dro,42,44.03333333333333,45.97193145751953
eicu,dro,42,198.98333333333332,48.59945297241211
eicu,dro,42,85.01666666666667,49.0284423828125
eicu,dro,42,79.48333333333333,45.76844024658203
eicu,dro,42,26.05,23.49441909790039
eicu,dro,42,80.21666666666667,48.111820220947266
eicu,dro,42,220.63333333333333,47.67551803588867
eicu,dro,42,180.3,54.79901123046875
eicu,dro,42,137.7,53.768707275390625
eicu,dro,42,31.083333333333332,35.0960807800293
eicu,dro,42,176.33333333333334,57.855491638183594
eicu,dro,42,66.65,51.08538818359375
eicu,dro,42,75.25,50.54768371582031
eicu,dro,42,64.53333333333333,48.81425094604492
eicu,dro,42,46.13333333333333,46.32178497314453
eicu,dro,42,26.15,25.574237823486328
eicu,dro,42,25.216666666666665,51.87186813354492
eicu,dro,42,99.9,51.998985290527344
eicu,dro,42,36.61666666666667,37.399322509765625
eicu,dro,42,352.93333333333334,58.44295883178711
eicu,dro,42,70.66666666666667,48.0460090637207
eicu,dro,42,39.733333333333334,39.5993766784668
eicu,dro,42,66.35,50.298458099365234
eicu,dro,42,65.45,50.96642303466797
eicu,dro,42,30.416666666666668,36.95627212524414
eicu,dro,42,42.016666666666666,48.418312072753906
eicu,dro,42,26.066666666666666,28.196029663085938
eicu,dro,42,24.05,27.69832420349121
eicu,dro,42,189.9,48.03490447998047
eicu,dro,42,69.16666666666667,53.903263092041016
eicu,dro,42,78.58333333333333,50.35896301269531
eicu,dro,42,32.166666666666664,36.23923873901367
eicu,dro,42,24.366666666666667,46.77543258666992
eicu,dro,42,118.83333333333333,56.67176055908203
eicu,dro,42,34.516666666666666,36.58873748779297
eicu,dro,42,67.0,46.85500717163086
eicu,dro,42,95.81666666666666,53.48772048950195
eicu,dro,42,50.43333333333333,45.71450424194336
eicu,dro,42,43.4,54.05027770996094
eicu,dro,42,37.583333333333336,38.71197509765625
eicu,dro,42,25.833333333333332,27.592607498168945
eicu,dro,42,24.4,34.503265380859375
eicu,dro,42,103.4,57.014957427978516
eicu,dro,42,490.0833333333333,50.1203727722168
eicu,dro,42,106.05,48.867286682128906
eicu,dro,42,34.516666666666666,32.626121520996094
eicu,dro,42,40.083333333333336,42.97832489013672
eicu,dro,42,30.683333333333334,32.402801513671875
eicu,dro,42,48.36666666666667,47.22349548339844
eicu,dro,42,238.66666666666666,48.16067123413086
eicu,dro,42,168.95,54.07829284667969
eicu,dro,42,95.25,47.94060134887695
eicu,dro,42,123.2,55.30909729003906
eicu,dro,42,41.55,44.75754165649414
eicu,dro,42,27.05,36.662662506103516
eicu,dro,42,64.25,53.086177825927734
eicu,dro,42,66.75,54.174659729003906
eicu,dro,42,86.2,49.27019119262695
eicu,dro,42,36.28333333333333,37.814510345458984
eicu,dro,42,32.56666666666667,33.600433349609375
eicu,dro,42,45.016666666666666,44.56543731689453
eicu,dro,42,25.066666666666666,46.56560516357422
eicu,dro,42,52.833333333333336,45.63479232788086
physionet_b,erm,42,43.0,49.380313873291016
physionet_b,erm,42,42.0,48.541019439697266
physionet_b,erm,42,47.0,49.85459899902344
physionet_b,erm,42,44.0,55.69220733642578
physionet_b,erm,42,47.0,51.9719123840332
physionet_b,erm,42,27.0,28.115949630737305
physionet_b,erm,42,25.0,25.228544235229492
physionet_b,erm,42,43.0,51.805301666259766
physionet_b,erm,42,40.0,40.79927062988281
physionet_b,erm,42,45.0,49.427024841308594
physionet_b,erm,42,26.0,26.828807830810547
physionet_b,erm,42,37.0,34.275184631347656
physionet_b,erm,42,51.0,50.80441665649414
physionet_b,erm,42,41.0,46.916439056396484
physionet_b,erm,42,48.0,52.66707992553711
physionet_b,erm,42,44.0,50.41094207763672
physionet_b,erm,42,25.0,22.083799362182617
physionet_b,erm,42,49.0,51.84156036376953
physionet_b,erm,42,44.0,43.266666412353516
physionet_b,erm,42,36.0,34.74402618408203
physionet_b,erm,42,37.0,34.82325744628906
physionet_b,erm,42,24.0,25.707395553588867
physionet_b,erm,42,49.0,50.585723876953125
physionet_b,erm,42,41.0,43.07369613647461
physionet_b,erm,42,49.0,48.7751350402832
physionet_b,erm,42,41.0,45.953224182128906
physionet_b,erm,42,36.0,33.786659240722656
physionet_b,erm,42,36.0,35.291229248046875
physionet_b,erm,42,41.0,40.93501663208008
physionet_b,erm,42,50.0,60.79021072387695
physionet_b,erm,42,49.0,58.45951461791992
physionet_b,erm,42,44.0,47.76994705200195
physionet_b,erm,42,160.0,54.91908645629883
physionet_b,erm,42,24.0,25.850191116333008
physionet_b,erm,42,24.0,24.69599151611328
physionet_b,erm,42,24.0,25.232234954833984
physionet_b,erm,42,54.0,49.9848747253418
physionet_b,erm,42,44.0,47.941932678222656
physionet_b,erm,42,89.0,51.65596008300781
physionet_b,erm,42,54.0,52.536598205566406
physionet_b,erm,42,40.0,35.63352584838867
physionet_b,erm,42,41.0,39.55256652832031
physionet_b,erm,42,46.0,42.911312103271484
physionet_b,erm,42,45.0,50.200584411621094
physionet_b,erm,42,26.0,26.908048629760742
physionet_b,erm,42,56.0,52.43012619018555
physionet_b,erm,42,39.0,38.17636489868164
physionet_b,erm,42,49.0,48.735904693603516
physionet_b,erm,42,26.0,26.311534881591797
physionet_b,erm,42,36.0,35.241573333740234
physionet_b,erm,42,25.0,25.660558700561523
physionet_b,erm,42,37.0,35.29620361328125
physionet_b,erm,42,54.0,55.24802017211914
physionet_b,erm,42,38.0,35.56458282470703
physionet_b,erm,42,47.0,52.85114669799805
physionet_b,erm,42,32.0,32.572078704833984
physionet_b,erm,42,41.0,40.9664421081543
physionet_b,erm,42,31.0,31.42157745361328
physionet_b,erm,42,58.0,48.60028076171875
physionet_b,erm,42,58.0,48.886619567871094
physionet_b,erm,42,56.0,41.78764724731445
physionet_b,erm,42,56.0,52.91385269165039
physionet_b,erm,42,69.0,50.42000198364258
physionet_b,erm,42,39.0,37.74814224243164
physionet_b,erm,42,25.0,26.32281494140625
physionet_b,erm,42,25.0,25.450693130493164
physionet_b,erm,42,43.0,51.9383544921875
physionet_b,erm,42,37.0,36.81015396118164
physionet_b,erm,42,34.0,36.36149215698242
physionet_b,erm,42,42.0,42.7362060546875
physionet_b,erm,42,41.0,40.495113372802734
physionet_b,erm,42,45.0,51.048606872558594
physionet_b,erm,42,27.0,26.6951847076416
physionet_b,erm,42,52.0,49.0118522644043
physionet_b,erm,42,41.0,44.87245178222656
physionet_b,erm,42,59.0,49.691749572753906
physionet_b,erm,42,39.0,39.619041442871094
physionet_b,erm,42,49.0,54.195709228515625
physionet_b,erm,42,25.0,25.386585235595703
physionet_b,erm,42,47.0,49.695072174072266
physionet_b,erm,42,24.0,24.634599685668945
physionet_b,erm,42,36.0,35.91722869873047
physionet_b,erm,42,44.0,48.77589416503906
physionet_b,erm,42,56.0,42.427574157714844
physionet_b,erm,42,53.0,55.84105682373047
physionet_b,erm,42,57.0,50.3741340637207
physionet_b,erm,42,40.0,41.767452239990234
physionet_b,erm,42,48.0,52.74859619140625
physionet_b,erm,42,44.0,51.2064323425293
physionet_b,erm,42,29.0,30.141992568969727
physionet_b,erm,42,52.0,59.7236213684082
physionet_b,erm,42,48.0,53.97724533081055
physionet_b,erm,42,40.0,39.04847717285156
physionet_b,erm,42,41.0,40.04324722290039
physionet_b,erm,42,194.0,52.881248474121094
physionet_b,erm,42,47.0,54.13720703125
physionet_b,erm,42,42.0,44.79445266723633
physionet_b,erm,42,50.0,50.735530853271484
physionet_b,erm,42,59.0,51.61642837524414
physionet_b,erm,42,26.0,27.62073516845703
physionet_b,erm,42,41.0,40.60778045654297
physionet_b,erm,42,49.0,54.359291076660156
physionet_b,erm,42,42.0,43.67704772949219
physionet_b,erm,42,48.0,49.203834533691406
physionet_b,erm,42,58.0,55.91865158081055
physionet_b,erm,42,38.0,35.92455291748047
physionet_b,erm,42,36.0,35.210575103759766
physionet_b,erm,42,33.0,32.16303253173828
physionet_b,erm,42,50.0,48.7918815612793
physionet_b,erm,42,58.0,48.15312194824219
physionet_b,erm,42,50.0,50.12410354614258
physionet_b,erm,42,43.0,48.96918487548828
physionet_b,erm,42,25.0,25.78564453125
physionet_b,erm,42,35.0,36.49061584472656
physionet_b,erm,42,54.0,48.28398513793945
physionet_b,erm,42,49.0,49.31998062133789
physionet_b,erm,42,57.0,49.10985565185547
physionet_b,erm,42,36.0,34.86589431762695
physionet_b,erm,42,56.0,54.12440490722656
physionet_b,erm,42,37.0,34.060813903808594
physionet_b,erm,42,39.0,35.66783905029297
physionet_b,erm,42,24.0,26.05885124206543
physionet_b,erm,42,40.0,36.726497650146484
physionet_b,erm,42,39.0,39.14303970336914
physionet_b,erm,42,25.0,23.713655471801758
physionet_b,erm,42,48.0,49.05887985229492
physionet_b,erm,42,39.0,39.97428894042969
physionet_b,erm,42,55.0,49.579063415527344
physionet_b,erm,42,44.0,49.34131622314453
physionet_b,erm,42,46.0,49.56729507446289
physionet_b,erm,42,39.0,36.23337936401367
physionet_b,erm,42,53.0,52.377845764160156
physionet_b,erm,42,26.0,26.12084197998047
physionet_b,erm,42,40.0,39.19939422607422
physionet_b,erm,42,47.0,41.460968017578125
physionet_b,erm,42,63.0,50.259822845458984
physionet_b,erm,42,50.0,48.53844451904297
physionet_b,erm,42,39.0,38.06718063354492
physionet_b,erm,42,40.0,41.38783645629883
physionet_b,erm,42,28.0,28.47426414489746
physionet_b,erm,42,40.0,39.56432342529297
physionet_b,erm,42,38.0,35.142539978027344
physionet_b,erm,42,47.0,49.804054260253906
physionet_b,erm,42,50.0,51.33011245727539
physionet_b,erm,42,47.0,50.11525344848633
physionet_b,erm,42,37.0,35.64837646484375
physionet_b,erm,42,39.0,37.21895217895508
physionet_b,erm,42,47.0,55.0574836730957
physionet_b,erm,42,37.0,34.82611846923828
physionet_b,erm,42,64.0,48.536251068115234
physionet_b,erm,42,31.0,31.024070739746094
physionet_b,erm,42,42.0,41.95834732055664
physionet_b,erm,42,39.0,36.7009162902832
physionet_b,erm,42,36.0,35.03759765625
physionet_b,erm,42,29.0,28.906784057617188
physionet_b,erm,42,58.0,48.88979721069336
physionet_b,erm,42,44.0,48.22397994995117
physionet_b,erm,42,55.0,48.41312789916992
physionet_b,erm,42,38.0,35.395381927490234
physionet_b,erm,42,39.0,39.885799407958984
physionet_b,erm,42,45.0,51.1342887878418
physionet_b,erm,42,45.0,50.43569564819336
physionet_b,erm,42,57.0,52.18748092651367
physionet_b,erm,42,33.0,32.82167053222656
physionet_b,erm,42,37.0,24.453046798706055
physionet_b,erm,42,58.0,48.46055603027344
physionet_b,erm,42,40.0,37.31784439086914
physionet_b,erm,42,38.0,35.049198150634766
physionet_b,erm,42,47.0,50.4350471496582
physionet_b,erm,42,47.0,51.184974670410156
physionet_b,erm,42,35.0,34.793094635009766
physionet_b,erm,42,38.0,36.48133850097656
physionet_b,erm,42,52.0,49.37327575683594
physionet_b,erm,42,48.0,50.838680267333984
physionet_b,erm,42,53.0,52.5047492980957
physionet_b,erm,42,47.0,51.994476318359375
physionet_b,erm,42,48.0,49.7710075378418
physionet_b,erm,42,37.0,36.47024154663086
physionet_b,erm,42,51.0,50.37895965576172
physionet_b,erm,42,42.0,49.258148193359375
physionet_b,erm,42,43.0,37.77194595336914
physionet_b,erm,42,59.0,49.113285064697266
physionet_b,erm,42,44.0,57.32019805908203
physionet_b,erm,42,28.0,26.350828170776367
physionet_b,erm,42,32.0,30.719385147094727
physionet_b,erm,42,43.0,49.56025695800781
physionet_b,erm,42,48.0,48.68135070800781
physionet_b,erm,42,40.0,37.4856071472168
physionet_b,erm,42,24.0,25.09325408935547
physionet_b,erm,42,48.0,56.96098327636719
physionet_b,erm,42,45.0,51.36515808105469
physionet_b,erm,42,33.0,30.9814510345459
physionet_b,erm,42,37.0,35.21192169189453
physionet_b,erm,42,38.0,36.414608001708984
physionet_b,erm,42,41.0,45.180084228515625
physionet_b,erm,42,56.0,51.18919372558594
physionet_b,erm,42,40.0,42.26357650756836
physionet_b,erm,42,50.0,47.92618179321289
physionet_b,erm,42,29.0,28.927276611328125
physionet_b,erm,42,46.0,50.301124572753906
physionet_b,erm,42,42.0,40.462589263916016
physionet_b,erm,42,56.0,42.697330474853516
physionet_b,erm,42,51.0,50.45242691040039
physionet_b,erm,42,43.0,44.368431091308594
physionet_b,erm,42,25.0,25.493446350097656
physionet_b,erm,42,57.0,49.43946838378906
physionet_b,erm,42,38.0,37.91416549682617
physionet_b,erm,42,40.0,39.332828521728516
physionet_b,erm,42,35.0,35.3907470703125
physionet_b,erm,42,76.0,47.490028381347656
physionet_b,erm,42,49.0,48.56883239746094
physionet_b,erm,42,49.0,50.53394317626953
physionet_b,erm,42,51.0,51.23283767700195
physionet_b,erm,42,59.0,49.413055419921875
physionet_b,erm,42,101.0,50.58387756347656
physionet_b,erm,42,47.0,49.1478157043457
physionet_b,erm,42,49.0,51.16971206665039
physionet_b,erm,42,26.0,26.929628372192383
physionet_b,erm,42,57.0,48.209991455078125
physionet_b,erm,42,59.0,50.64954376220703
physionet_b,erm,42,38.0,35.53498077392578
physionet_b,erm,42,38.0,36.17790222167969
physionet_b,erm,42,44.0,50.094905853271484
physionet_b,erm,42,53.0,49.14046096801758
physionet_b,erm,42,39.0,37.33664321899414
physionet_b,erm,42,25.0,26.72803497314453
physionet_b,erm,42,35.0,32.57899475097656
physionet_b,erm,42,38.0,36.29235076904297
physionet_b,erm,42,53.0,51.76056671142578
physionet_b,erm,42,45.0,50.62716293334961
physionet_b,erm,42,46.0,47.64130401611328
physionet_b,erm,42,51.0,47.42946243286133
physionet_b,erm,42,46.0,50.2494010925293
physionet_b,erm,42,26.0,25.49601173400879
physionet_b,erm,42,38.0,36.44403076171875
physionet_b,erm,42,39.0,37.37563705444336
physionet_b,erm,42,55.0,51.69997024536133
physionet_b,erm,42,29.0,29.063783645629883
physionet_b,erm,42,53.0,55.425533294677734
physionet_b,erm,42,37.0,34.78717041015625
physionet_b,erm,42,55.0,48.47553253173828
physionet_b,erm,42,24.0,24.1041316986084
physionet_b,erm,42,37.0,34.435096740722656
physionet_b,erm,42,46.0,47.41526412963867
physionet_b,erm,42,24.0,25.594324111938477
physionet_b,erm,42,121.0,51.09083938598633
physionet_b,erm,42,63.0,50.54180908203125
physionet_b,erm,42,55.0,50.78862380981445
physionet_b,erm,42,24.0,26.826173782348633
physionet_b,erm,42,25.0,27.11585807800293
physionet_b,erm,42,51.0,49.314125061035156
physionet_b,erm,42,38.0,37.904388427734375
physionet_b,erm,42,43.0,42.18046569824219
physionet_b,erm,42,38.0,35.96464920043945
physionet_b,erm,42,56.0,49.23477554321289
physionet_b,erm,42,51.0,49.88347625732422
physionet_b,erm,42,30.0,28.85199546813965
physionet_b,erm,42,49.0,54.1700553894043
physionet_b,erm,42,44.0,44.682132720947266
physionet_b,erm,42,36.0,35.33171081542969
physionet_b,erm,42,25.0,24.958709716796875
physionet_b,erm,42,52.0,52.966102600097656
physionet_b,erm,42,34.0,34.70535659790039
physionet_b,erm,42,24.0,25.205949783325195
physionet_b,erm,42,49.0,49.2326545715332
physionet_b,erm,42,24.0,26.060850143432617
physionet_b,erm,42,49.0,56.38942337036133
physionet_b,erm,42,41.0,47.69044494628906
physionet_b,erm,42,27.0,27.4449462890625
physionet_b,erm,42,42.0,53.97666931152344
physionet_b,erm,42,40.0,38.665550231933594
physionet_b,erm,42,28.0,29.06246566772461
physionet_b,erm,42,38.0,35.40608215332031
physionet_b,erm,42,43.0,50.01744079589844
physionet_b,erm,42,31.0,30.41120719909668
physionet_b,erm,42,27.0,26.801313400268555
physionet_b,erm,42,29.0,28.804439544677734
physionet_b,erm,42,38.0,35.92529296875
physionet_b,erm,42,46.0,48.58076095581055
physionet_b,erm,42,25.0,25.109189987182617
physionet_b,erm,42,39.0,39.21302795410156
physionet_b,erm,42,45.0,51.410072326660156
physionet_b,erm,42,57.0,50.76155090332031
physionet_b,erm,42,58.0,49.85285568237305
physionet_b,erm,42,41.0,52.61568069458008
physionet_b,erm,42,32.0,34.63915252685547
physionet_b,erm,42,24.0,25.061302185058594
physionet_b,erm,42,46.0,50.32444381713867
physionet_b,erm,42,52.0,50.87546157836914
physionet_b,erm,42,45.0,50.13484191894531
physionet_b,erm,42,25.0,23.91114616394043
physionet_b,erm,42,54.0,49.16200637817383
physionet_b,erm,42,38.0,37.926795959472656
physionet_b,erm,42,31.0,29.312915802001953
physionet_b,erm,42,43.0,45.82069778442383
physionet_b,erm,42,41.0,41.2009162902832
physionet_b,erm,42,28.0,28.710208892822266
physionet_b,erm,42,24.0,25.083499908447266
physionet_b,erm,42,46.0,50.04642105102539
physionet_b,erm,42,49.0,50.42250442504883
physionet_b,erm,42,49.0,50.339569091796875
physionet_b,erm,42,38.0,33.55975341796875
physionet_b,erm,42,31.0,33.08348083496094
physionet_b,erm,42,27.0,28.911476135253906
physionet_b,erm,42,57.0,48.84908676147461
physionet_b,erm,42,40.0,38.606197357177734
physionet_b,erm,42,36.0,33.379512786865234
physionet_b,erm,42,51.0,50.565433502197266
physionet_b,erm,42,55.0,48.056068420410156
physionet_b,erm,42,45.0,48.943912506103516
physionet_b,erm,42,38.0,35.36689758300781
physionet_b,erm,42,34.0,33.20476150512695
physionet_b,erm,42,31.0,30.432132720947266
physionet_b,erm,42,40.0,42.64844512939453
physionet_b,erm,42,56.0,42.520538330078125
physionet_b,erm,42,41.0,45.35401916503906
physionet_b,erm,42,40.0,41.84242248535156
physionet_b,erm,42,54.0,49.8746452331543
physionet_b,erm,42,41.0,41.034786224365234
physionet_b,erm,42,52.0,50.57528305053711
physionet_b,erm,42,47.0,54.523250579833984
physionet_b,erm,42,51.0,51.293792724609375
physionet_b,erm,42,104.0,50.41100311279297
physionet_b,erm,42,40.0,44.4874382019043
physionet_b,erm,42,40.0,38.171165466308594
physionet_b,erm,42,24.0,25.58750343322754
physionet_b,erm,42,55.0,56.15772247314453
physionet_b,erm,42,56.0,41.91441345214844
physionet_b,erm,42,52.0,52.50324249267578
physionet_b,erm,42,40.0,38.833988189697266
physionet_b,erm,42,47.0,48.86205291748047
physionet_b,erm,42,24.0,25.44919204711914
physionet_b,erm,42,37.0,34.2041130065918
physionet_b,erm,42,41.0,46.93993377685547
physionet_b,erm,42,46.0,49.47050476074219
physionet_b,erm,42,55.0,50.218021392822266
physionet_b,erm,42,39.0,37.934600830078125
physionet_b,erm,42,38.0,36.2905387878418
physionet_b,erm,42,31.0,31.341785430908203
physionet_b,erm,42,58.0,48.89064025878906
physionet_b,erm,42,53.0,41.99117660522461
physionet_b,erm,42,37.0,36.849937438964844
physionet_b,erm,42,25.0,26.91342544555664
physionet_b,erm,42,24.0,24.005544662475586
physionet_b,erm,42,54.0,54.45559310913086
physionet_b,erm,42,56.0,49.06376266479492
physionet_b,erm,42,59.0,54.69730758666992
physionet_b,erm,42,24.0,27.34387969970703
physionet_b,erm,42,39.0,38.84436798095703
physionet_b,erm,42,40.0,35.69538116455078
physionet_b,erm,42,38.0,34.643035888671875
physionet_b,erm,42,36.0,35.01936340332031
physionet_b,erm,42,53.0,60.64994812011719
physionet_b,erm,42,45.0,49.368770599365234
physionet_b,erm,42,40.0,38.920867919921875
physionet_b,erm,42,39.0,36.05215072631836
physionet_b,erm,42,43.0,42.2630615234375
physionet_b,erm,42,42.0,41.78641128540039
physionet_b,erm,42,45.0,48.58566665649414
physionet_b,erm,42,26.0,26.031291961669922
physionet_b,erm,42,35.0,36.093814849853516
physionet_b,erm,42,27.0,29.229642868041992
physionet_b,erm,42,39.0,37.09663772583008
physionet_b,erm,42,38.0,35.801124572753906
physionet_b,erm,42,54.0,49.15414047241211
physionet_b,erm,42,57.0,50.400535583496094
physionet_b,erm,42,25.0,26.251895904541016
physionet_b,erm,42,50.0,51.81016159057617
physionet_b,erm,42,44.0,48.400474548339844
physionet_b,erm,42,38.0,35.189910888671875
physionet_b,erm,42,26.0,26.067136764526367
physionet_b,erm,42,42.0,41.93843460083008
physionet_b,erm,42,54.0,52.7138671875
physionet_b,erm,42,36.0,35.75944137573242
physionet_b,erm,42,39.0,37.24348831176758
physionet_b,erm,42,39.0,40.74789047241211
physionet_b,erm,42,48.0,50.012428283691406
physionet_b,erm,42,39.0,37.800132751464844
physionet_b,erm,42,41.0,48.269630432128906
physionet_b,erm,42,37.0,34.24830627441406
physionet_b,erm,42,36.0,33.692169189453125
physionet_b,erm,42,39.0,36.99113845825195
physionet_b,erm,42,50.0,55.63449478149414
physionet_b,erm,42,44.0,43.454429626464844
physionet_b,erm,42,55.0,54.13389587402344
physionet_b,erm,42,115.0,48.7573356628418
physionet_b,erm,42,43.0,49.45132827758789
physionet_b,erm,42,40.0,40.61885452270508
physionet_b,erm,42,55.0,46.980777740478516
physionet_b,erm,42,31.0,29.825942993164062
physionet_b,erm,42,37.0,36.71174240112305
physionet_b,erm,42,52.0,50.98482131958008
physionet_b,erm,42,57.0,53.20646667480469
physionet_b,erm,42,57.0,48.597347259521484
physionet_b,erm,42,30.0,32.802120208740234
physionet_b,erm,42,47.0,50.48634338378906
physionet_b,erm,42,32.0,31.812355041503906
physionet_b,erm,42,44.0,44.666297912597656
physionet_b,erm,42,37.0,32.869659423828125
physionet_b,erm,42,47.0,51.41707229614258
physionet_b,erm,42,53.0,50.39265823364258
physionet_b,erm,42,37.0,37.83699417114258
physionet_b,erm,42,59.0,50.674400329589844
physionet_b,erm,42,33.0,32.40885543823242
physionet_b,erm,42,43.0,43.24745178222656
physionet_b,erm,42,42.0,42.69424819946289
physionet_b,erm,42,38.0,36.272457122802734
physionet_b,erm,42,40.0,39.58675765991211
physionet_b,erm,42,53.0,50.53554153442383
physionet_b,erm,42,50.0,49.440792083740234
physionet_b,erm,42,37.0,33.994956970214844
physionet_b,erm,42,44.0,52.365108489990234
physionet_b,erm,42,40.0,39.239017486572266
physionet_b,erm,42,44.0,41.395023345947266
physionet_b,erm,42,39.0,38.75874710083008
physionet_b,erm,42,53.0,55.37443542480469
physionet_b,erm,42,26.0,30.751436233520508
physionet_b,erm,42,46.0,48.28609085083008
physionet_b,erm,42,44.0,49.86855697631836
physionet_b,erm,42,47.0,46.95330810546875
physionet_b,erm,42,57.0,49.103153228759766
physionet_b,erm,42,42.0,51.075340270996094
physionet_b,erm,42,51.0,54.075927734375
physionet_b,erm,42,58.0,53.17030715942383
physionet_b,erm,42,39.0,36.27490234375
physionet_b,erm,42,39.0,36.240028381347656
physionet_b,erm,42,31.0,29.588314056396484
physionet_b,erm,42,44.0,48.632362365722656
physionet_b,erm,42,48.0,46.7235107421875
physionet_b,erm,42,40.0,37.67160415649414
physionet_b,erm,42,40.0,38.6262321472168
physionet_b,erm,42,112.0,50.84269714355469
physionet_b,erm,42,43.0,41.992469787597656
physionet_b,erm,42,43.0,43.0181884765625
physionet_b,erm,42,31.0,31.620651245117188
physionet_b,erm,42,34.0,35.948822021484375
physionet_b,erm,42,50.0,58.73107147216797
physionet_b,erm,42,153.0,52.284629821777344
physionet_b,erm,42,41.0,39.582096099853516
physionet_b,erm,42,39.0,40.116878509521484
physionet_b,erm,42,29.0,29.273061752319336
physionet_b,erm,42,44.0,49.218143463134766
physionet_b,erm,42,46.0,50.62485885620117
physionet_b,erm,42,49.0,50.24518585205078
physionet_b,erm,42,57.0,54.584495544433594
physionet_b,erm,42,59.0,48.348243713378906
physionet_b,erm,42,54.0,47.81053161621094
physionet_b,erm,42,46.0,49.99679183959961
physionet_b,erm,42,47.0,49.07307052612305
physionet_b,erm,42,49.0,56.63662338256836
physionet_b,erm,42,41.0,44.62557601928711
physionet_b,erm,42,44.0,42.90657043457031
physionet_b,erm,42,36.0,34.53821563720703
physionet_b,erm,42,36.0,36.26975631713867
physionet_b,erm,42,53.0,52.1901969909668
physionet_b,erm,42,55.0,49.443992614746094
physionet_b,erm,42,34.0,34.20490264892578
physionet_b,erm,42,55.0,49.47849655151367
physionet_b,erm,42,46.0,49.9111213684082
physionet_b,erm,42,52.0,50.78083419799805
physionet_b,erm,42,24.0,25.05237579345703
physionet_b,erm,42,44.0,49.348838806152344
physionet_b,erm,42,28.0,29.197559356689453
physionet_b,erm,42,42.0,43.22300338745117
physionet_b,erm,42,42.0,42.31061553955078
physionet_b,erm,42,43.0,52.75729751586914
physionet_b,erm,42,47.0,50.5228271484375
physionet_b,erm,42,58.0,50.40455627441406
physionet_b,erm,42,59.0,50.066688537597656
physionet_b,erm,42,32.0,30.555686950683594
physionet_b,erm,42,54.0,50.86948776245117
physionet_b,erm,42,57.0,49.47093963623047
physionet_b,erm,42,40.0,44.230716705322266
physionet_b,erm,42,47.0,50.712310791015625
physionet_b,erm,42,44.0,50.57126235961914
physionet_b,erm,42,56.0,50.42399978637695
physionet_b,erm,42,25.0,26.29416847229004
physionet_b,erm,42,49.0,47.01112747192383
physionet_b,erm,42,56.0,50.06690979003906
physionet_b,erm,42,31.0,29.8868350982666
physionet_b,erm,42,37.0,36.60737228393555
physionet_b,erm,42,40.0,38.092689514160156
physionet_b,erm,42,55.0,55.915748596191406
physionet_b,erm,42,51.0,54.648193359375
physionet_b,erm,42,55.0,49.747589111328125
physionet_b,erm,42,50.0,48.200313568115234
physionet_b,erm,42,50.0,47.907196044921875
physionet_b,erm,42,49.0,47.71229553222656
physionet_b,erm,42,39.0,42.426631927490234
physionet_b,erm,42,51.0,49.5430908203125
physionet_b,erm,42,184.0,54.37491989135742
physionet_b,erm,42,46.0,50.71696090698242
physionet_b,erm,42,46.0,49.226776123046875
physionet_b,erm,42,40.0,39.67274856567383
physionet_b,erm,42,163.0,49.80034637451172
physionet_b,erm,42,36.0,34.610801696777344
physionet_b,erm,42,51.0,50.77117919921875
physionet_b,erm,42,165.0,54.93914031982422
physionet_b,erm,42,59.0,47.38581466674805
physionet_b,erm,42,53.0,49.3169059753418
physionet_b,erm,42,37.0,33.64289093017578
physionet_b,erm,42,31.0,32.43342971801758
physionet_b,erm,42,41.0,49.67070007324219
physionet_b,erm,42,44.0,48.4842643737793
physionet_b,erm,42,46.0,49.995914459228516
physionet_b,erm,42,24.0,26.2032413482666
physionet_b,erm,42,31.0,32.59589385986328
physionet_b,erm,42,27.0,27.779544830322266
physionet_b,erm,42,80.0,48.978572845458984
physionet_b,erm,42,36.0,33.61246109008789
physionet_b,erm,42,48.0,50.6798210144043
physionet_b,erm,42,36.0,35.65705490112305
physionet_b,erm,42,39.0,37.2705078125
physionet_b,erm,42,62.0,51.97316360473633
physionet_b,erm,42,36.0,36.95979309082031
physionet_b,erm,42,52.0,47.84105682373047
physionet_b,erm,42,43.0,42.869380950927734
physionet_b,erm,42,56.0,53.14751434326172
physionet_b,erm,42,36.0,32.62419509887695
physionet_b,erm,42,66.0,50.19526290893555
physionet_b,erm,42,40.0,44.1599006652832
physionet_b,erm,42,35.0,34.12419128417969
physionet_b,erm,42,28.0,29.05158805847168
physionet_b,erm,42,49.0,52.43143844604492
physionet_b,erm,42,52.0,49.13533401489258
physionet_b,erm,42,41.0,42.01808166503906
physionet_b,erm,42,50.0,41.7310676574707
physionet_b,erm,42,52.0,51.1385498046875
physionet_b,erm,42,30.0,29.48461151123047
physionet_b,erm,42,24.0,24.639629364013672
physionet_b,erm,42,34.0,33.47040939331055
physionet_b,erm,42,46.0,49.32477951049805
physionet_b,erm,42,57.0,49.91716384887695
physionet_b,erm,42,41.0,38.28404998779297
physionet_b,erm,42,37.0,37.7901611328125
physionet_b,erm,42,41.0,45.82331085205078
physionet_b,erm,42,47.0,50.5976676940918
physionet_b,erm,42,53.0,49.40888595581055
physionet_b,erm,42,44.0,38.72026062011719
physionet_b,erm,42,49.0,49.11646270751953
physionet_b,erm,42,58.0,48.045204162597656
physionet_b,erm,42,50.0,51.116119384765625
physionet_b,erm,42,51.0,50.508750915527344
physionet_b,erm,42,46.0,49.89580535888672
physionet_b,erm,42,27.0,27.63027000427246
physionet_b,erm,42,26.0,26.55756378173828
physionet_b,erm,42,41.0,40.79243469238281
physionet_b,erm,42,40.0,42.662879943847656
physionet_b,erm,42,24.0,25.918949127197266
physionet_b,erm,42,39.0,41.61782455444336
physionet_b,erm,42,48.0,51.133567810058594
physionet_b,erm,42,50.0,50.007225036621094
physionet_b,erm,42,42.0,46.63998794555664
physionet_b,erm,42,27.0,27.586767196655273
physionet_b,erm,42,47.0,42.16975021362305
physionet_b,erm,42,45.0,54.45144271850586
physionet_b,erm,42,43.0,49.39677047729492
physionet_b,erm,42,42.0,42.53724670410156
physionet_b,erm,42,27.0,27.190048217773438
physionet_b,erm,42,48.0,49.91196823120117
physionet_b,erm,42,46.0,48.70149230957031
physionet_b,erm,42,56.0,51.85597610473633
physionet_b,erm,42,48.0,50.115596771240234
physionet_b,erm,42,36.0,34.322547912597656
physionet_b,erm,42,28.0,28.396324157714844
physionet_b,erm,42,56.0,53.7613410949707
physionet_b,erm,42,44.0,50.090450286865234
physionet_b,erm,42,40.0,42.619930267333984
physionet_b,erm,42,48.0,53.80546569824219
physionet_b,erm,42,32.0,28.386058807373047
physionet_b,erm,42,43.0,42.463111877441406
physionet_b,erm,42,24.0,25.659725189208984
physionet_b,erm,42,56.0,49.70314407348633
physionet_b,erm,42,40.0,38.4192008972168
physionet_b,erm,42,58.0,49.981082916259766
physionet_b,erm,42,53.0,50.54829788208008
physionet_b,erm,42,51.0,48.967159271240234
physionet_b,erm,42,24.0,25.578704833984375
physionet_b,erm,42,37.0,36.21431350708008
physionet_b,erm,42,53.0,51.722137451171875
physionet_b,erm,42,52.0,50.63401794433594
physionet_b,erm,42,49.0,50.021881103515625
physionet_b,erm,42,26.0,26.035268783569336
physionet_b,erm,42,58.0,51.032203674316406
physionet_b,erm,42,42.0,42.669044494628906
physionet_b,erm,42,44.0,50.06778335571289
physionet_b,erm,42,51.0,54.52520751953125
physionet_b,erm,42,25.0,27.490087509155273
physionet_b,erm,42,47.0,47.6683464050293
physionet_b,erm,42,48.0,49.49045944213867
physionet_b,erm,42,25.0,25.708877563476562
physionet_b,erm,42,54.0,47.967620849609375
physionet_b,erm,42,24.0,25.518098831176758
physionet_b,erm,42,24.0,25.4842529296875
physionet_b,erm,42,47.0,51.86363983154297
physionet_b,erm,42,52.0,51.30960464477539
physionet_b,erm,42,40.0,39.00068664550781
physionet_b,erm,42,37.0,34.95893859863281
physionet_b,erm,42,57.0,49.35865020751953
physionet_b,erm,42,45.0,50.02172088623047
physionet_b,erm,42,50.0,49.01588439941406
physionet_b,erm,42,56.0,53.63492202758789
physionet_b,erm,42,36.0,33.708831787109375
physionet_b,erm,42,48.0,51.27241516113281
physionet_b,erm,42,57.0,59.513999938964844
physionet_b,erm,42,55.0,56.66738510131836
physionet_b,erm,42,76.0,53.00734329223633
physionet_b,erm,42,192.0,50.193115234375
physionet_b,erm,42,26.0,25.468338012695312
physionet_b,erm,42,51.0,49.152584075927734
physionet_b,erm,42,70.0,55.71318817138672
physionet_b,erm,42,51.0,64.06705474853516
physionet_b,erm,42,30.0,29.009666442871094
physionet_b,erm,42,162.0,48.02381134033203
physionet_b,erm,42,37.0,34.58486557006836
physionet_b,erm,42,39.0,37.49224853515625
physionet_b,erm,42,49.0,49.29922866821289
physionet_b,erm,42,55.0,50.91545104980469
physionet_b,erm,42,99.0,41.66615676879883
physionet_b,erm,42,48.0,44.955101013183594
physionet_b,erm,42,32.0,32.41291809082031
physionet_b,erm,42,25.0,24.646575927734375
physionet_b,erm,42,41.0,44.58212661743164
physionet_b,erm,42,43.0,49.51894760131836
physionet_b,erm,42,44.0,53.45527648925781
physionet_b,erm,42,42.0,43.05728530883789
physionet_b,erm,42,50.0,49.864192962646484
physionet_b,erm,42,37.0,35.646270751953125
physionet_b,erm,42,39.0,35.35275650024414
physionet_b,erm,42,56.0,53.494606018066406
physionet_b,erm,42,39.0,38.07183837890625
physionet_b,erm,42,46.0,42.935638427734375
physionet_b,erm,42,59.0,54.089115142822266
physionet_b,erm,42,41.0,45.182373046875
physionet_b,erm,42,58.0,56.21389389038086
physionet_b,erm,42,39.0,36.62637710571289
physionet_b,erm,42,50.0,50.062950134277344
physionet_b,erm,42,158.0,42.78455352783203
physionet_b,erm,42,50.0,56.88307189941406
physionet_b,erm,42,45.0,50.04257583618164
physionet_b,erm,42,28.0,28.12394142150879
physionet_b,erm,42,48.0,50.99756622314453
physionet_b,erm,42,38.0,36.39083480834961
physionet_b,erm,42,28.0,29.491634368896484
physionet_b,erm,42,42.0,50.63406753540039
physionet_b,erm,42,27.0,26.895954132080078
physionet_b,erm,42,38.0,34.47047805786133
physionet_b,erm,42,55.0,54.632408142089844
physionet_b,erm,42,30.0,29.612287521362305
physionet_b,erm,42,43.0,41.46213150024414
physionet_b,erm,42,26.0,25.42401885986328
physionet_b,erm,42,57.0,42.09772491455078
physionet_b,erm,42,48.0,57.029151916503906
physionet_b,erm,42,43.0,43.34152603149414
physionet_b,erm,42,25.0,25.232479095458984
physionet_b,erm,42,38.0,36.31502151489258
physionet_b,erm,42,38.0,36.797569274902344
physionet_b,erm,42,48.0,48.72093963623047
physionet_b,erm,42,47.0,43.179439544677734
physionet_b,erm,42,40.0,38.9133415222168
physionet_b,erm,42,40.0,39.235755920410156
physionet_b,erm,42,43.0,43.092857360839844
physionet_b,erm,42,24.0,32.649017333984375
physionet_b,erm,42,51.0,42.65969467163086
physionet_b,erm,42,75.0,48.839378356933594
physionet_b,erm,42,51.0,50.81629943847656
physionet_b,erm,42,38.0,35.135765075683594
physionet_b,erm,42,37.0,34.82562255859375
physionet_b,erm,42,59.0,52.058536529541016
physionet_b,erm,42,46.0,48.169193267822266
physionet_b,erm,42,36.0,34.899139404296875
physionet_b,erm,42,43.0,50.340084075927734
physionet_b,erm,42,35.0,32.75599670410156
physionet_b,erm,42,49.0,49.956756591796875
physionet_b,erm,42,37.0,36.996192932128906
physionet_b,erm,42,24.0,26.107614517211914
physionet_b,erm,42,43.0,41.93006896972656
physionet_b,erm,42,48.0,50.594688415527344
physionet_b,erm,42,25.0,25.021839141845703
physionet_b,erm,42,57.0,50.366111755371094
physionet_b,erm,42,51.0,49.13648223876953
physionet_b,erm,42,51.0,53.93081283569336
physionet_b,erm,42,48.0,49.18607711791992
physionet_b,erm,42,45.0,48.98523712158203
physionet_b,erm,42,41.0,45.70090866088867
physionet_b,erm,42,29.0,28.796049118041992
physionet_b,erm,42,43.0,42.317630767822266
physionet_b,erm,42,25.0,27.505393981933594
physionet_b,erm,42,50.0,49.22221374511719
physionet_b,erm,42,34.0,33.44615173339844
physionet_b,erm,42,57.0,46.440128326416016
physionet_b,erm,42,64.0,52.82370376586914
physionet_b,erm,42,40.0,46.387088775634766
physionet_b,erm,42,31.0,30.005186080932617
physionet_b,erm,42,188.0,50.583778381347656
physionet_b,erm,42,45.0,51.99662399291992
physionet_b,erm,42,32.0,31.202465057373047
physionet_b,erm,42,34.0,32.843536376953125
physionet_b,erm,42,39.0,36.61280822753906
physionet_b,erm,42,39.0,37.15591049194336
physionet_b,erm,42,44.0,49.10203170776367
physionet_b,erm,42,25.0,24.816818237304688
physionet_b,erm,42,45.0,50.655948638916016
physionet_b,erm,42,24.0,24.97103500366211
physionet_b,erm,42,24.0,25.528236389160156
physionet_b,erm,42,24.0,24.78089714050293
physionet_b,erm,42,59.0,42.23229217529297
physionet_b,erm,42,29.0,29.222991943359375
physionet_b,erm,42,36.0,37.314659118652344
physionet_b,erm,42,40.0,38.96211242675781
physionet_b,erm,42,37.0,33.85825729370117
physionet_b,erm,42,28.0,30.85382080078125
physionet_b,erm,42,52.0,47.935585021972656
physionet_b,erm,42,50.0,52.317543029785156
physionet_b,erm,42,40.0,38.25778579711914
physionet_b,erm,42,39.0,37.460975646972656
physionet_b,erm,42,44.0,54.11896514892578
physionet_b,erm,42,27.0,27.087730407714844
physionet_b,erm,42,36.0,33.960845947265625
physionet_b,erm,42,28.0,29.766250610351562
physionet_b,erm,42,40.0,38.32006072998047
physionet_b,erm,42,43.0,48.64683532714844
physionet_b,erm,42,25.0,22.997447967529297
physionet_b,erm,42,55.0,41.5821647644043
physionet_b,erm,42,41.0,44.27217483520508
physionet_b,erm,42,47.0,50.161231994628906
physionet_b,erm,42,40.0,38.8838996887207
physionet_b,erm,42,39.0,36.57802963256836
physionet_b,erm,42,36.0,32.866695404052734
physionet_b,erm,42,46.0,48.69990539550781
physionet_b,erm,42,140.0,51.53504180908203
physionet_b,erm,42,27.0,28.788270950317383
physionet_b,erm,42,51.0,46.74595260620117
physionet_b,erm,42,30.0,29.051551818847656
physionet_b,erm,42,26.0,27.06126594543457
physionet_b,erm,42,49.0,49.683528900146484
physionet_b,erm,42,42.0,43.14028549194336
physionet_b,erm,42,53.0,51.05488586425781
physionet_b,erm,42,58.0,42.337730407714844
physionet_b,erm,42,53.0,49.54551315307617
physionet_b,erm,42,39.0,36.47454071044922
physionet_b,erm,42,48.0,52.712738037109375
physionet_b,erm,42,43.0,47.52980041503906
physionet_b,erm,42,48.0,53.188533782958984
physionet_b,erm,42,46.0,42.10458755493164
physionet_b,erm,42,39.0,37.84565353393555
physionet_b,erm,42,36.0,42.33778381347656
physionet_b,erm,42,36.0,35.63954544067383
physionet_b,erm,42,34.0,37.00137710571289
physionet_b,erm,42,40.0,44.69450759887695
physionet_b,erm,42,41.0,40.78531265258789
physionet_b,erm,42,28.0,28.876096725463867
physionet_b,erm,42,45.0,57.66213607788086
physionet_b,erm,42,40.0,45.221466064453125
physionet_b,erm,42,45.0,49.89335250854492
physionet_b,erm,42,26.0,25.753114700317383
physionet_b,erm,42,55.0,52.0751838684082
physionet_b,erm,42,39.0,37.49695587158203
physionet_b,erm,42,30.0,29.888078689575195
physionet_b,erm,42,41.0,46.23186111450195
physionet_b,erm,42,48.0,57.422401428222656
physionet_b,erm,42,56.0,50.04493713378906
physionet_b,erm,42,46.0,49.76160430908203
physionet_b,erm,42,98.0,60.00595474243164
physionet_b,erm,42,36.0,32.0373649597168
physionet_b,erm,42,43.0,42.845008850097656
physionet_b,erm,42,47.0,50.13288116455078
physionet_b,erm,42,55.0,49.65134811401367
physionet_b,erm,42,42.0,49.31721878051758
physionet_b,erm,42,54.0,54.716697692871094
physionet_b,erm,42,42.0,45.44353485107422
physionet_b,erm,42,39.0,39.51333236694336
physionet_b,erm,42,35.0,34.39530944824219
physionet_b,erm,42,47.0,48.74896240234375
physionet_b,erm,42,27.0,28.71979331970215
physionet_b,erm,42,55.0,48.28639602661133
physionet_b,erm,42,45.0,51.34825897216797
physionet_b,erm,42,37.0,38.210453033447266
physionet_b,erm,42,48.0,49.47312927246094
physionet_b,erm,42,46.0,48.011234283447266
physionet_b,erm,42,59.0,49.895076751708984
physionet_b,erm,42,24.0,25.09360122680664
physionet_b,erm,42,42.0,49.61946487426758
physionet_b,erm,42,35.0,34.374473571777344
physionet_b,erm,42,36.0,34.599002838134766
physionet_b,erm,42,47.0,54.56125259399414
physionet_b,erm,42,121.0,57.660430908203125
physionet_b,erm,42,52.0,50.53252029418945
physionet_b,erm,42,39.0,35.3186149597168
physionet_b,erm,42,46.0,43.14791488647461
physionet_b,erm,42,49.0,50.23902893066406
physionet_b,erm,42,28.0,25.92957305908203
physionet_b,erm,42,25.0,26.354232788085938
physionet_b,erm,42,55.0,49.45409393310547
physionet_b,erm,42,47.0,50.876216888427734
physionet_b,erm,42,27.0,26.629127502441406
physionet_b,erm,42,43.0,42.1943359375
physionet_b,erm,42,34.0,33.418453216552734
physionet_b,erm,42,36.0,35.38618469238281
physionet_b,erm,42,58.0,49.823753356933594
physionet_b,erm,42,39.0,36.3784294128418
physionet_b,erm,42,36.0,33.66054916381836
physionet_b,erm,42,42.0,47.88984680175781
physionet_b,erm,42,57.0,42.0870475769043
physionet_b,erm,42,55.0,49.04771041870117
physionet_b,erm,42,42.0,43.683250427246094
physionet_b,erm,42,35.0,34.909393310546875
physionet_b,erm,42,34.0,36.42958068847656
physionet_b,erm,42,42.0,50.55146789550781
physionet_b,erm,42,45.0,52.50624084472656
physionet_b,erm,42,36.0,33.92618942260742
physionet_b,erm,42,26.0,28.31199836730957
physionet_b,erm,42,46.0,48.57074737548828
physionet_b,erm,42,24.0,26.997753143310547
physionet_b,erm,42,40.0,42.917572021484375
physionet_b,erm,42,54.0,49.28584671020508
physionet_b,erm,42,45.0,42.39521789550781
physionet_b,erm,42,41.0,40.86253356933594
physionet_b,erm,42,43.0,47.8002815246582
physionet_b,erm,42,37.0,36.51042175292969
physionet_b,erm,42,38.0,37.44947052001953
physionet_b,erm,42,88.0,49.25598907470703
physionet_b,erm,42,32.0,31.286640167236328
physionet_b,erm,42,45.0,47.921607971191406
physionet_b,erm,42,39.0,36.49603271484375
physionet_b,erm,42,57.0,54.78230667114258
physionet_b,erm,42,44.0,56.36061477661133
physionet_b,erm,42,40.0,37.810096740722656
physionet_b,erm,42,37.0,33.85578155517578
physionet_b,erm,42,58.0,42.421600341796875
physionet_b,erm,42,38.0,36.73060989379883
physionet_b,erm,42,49.0,48.93373107910156
physionet_b,erm,42,25.0,26.205108642578125
physionet_b,erm,42,318.0,53.56748962402344
physionet_b,erm,42,51.0,54.64665603637695
physionet_b,erm,42,48.0,49.79768371582031
physionet_b,erm,42,47.0,52.98182678222656
physionet_b,erm,42,53.0,48.22428512573242
physionet_b,erm,42,58.0,49.98855972290039
physionet_b,erm,42,24.0,24.623289108276367
physionet_b,erm,42,41.0,39.70047378540039
physionet_b,erm,42,25.0,25.73257064819336
physionet_b,erm,42,26.0,26.886205673217773
physionet_b,erm,42,44.0,48.92403030395508
physionet_b,erm,42,39.0,39.58770751953125
physionet_b,erm,42,62.0,50.45935821533203
physionet_b,erm,42,53.0,52.356483459472656
physionet_b,erm,42,54.0,49.526371002197266
physionet_b,erm,42,43.0,43.07985305786133
physionet_b,erm,42,45.0,50.72726821899414
physionet_b,erm,42,39.0,37.24445724487305
physionet_b,erm,42,45.0,50.060054779052734
physionet_b,erm,42,42.0,49.8217658996582
physionet_b,erm,42,44.0,50.54103469848633
physionet_b,erm,42,30.0,29.177722930908203
physionet_b,erm,42,53.0,50.088401794433594
physionet_b,erm,42,48.0,53.231468200683594
physionet_b,erm,42,41.0,39.73829650878906
physionet_b,erm,42,42.0,47.51894760131836
physionet_b,erm,42,36.0,34.51628494262695
physionet_b,erm,42,57.0,50.520259857177734
physionet_b,erm,42,40.0,39.04661560058594
physionet_b,erm,42,53.0,59.9242057800293
physionet_b,erm,42,34.0,34.23564529418945
physionet_b,erm,42,38.0,35.31893539428711
physionet_b,erm,42,43.0,42.415035247802734
physionet_b,erm,42,44.0,49.738651275634766
physionet_b,erm,42,54.0,49.32049560546875
physionet_b,erm,42,216.0,51.49293518066406
physionet_b,erm,42,41.0,40.44339370727539
physionet_b,erm,42,25.0,23.04795265197754
physionet_b,erm,42,25.0,24.309484481811523
physionet_b,erm,42,57.0,48.86034393310547
physionet_b,erm,42,33.0,32.10867691040039
physionet_b,erm,42,41.0,40.550453186035156
physionet_b,erm,42,36.0,34.02909469604492
physionet_b,erm,42,49.0,50.945091247558594
physionet_b,erm,42,39.0,35.78435134887695
physionet_b,erm,42,37.0,37.79108810424805
physionet_b,erm,42,41.0,40.987239837646484
physionet_b,erm,42,41.0,40.95371627807617
physionet_b,erm,42,36.0,36.61769485473633
physionet_b,erm,42,88.0,50.635162353515625
physionet_b,erm,42,44.0,49.288124084472656
physionet_b,erm,42,32.0,31.975181579589844
physionet_b,erm,42,26.0,26.0841007232666
physionet_b,erm,42,29.0,27.66998291015625
physionet_b,erm,42,36.0,34.53572463989258
physionet_b,erm,42,47.0,54.43494415283203
physionet_b,erm,42,47.0,48.334564208984375
physionet_b,erm,42,54.0,51.60106658935547
physionet_b,erm,42,39.0,36.171512603759766
physionet_b,erm,42,52.0,52.74878692626953
physionet_b,erm,42,37.0,31.611732482910156
physionet_b,erm,42,36.0,36.31214904785156
physionet_b,erm,42,38.0,35.075042724609375
physionet_b,erm,42,52.0,49.534271240234375
physionet_b,erm,42,38.0,35.9659538269043
physionet_b,erm,42,25.0,25.549116134643555
physionet_b,erm,42,54.0,49.40744400024414
physionet_b,erm,42,38.0,35.827903747558594
physionet_b,erm,42,33.0,28.734174728393555
physionet_b,erm,42,25.0,28.15043067932129
physionet_b,erm,42,34.0,34.504085540771484
physionet_b,erm,42,39.0,36.583961486816406
physionet_b,erm,42,43.0,48.87786865234375
physionet_b,erm,42,46.0,49.51290512084961
physionet_b,erm,42,51.0,51.24775695800781
physionet_b,erm,42,45.0,48.827232360839844
physionet_b,erm,42,65.0,50.29071807861328
physionet_b,erm,42,33.0,35.22072982788086
physionet_b,erm,42,37.0,35.11440658569336
physionet_b,erm,42,38.0,36.14558792114258
physionet_b,erm,42,51.0,49.24892044067383
physionet_b,erm,42,24.0,25.410276412963867
physionet_b,erm,42,336.0,47.493797302246094
physionet_b,erm,42,26.0,26.61916160583496
physionet_b,erm,42,26.0,40.816993713378906
physionet_b,erm,42,37.0,35.009864807128906
physionet_b,erm,42,38.0,36.012020111083984
physionet_b,erm,42,51.0,49.08452224731445
physionet_b,erm,42,31.0,26.520532608032227
physionet_b,erm,42,47.0,48.892425537109375
physionet_b,erm,42,46.0,56.74696731567383
physionet_b,erm,42,196.0,61.352359771728516
physionet_b,erm,42,55.0,54.640953063964844
physionet_b,erm,42,35.0,33.43775939941406
physionet_b,erm,42,46.0,51.11280059814453
physionet_b,erm,42,46.0,50.9852180480957
physionet_b,erm,42,84.0,50.48503112792969
physionet_b,erm,42,39.0,39.93647003173828
physionet_b,erm,42,51.0,47.75721740722656
physionet_b,erm,42,46.0,50.12410354614258
physionet_b,erm,42,57.0,49.351985931396484
physionet_b,erm,42,43.0,42.36767578125
physionet_b,erm,42,144.0,48.36260986328125
physionet_b,erm,42,40.0,45.495662689208984
physionet_b,erm,42,44.0,50.186012268066406
physionet_b,erm,42,40.0,37.34782409667969
physionet_b,erm,42,36.0,35.21760940551758
physionet_b,erm,42,34.0,33.40616226196289
physionet_b,erm,42,43.0,43.32813262939453
physionet_b,erm,42,43.0,41.8929328918457
physionet_b,erm,42,24.0,22.805686950683594
physionet_b,erm,42,30.0,29.109434127807617
physionet_b,erm,42,34.0,33.401126861572266
physionet_b,erm,42,51.0,51.44074630737305
physionet_b,erm,42,57.0,47.52484893798828
physionet_b,erm,42,49.0,44.61339569091797
physionet_b,erm,42,37.0,35.18708038330078
physionet_b,erm,42,50.0,40.683231353759766
physionet_b,erm,42,36.0,36.09645080566406
physionet_b,erm,42,50.0,55.54576873779297
physionet_b,erm,42,55.0,49.02730941772461
physionet_b,erm,42,51.0,54.648353576660156
physionet_b,erm,42,45.0,41.45319366455078
physionet_b,erm,42,52.0,48.212642669677734
physionet_b,erm,42,48.0,54.06605529785156
physionet_b,erm,42,24.0,24.382186889648438
physionet_b,erm,42,36.0,34.97624969482422
physionet_b,erm,42,115.0,49.253475189208984
physionet_b,erm,42,55.0,53.63328170776367
physionet_b,erm,42,28.0,28.789783477783203
physionet_b,erm,42,52.0,59.484920501708984
physionet_b,erm,42,54.0,55.737586975097656
physionet_b,erm,42,24.0,25.452320098876953
physionet_b,erm,42,42.0,41.90602493286133
physionet_b,erm,42,27.0,27.799766540527344
physionet_b,erm,42,50.0,52.420101165771484
physionet_b,erm,42,40.0,34.85881423950195
physionet_b,erm,42,38.0,36.326454162597656
physionet_b,erm,42,55.0,50.4875602722168
physionet_b,erm,42,25.0,26.154680252075195
physionet_b,erm,42,261.0,48.61664962768555
physionet_b,erm,42,49.0,42.561927795410156
physionet_b,erm,42,27.0,27.330577850341797
physionet_b,erm,42,26.0,25.49666976928711
physionet_b,erm,42,24.0,26.682655334472656
physionet_b,erm,42,44.0,50.363468170166016
physionet_b,erm,42,58.0,51.916358947753906
physionet_b,erm,42,36.0,33.325218200683594
physionet_b,erm,42,44.0,50.6528434753418
physionet_b,erm,42,40.0,32.580108642578125
physionet_b,erm,42,42.0,43.6823844909668
physionet_b,erm,42,40.0,39.01894760131836
physionet_b,erm,42,39.0,38.193199157714844
physionet_b,erm,42,33.0,33.22120666503906
physionet_b,erm,42,28.0,25.278789520263672
physionet_b,erm,42,45.0,54.11575698852539
physionet_b,erm,42,36.0,35.404598236083984
physionet_b,erm,42,57.0,50.2621955871582
physionet_b,erm,42,41.0,40.62272262573242
physionet_b,erm,42,24.0,27.383995056152344
physionet_b,erm,42,44.0,50.26723098754883
physionet_b,erm,42,47.0,48.75522232055664
physionet_b,erm,42,36.0,36.661495208740234
physionet_b,erm,42,51.0,51.08486557006836
physionet_b,erm,42,55.0,54.619808197021484
physionet_b,erm,42,45.0,47.959495544433594
physionet_b,erm,42,50.0,47.52464294433594
physionet_b,erm,42,50.0,49.11249542236328
physionet_b,erm,42,25.0,28.139013290405273
physionet_b,erm,42,41.0,40.662994384765625
physionet_b,erm,42,58.0,48.953758239746094
physionet_b,erm,42,44.0,42.454345703125
physionet_b,erm,42,33.0,32.91393280029297
physionet_b,erm,42,28.0,27.6127872467041
physionet_b,erm,42,31.0,30.488935470581055
physionet_b,erm,42,44.0,50.8067512512207
physionet_b,erm,42,58.0,49.108638763427734
physionet_b,erm,42,48.0,50.151123046875
physionet_b,erm,42,47.0,54.31285095214844
physionet_b,erm,42,52.0,50.62423324584961
physionet_b,erm,42,43.0,50.2099609375
physionet_b,erm,42,41.0,42.3795280456543
physionet_b,erm,42,43.0,54.65549087524414
physionet_b,erm,42,44.0,49.8154296875
physionet_b,erm,42,45.0,48.85966491699219
physionet_b,erm,42,28.0,29.22823715209961
physionet_b,erm,42,27.0,27.833969116210938
physionet_b,erm,42,35.0,34.84220504760742
physionet_b,erm,42,53.0,54.916072845458984
physionet_b,erm,42,43.0,48.99268341064453
physionet_b,erm,42,48.0,53.74262237548828
physionet_b,erm,42,29.0,29.265182495117188
physionet_b,erm,42,26.0,26.80760383605957
physionet_b,erm,42,38.0,35.97806167602539
physionet_b,erm,42,50.0,58.559200286865234
physionet_b,erm,42,36.0,35.80824661254883
physionet_b,erm,42,146.0,54.87068557739258
physionet_b,erm,42,37.0,36.816001892089844
physionet_b,erm,42,44.0,51.6286735534668
physionet_b,erm,42,28.0,28.422197341918945
physionet_b,erm,42,50.0,47.819889068603516
physionet_b,erm,42,30.0,29.580642700195312
physionet_b,erm,42,54.0,58.23634719848633
physionet_b,erm,42,49.0,50.363101959228516
physionet_b,erm,42,40.0,44.12570571899414
physionet_b,erm,42,56.0,44.44465255737305
physionet_b,erm,42,38.0,36.795291900634766
physionet_b,erm,42,24.0,24.780405044555664
physionet_b,erm,42,42.0,42.05109786987305
physionet_b,erm,42,24.0,28.113832473754883
physionet_b,erm,42,50.0,50.548763275146484
physionet_b,erm,42,58.0,55.91802978515625
physionet_b,erm,42,39.0,36.960147857666016
physionet_b,erm,42,43.0,42.724937438964844
physionet_b,erm,42,54.0,50.43442153930664
physionet_b,erm,42,47.0,50.172515869140625
physionet_b,erm,42,44.0,49.558834075927734
physionet_b,erm,42,41.0,46.21352005004883
physionet_b,erm,42,42.0,42.35508346557617
physionet_b,erm,42,51.0,49.93486785888672
physionet_b,erm,42,37.0,35.00090408325195
physionet_b,erm,42,41.0,40.847862243652344
physionet_b,erm,42,55.0,60.812076568603516
physionet_b,erm,42,58.0,49.36513137817383
physionet_b,erm,42,24.0,24.92540168762207
physionet_b,erm,42,53.0,56.87297058105469
physionet_b,erm,42,54.0,54.64363098144531
physionet_b,erm,42,24.0,24.917367935180664
physionet_b,erm,42,27.0,25.161500930786133
physionet_b,erm,42,47.0,49.61946487426758
physionet_b,erm,42,24.0,25.919931411743164
physionet_b,erm,42,24.0,25.170059204101562
physionet_b,erm,42,27.0,28.857219696044922
physionet_b,erm,42,49.0,41.69222640991211
physionet_b,erm,42,41.0,40.001220703125
physionet_b,erm,42,38.0,39.117027282714844
physionet_b,erm,42,30.0,30.337871551513672
physionet_b,erm,42,41.0,42.07923126220703
physionet_b,erm,42,39.0,39.05525588989258
physionet_b,erm,42,32.0,31.013935089111328
physionet_b,erm,42,41.0,40.64530563354492
physionet_b,erm,42,27.0,28.486656188964844
physionet_b,erm,42,50.0,50.93205261230469
physionet_b,erm,42,39.0,37.87242126464844
physionet_b,erm,42,39.0,36.94278335571289
physionet_b,erm,42,51.0,50.55018997192383
physionet_b,erm,42,45.0,48.35354995727539
physionet_b,erm,42,42.0,56.13069152832031
physionet_b,erm,42,53.0,49.44403839111328
physionet_b,erm,42,56.0,51.83357620239258
physionet_b,erm,42,39.0,37.73353958129883
physionet_b,erm,42,39.0,39.7953987121582
physionet_b,erm,42,35.0,34.406131744384766
physionet_b,erm,42,28.0,30.349178314208984
physionet_b,erm,42,41.0,46.288177490234375
physionet_b,erm,42,58.0,48.97380828857422
physionet_b,erm,42,39.0,40.90930938720703
physionet_b,erm,42,92.0,56.935482025146484
physionet_b,erm,42,29.0,28.76275062561035
physionet_b,erm,42,45.0,49.34474563598633
physionet_b,erm,42,32.0,30.6932373046875
physionet_b,erm,42,36.0,33.381046295166016
physionet_b,erm,42,36.0,34.80575180053711
physionet_b,erm,42,27.0,30.161638259887695
physionet_b,erm,42,52.0,54.306968688964844
physionet_b,erm,42,41.0,41.08351135253906
physionet_b,erm,42,29.0,29.868701934814453
physionet_b,erm,42,53.0,49.67367172241211
physionet_b,erm,42,50.0,46.47831726074219
physionet_b,erm,42,48.0,50.711570739746094
physionet_b,erm,42,54.0,51.340606689453125
physionet_b,erm,42,48.0,54.07080841064453
physionet_b,erm,42,39.0,36.82969284057617
physionet_b,erm,42,41.0,46.44114685058594
physionet_b,erm,42,38.0,43.02451705932617
physionet_b,erm,42,27.0,34.634700775146484
physionet_b,erm,42,44.0,51.51633071899414
physionet_b,erm,42,47.0,54.07766342163086
physionet_b,erm,42,40.0,42.66039276123047
physionet_b,erm,42,52.0,54.705169677734375
physionet_b,erm,42,43.0,49.03573226928711
physionet_b,erm,42,39.0,39.9277458190918
physionet_b,erm,42,36.0,31.562442779541016
physionet_b,erm,42,58.0,49.323265075683594
physionet_b,erm,42,54.0,49.21091079711914
physionet_b,erm,42,54.0,48.88983154296875
physionet_b,erm,42,32.0,32.513221740722656
physionet_b,erm,42,50.0,48.811614990234375
physionet_b,erm,42,56.0,50.15986633300781
physionet_b,erm,42,336.0,52.667259216308594
physionet_b,erm,42,24.0,21.378084182739258
physionet_b,erm,42,54.0,50.07476043701172
physionet_b,erm,42,36.0,34.81026840209961
physionet_b,erm,42,50.0,53.380184173583984
physionet_b,erm,42,27.0,27.43461799621582
physionet_b,erm,42,44.0,50.027950286865234
physionet_b,erm,42,39.0,37.908016204833984
physionet_b,erm,42,43.0,43.177490234375
physionet_b,erm,42,47.0,49.592041015625
physionet_b,erm,42,24.0,25.57903480529785
physionet_b,erm,42,43.0,42.00406265258789
physionet_b,erm,42,37.0,38.35697555541992
physionet_b,erm,42,45.0,62.919273376464844
physionet_b,erm,42,42.0,50.011260986328125
physionet_b,erm,42,36.0,34.760066986083984
physionet_b,erm,42,47.0,49.913108825683594
physionet_b,erm,42,45.0,49.4710807800293
physionet_b,erm,42,26.0,25.965635299682617
physionet_b,erm,42,24.0,26.935155868530273
physionet_b,erm,42,36.0,33.882747650146484
physionet_b,erm,42,28.0,25.254077911376953
physionet_b,erm,42,24.0,24.27971839904785
physionet_b,erm,42,38.0,35.590999603271484
physionet_b,erm,42,35.0,34.46657180786133
physionet_b,erm,42,51.0,57.53929901123047
physionet_b,erm,42,31.0,32.38789749145508
physionet_b,erm,42,37.0,34.99461364746094
physionet_b,erm,42,35.0,33.68003845214844
physionet_b,erm,42,48.0,56.435306549072266
physionet_b,erm,42,42.0,48.10676193237305
physionet_b,erm,42,45.0,47.27378845214844
physionet_b,erm,42,38.0,35.983951568603516
physionet_b,erm,42,55.0,45.45279312133789
physionet_b,erm,42,36.0,35.17790222167969
physionet_b,erm,42,35.0,32.46601486206055
physionet_b,erm,42,42.0,41.559085845947266
physionet_b,erm,42,56.0,64.04357147216797
physionet_b,erm,42,30.0,29.26592445373535
physionet_b,erm,42,38.0,35.30268859863281
physionet_b,erm,42,82.0,49.61198425292969
physionet_b,erm,42,53.0,53.152565002441406
physionet_b,erm,42,39.0,43.02938461303711
physionet_b,erm,42,40.0,38.94852828979492
physionet_b,erm,42,25.0,26.448280334472656
physionet_b,erm,42,35.0,35.99403381347656
physionet_b,erm,42,41.0,41.36630630493164
physionet_b,erm,42,46.0,49.026641845703125
physionet_b,erm,42,30.0,29.851957321166992
physionet_b,erm,42,46.0,48.046104431152344
physionet_b,erm,42,48.0,50.170345306396484
physionet_b,erm,42,41.0,63.108734130859375
physionet_b,erm,42,33.0,32.50495910644531
physionet_b,erm,42,38.0,34.523807525634766
physionet_b,erm,42,25.0,25.842132568359375
physionet_b,erm,42,32.0,32.84425735473633
physionet_b,erm,42,37.0,35.65936279296875
physionet_b,erm,42,56.0,48.083595275878906
physionet_b,erm,42,34.0,30.23847198486328
physionet_b,erm,42,28.0,27.089759826660156
physionet_b,erm,42,47.0,49.74506378173828
physionet_b,erm,42,41.0,45.417266845703125
physionet_b,erm,42,47.0,50.08570861816406
physionet_b,erm,42,59.0,47.836212158203125
physionet_b,erm,42,49.0,50.78135299682617
physionet_b,erm,42,44.0,47.7837028503418
physionet_b,erm,42,57.0,49.482730865478516
physionet_b,erm,42,58.0,50.91399002075195
physionet_b,erm,42,142.0,53.43687057495117
physionet_b,erm,42,51.0,54.96459197998047
physionet_b,erm,42,39.0,41.24046325683594
physionet_b,erm,42,53.0,50.44211196899414
physionet_b,erm,42,54.0,55.267818450927734
physionet_b,erm,42,47.0,49.416770935058594
physionet_b,erm,42,36.0,34.44916534423828
physionet_b,erm,42,39.0,39.30417251586914
physionet_b,erm,42,39.0,36.462711334228516
physionet_b,erm,42,42.0,42.26093673706055
physionet_b,erm,42,48.0,50.51713943481445
physionet_b,erm,42,36.0,34.80572509765625
physionet_b,erm,42,48.0,49.090457916259766
physionet_b,erm,42,36.0,33.475826263427734
physionet_b,erm,42,41.0,41.37312698364258
physionet_b,erm,42,45.0,49.26628494262695
physionet_b,erm,42,58.0,49.42532730102539
physionet_b,erm,42,32.0,30.889694213867188
physionet_b,erm,42,43.0,43.188941955566406
physionet_b,erm,42,48.0,49.503028869628906
physionet_b,erm,42,27.0,26.695533752441406
physionet_b,erm,42,40.0,43.84892654418945
physionet_b,erm,42,57.0,56.172332763671875
physionet_b,erm,42,25.0,24.94129180908203
physionet_b,erm,42,47.0,42.21564865112305
physionet_b,erm,42,47.0,53.46892547607422
physionet_b,erm,42,27.0,27.078269958496094
physionet_b,erm,42,41.0,40.735469818115234
physionet_b,erm,42,44.0,61.69557571411133
physionet_b,erm,42,56.0,48.51282501220703
physionet_b,erm,42,140.0,49.814640045166016
physionet_b,erm,42,45.0,46.84880065917969
physionet_b,erm,42,40.0,38.309898376464844
physionet_b,erm,42,64.0,54.52827835083008
physionet_b,erm,42,58.0,50.218605041503906
physionet_b,erm,42,48.0,53.39750671386719
physionet_b,erm,42,37.0,35.26048278808594
physionet_b,erm,42,46.0,50.837196350097656
physionet_b,erm,42,48.0,48.47877883911133
physionet_b,erm,42,37.0,34.94523239135742
physionet_b,erm,42,43.0,43.5890998840332
physionet_b,erm,42,25.0,26.422639846801758
physionet_b,erm,42,110.0,42.52580642700195
physionet_b,erm,42,189.0,50.24503707885742
physionet_b,erm,42,37.0,35.3997917175293
physionet_b,erm,42,63.0,55.03375244140625
physionet_b,erm,42,43.0,42.1314811706543
physionet_b,erm,42,26.0,25.608226776123047
physionet_b,erm,42,53.0,50.02632141113281
physionet_b,erm,42,49.0,49.34989547729492
physionet_b,erm,42,48.0,48.93101501464844
physionet_b,erm,42,34.0,36.40660095214844
physionet_b,erm,42,54.0,35.541202545166016
physionet_b,erm,42,40.0,43.41697692871094
physionet_b,erm,42,39.0,39.94462966918945
physionet_b,erm,42,43.0,51.69768142700195
physionet_b,erm,42,26.0,26.443490982055664
physionet_b,erm,42,50.0,51.716758728027344
physionet_b,erm,42,49.0,50.32233810424805
physionet_b,erm,42,31.0,29.871057510375977
physionet_b,erm,42,45.0,49.79938888549805
physionet_b,erm,42,37.0,35.42146682739258
physionet_b,erm,42,65.0,49.25262451171875
physionet_b,erm,42,52.0,55.79946517944336
physionet_b,erm,42,47.0,51.743736267089844
physionet_b,erm,42,29.0,28.819486618041992
physionet_b,erm,42,43.0,42.29685592651367
physionet_b,erm,42,41.0,40.49109649658203
physionet_b,erm,42,42.0,42.062225341796875
physionet_b,erm,42,37.0,34.858497619628906
physionet_b,erm,42,42.0,42.27708053588867
physionet_b,erm,42,46.0,50.3226318359375
physionet_b,erm,42,59.0,52.289154052734375
physionet_b,erm,42,46.0,51.99323654174805
physionet_b,erm,42,39.0,37.620487213134766
physionet_b,erm,42,56.0,50.99912643432617
physionet_b,erm,42,48.0,49.37242126464844
physionet_b,erm,42,44.0,49.231719970703125
physionet_b,erm,42,36.0,37.83888626098633
physionet_b,erm,42,55.0,57.39482879638672
physionet_b,erm,42,55.0,50.44743347167969
physionet_b,erm,42,26.0,26.12177276611328
physionet_b,erm,42,52.0,50.677528381347656
physionet_b,erm,42,51.0,50.02042007446289
physionet_b,erm,42,45.0,48.73385238647461
physionet_b,erm,42,36.0,35.9821891784668
physionet_b,erm,42,45.0,52.024505615234375
physionet_b,erm,42,48.0,49.451087951660156
physionet_b,erm,42,24.0,26.14736557006836
physionet_b,erm,42,43.0,48.59368133544922
physionet_b,erm,42,40.0,39.041908264160156
physionet_b,erm,42,24.0,25.789024353027344
physionet_b,erm,42,47.0,54.82541275024414
physionet_b,erm,42,25.0,24.992145538330078
physionet_b,erm,42,53.0,49.932804107666016
physionet_b,erm,42,24.0,27.536008834838867
physionet_b,erm,42,40.0,38.19286346435547
physionet_b,erm,42,54.0,50.36429977416992
physionet_b,erm,42,37.0,32.976741790771484
physionet_b,erm,42,39.0,37.00534439086914
physionet_b,erm,42,66.0,51.675750732421875
physionet_b,erm,42,96.0,48.90336990356445
physionet_b,erm,42,43.0,48.8044548034668
physionet_b,erm,42,35.0,32.21492385864258
physionet_b,erm,42,46.0,50.25740432739258
physionet_b,erm,42,42.0,41.92713165283203
physionet_b,erm,42,57.0,50.58631134033203
physionet_b,erm,42,47.0,47.861751556396484
physionet_b,erm,42,44.0,49.44483184814453
physionet_b,erm,42,48.0,50.33326721191406
physionet_b,erm,42,62.0,50.47102737426758
physionet_b,erm,42,49.0,43.510658264160156
physionet_b,erm,42,36.0,34.22409439086914
physionet_b,erm,42,50.0,50.636024475097656
physionet_b,erm,42,46.0,51.16603088378906
physionet_b,erm,42,49.0,47.285186767578125
physionet_b,erm,42,47.0,49.17216110229492
physionet_b,erm,42,34.0,33.4676399230957
physionet_b,erm,42,40.0,38.8609504699707
physionet_b,erm,42,29.0,30.201030731201172
physionet_b,erm,42,58.0,49.88296890258789
physionet_b,erm,42,33.0,35.274532318115234
physionet_b,erm,42,55.0,49.04014587402344
physionet_b,erm,42,54.0,54.64458465576172
physionet_b,erm,42,174.0,50.16974639892578
physionet_b,erm,42,43.0,52.79727554321289
physionet_b,erm,42,29.0,32.43547058105469
physionet_b,erm,42,43.0,50.693180084228516
physionet_b,erm,42,41.0,36.54706954956055
physionet_b,erm,42,43.0,42.546974182128906
physionet_b,erm,42,52.0,50.131221771240234
physionet_b,erm,42,37.0,33.8866081237793
physionet_b,erm,42,45.0,47.236305236816406
physionet_b,erm,42,55.0,54.863277435302734
physionet_b,erm,42,34.0,31.755107879638672
physionet_b,erm,42,53.0,50.02854537963867
physionet_b,erm,42,42.0,42.050758361816406
physionet_b,erm,42,37.0,33.35026931762695
physionet_b,erm,42,42.0,43.460872650146484
physionet_b,erm,42,49.0,51.07890701293945
physionet_b,erm,42,47.0,49.29996109008789
physionet_b,erm,42,46.0,63.24702453613281
physionet_b,erm,42,45.0,50.4675407409668
physionet_b,erm,42,40.0,39.27817916870117
physionet_b,erm,42,54.0,50.31935119628906
physionet_b,erm,42,50.0,51.39046096801758
physionet_b,erm,42,57.0,50.0505485534668
physionet_b,erm,42,59.0,50.04306411743164
physionet_b,erm,42,56.0,50.83179473876953
physionet_b,erm,42,26.0,25.98590850830078
physionet_b,erm,42,39.0,37.64058303833008
physionet_b,erm,42,59.0,52.958099365234375
physionet_b,erm,42,26.0,26.844444274902344
physionet_b,erm,42,36.0,34.223358154296875
physionet_b,erm,42,43.0,43.11222457885742
physionet_b,erm,42,41.0,47.15734100341797
physionet_b,erm,42,39.0,39.835636138916016
physionet_b,erm,42,37.0,34.685237884521484
physionet_b,erm,42,59.0,54.6734619140625
physionet_b,erm,42,47.0,47.678916931152344
physionet_b,erm,42,59.0,57.093162536621094
physionet_b,erm,42,53.0,49.21360397338867
physionet_b,erm,42,51.0,51.47292709350586
physionet_b,erm,42,49.0,50.76337814331055
physionet_b,erm,42,40.0,38.93387222290039
physionet_b,erm,42,43.0,50.13514709472656
physionet_b,erm,42,27.0,27.3499698638916
physionet_b,erm,42,37.0,35.02438735961914
physionet_b,erm,42,53.0,52.607574462890625
physionet_b,erm,42,41.0,40.804664611816406
physionet_b,erm,42,41.0,41.10486602783203
physionet_b,erm,42,37.0,35.93801498413086
physionet_b,erm,42,24.0,24.906248092651367
physionet_b,erm,42,42.0,42.54368209838867
physionet_b,erm,42,54.0,50.7767333984375
physionet_b,erm,42,32.0,31.72018051147461
physionet_b,erm,42,27.0,29.298782348632812
physionet_b,erm,42,38.0,36.215824127197266
physionet_b,erm,42,29.0,27.603517532348633
physionet_b,erm,42,25.0,26.652786254882812
physionet_b,erm,42,55.0,50.54526138305664
physionet_b,erm,42,59.0,49.64269256591797
physionet_b,erm,42,54.0,50.015323638916016
physionet_b,erm,42,39.0,37.80064010620117
physionet_b,erm,42,37.0,36.883575439453125
physionet_b,erm,42,32.0,31.30644989013672
physionet_b,erm,42,37.0,35.84676742553711
physionet_b,erm,42,39.0,36.70962905883789
physionet_b,erm,42,44.0,42.38328170776367
physionet_b,erm,42,45.0,51.21498107910156
physionet_b,erm,42,28.0,28.942522048950195
physionet_b,erm,42,25.0,29.03108787536621
physionet_b,erm,42,42.0,48.193580627441406
physionet_b,erm,42,43.0,42.64146041870117
physionet_b,erm,42,80.0,63.07939910888672
physionet_b,erm,42,38.0,36.161319732666016
physionet_b,erm,42,53.0,52.17788314819336
physionet_b,erm,42,48.0,55.49143981933594
physionet_b,erm,42,53.0,51.07660675048828
physionet_b,erm,42,30.0,30.68576431274414
physionet_b,erm,42,38.0,36.176021575927734
physionet_b,erm,42,43.0,40.99187469482422
physionet_b,erm,42,43.0,40.772361755371094
physionet_b,erm,42,38.0,37.378692626953125
physionet_b,erm,42,25.0,25.134096145629883
physionet_b,erm,42,46.0,49.008907318115234
physionet_b,erm,42,42.0,49.06346130371094
physionet_b,erm,42,39.0,36.59158706665039
physionet_b,erm,42,51.0,53.077293395996094
physionet_b,erm,42,58.0,55.063499450683594
physionet_b,erm,42,43.0,43.03158950805664
physionet_b,erm,42,42.0,46.1147575378418
physionet_b,erm,42,47.0,54.397396087646484
physionet_b,erm,42,41.0,35.537418365478516
physionet_b,erm,42,77.0,50.187110900878906
physionet_b,erm,42,36.0,35.8850212097168
physionet_b,erm,42,91.0,55.32969665527344
physionet_b,erm,42,38.0,36.965206146240234
physionet_b,erm,42,42.0,42.635948181152344
physionet_b,erm,42,25.0,25.41385269165039
physionet_b,erm,42,42.0,40.77766036987305
physionet_b,erm,42,37.0,41.6552848815918
physionet_b,erm,42,46.0,55.99839401245117
physionet_b,erm,42,26.0,28.47730827331543
physionet_b,erm,42,38.0,35.034427642822266
physionet_b,erm,42,119.0,48.63072967529297
physionet_b,erm,42,43.0,49.409088134765625
physionet_b,erm,42,55.0,49.05193328857422
physionet_b,erm,42,35.0,33.85451889038086
physionet_b,erm,42,38.0,35.86128234863281
physionet_b,erm,42,38.0,36.17222213745117
physionet_b,erm,42,33.0,33.36050033569336
physionet_b,erm,42,48.0,47.53500747680664
physionet_b,erm,42,48.0,46.78057098388672
physionet_b,erm,42,49.0,49.60782241821289
physionet_b,erm,42,50.0,50.449371337890625
physionet_b,erm,42,42.0,49.69182205200195
physionet_b,erm,42,55.0,49.875423431396484
physionet_b,erm,42,38.0,38.543235778808594
physionet_b,erm,42,36.0,33.713218688964844
physionet_b,erm,42,40.0,38.11012268066406
physionet_b,erm,42,38.0,36.60723114013672
physionet_b,erm,42,47.0,49.45890808105469
physionet_b,erm,42,42.0,46.72799301147461
physionet_b,erm,42,59.0,54.32223892211914
physionet_b,erm,42,77.0,54.96312713623047
physionet_b,erm,42,28.0,27.84061050415039
physionet_b,erm,42,47.0,42.250911712646484
physionet_b,erm,42,36.0,35.060218811035156
physionet_b,erm,42,57.0,54.18110656738281
physionet_b,erm,42,26.0,26.227521896362305
physionet_b,erm,42,208.0,50.87956619262695
physionet_b,erm,42,48.0,49.17143249511719
physionet_b,erm,42,44.0,52.99869155883789
physionet_b,erm,42,38.0,35.84999084472656
physionet_b,erm,42,39.0,36.73176193237305
physionet_b,erm,42,55.0,50.00896072387695
physionet_b,erm,42,56.0,54.04256057739258
physionet_b,erm,42,53.0,49.49138641357422
physionet_b,erm,42,39.0,39.107032775878906
physionet_b,erm,42,24.0,26.055837631225586
physionet_b,erm,42,48.0,57.98611068725586
physionet_b,erm,42,45.0,49.57082748413086
physionet_b,erm,42,48.0,49.58089828491211
physionet_b,erm,42,29.0,29.073240280151367
physionet_b,erm,42,26.0,26.95648956298828
physionet_b,erm,42,57.0,55.0760383605957
physionet_b,erm,42,59.0,49.18647003173828
physionet_b,erm,42,51.0,42.96479034423828
physionet_b,erm,42,31.0,30.092849731445312
physionet_b,erm,42,44.0,49.367618560791016
physionet_b,erm,42,43.0,48.31863784790039
physionet_b,erm,42,156.0,52.7269172668457
physionet_b,erm,42,127.0,53.21057891845703
physionet_b,erm,42,47.0,47.425743103027344
physionet_b,erm,42,55.0,50.74726486206055
physionet_b,erm,42,24.0,25.44927406311035
physionet_b,erm,42,49.0,55.93165588378906
physionet_b,erm,42,41.0,48.07019805908203
physionet_b,erm,42,54.0,48.56303024291992
physionet_b,erm,42,45.0,50.03470230102539
physionet_b,erm,42,25.0,26.4177303314209
physionet_b,erm,42,46.0,49.8631477355957
physionet_b,erm,42,58.0,56.88412094116211
physionet_b,erm,42,47.0,49.7076301574707
physionet_b,erm,42,46.0,55.768898010253906
physionet_b,erm,42,25.0,25.431196212768555
physionet_b,erm,42,24.0,28.457748413085938
physionet_b,erm,42,56.0,51.76012420654297
physionet_b,erm,42,43.0,41.3056526184082
physionet_b,erm,42,58.0,50.176761627197266
physionet_b,erm,42,41.0,38.813148498535156
physionet_b,erm,42,98.0,53.904571533203125
physionet_b,erm,42,52.0,49.82755661010742
physionet_b,erm,42,27.0,27.670392990112305
physionet_b,erm,42,28.0,25.748899459838867
physionet_b,erm,42,46.0,49.78772735595703
physionet_b,erm,42,36.0,34.73274230957031
physionet_b,erm,42,42.0,48.449378967285156
physionet_b,erm,42,28.0,29.282352447509766
physionet_b,erm,42,41.0,50.34337615966797
physionet_b,erm,42,57.0,49.70648193359375
physionet_b,erm,42,46.0,50.187744140625
physionet_b,erm,42,30.0,29.908300399780273
physionet_b,erm,42,25.0,23.667816162109375
physionet_b,erm,42,53.0,50.02201461791992
physionet_b,erm,42,55.0,43.91016387939453
physionet_b,erm,42,27.0,26.569957733154297
physionet_b,erm,42,55.0,54.65435028076172
physionet_b,erm,42,39.0,36.766510009765625
physionet_b,erm,42,52.0,52.10181427001953
physionet_b,erm,42,52.0,50.849456787109375
physionet_b,erm,42,26.0,26.020305633544922
physionet_b,erm,42,42.0,42.40725326538086
physionet_b,erm,42,45.0,50.774871826171875
physionet_b,erm,42,58.0,52.03449249267578
physionet_b,erm,42,44.0,48.45411682128906
physionet_b,erm,42,43.0,50.03068923950195
physionet_b,erm,42,129.0,50.36962890625
physionet_b,erm,42,31.0,31.888580322265625
physionet_b,erm,42,48.0,50.83336639404297
physionet_b,erm,42,43.0,49.62394332885742
physionet_b,erm,42,55.0,51.86714172363281
physionet_b,erm,42,48.0,49.14545822143555
physionet_b,erm,42,39.0,40.24398422241211
physionet_b,erm,42,45.0,42.10069274902344
physionet_b,erm,42,36.0,31.84536361694336
physionet_b,erm,42,49.0,55.76740646362305
physionet_b,erm,42,45.0,49.382667541503906
physionet_b,erm,42,55.0,49.100955963134766
physionet_b,erm,42,26.0,26.730863571166992
physionet_b,erm,42,24.0,25.014141082763672
physionet_b,erm,42,42.0,41.99298095703125
physionet_b,erm,42,42.0,41.92425537109375
physionet_b,erm,42,57.0,50.81244659423828
physionet_b,erm,42,41.0,40.735740661621094
physionet_b,erm,42,43.0,49.059486389160156
physionet_b,erm,42,41.0,40.664981842041016
physionet_b,erm,42,48.0,53.39657211303711
physionet_b,erm,42,28.0,29.400592803955078
physionet_b,erm,42,44.0,49.53151321411133
physionet_b,erm,42,39.0,38.86750793457031
physionet_b,erm,42,39.0,36.6849479675293
physionet_b,erm,42,53.0,49.34186553955078
physionet_b,erm,42,54.0,50.095027923583984
physionet_b,erm,42,46.0,42.83721160888672
physionet_b,erm,42,41.0,40.07270050048828
physionet_b,erm,42,36.0,36.114933013916016
physionet_b,erm,42,43.0,47.54730987548828
physionet_b,erm,42,40.0,43.958984375
physionet_b,erm,42,47.0,48.110694885253906
physionet_b,erm,42,40.0,43.567588806152344
physionet_b,erm,42,29.0,29.407623291015625
physionet_b,erm,42,41.0,40.51889419555664
physionet_b,erm,42,37.0,36.42270278930664
physionet_b,erm,42,28.0,27.752716064453125
physionet_b,erm,42,33.0,33.48184585571289
physionet_b,erm,42,58.0,43.00602340698242
physionet_b,erm,42,44.0,40.23930740356445
physionet_b,erm,42,40.0,43.54397201538086
physionet_b,erm,42,24.0,24.32703971862793
physionet_b,erm,42,45.0,49.59345245361328
physionet_b,erm,42,46.0,43.197505950927734
physionet_b,erm,42,36.0,34.52855682373047
physionet_b,erm,42,53.0,54.51049041748047
physionet_b,erm,42,56.0,49.82762908935547
physionet_b,erm,42,32.0,31.725597381591797
physionet_b,erm,42,37.0,36.323360443115234
physionet_b,erm,42,183.0,48.43272018432617
physionet_b,erm,42,48.0,42.47545623779297
physionet_b,erm,42,43.0,42.44243240356445
physionet_b,erm,42,33.0,28.30370330810547
physionet_b,erm,42,51.0,48.85401916503906
physionet_b,erm,42,40.0,38.83546829223633
physionet_b,erm,42,36.0,34.50373840332031
physionet_b,erm,42,37.0,35.38107681274414
physionet_b,erm,42,39.0,39.77968215942383
physionet_b,erm,42,36.0,34.779544830322266
physionet_b,erm,42,36.0,34.71688461303711
physionet_b,erm,42,37.0,35.388404846191406
physionet_b,erm,42,24.0,27.649852752685547
physionet_b,erm,42,50.0,48.65036392211914
physionet_b,erm,42,43.0,49.871856689453125
physionet_b,erm,42,43.0,42.23413848876953
physionet_b,erm,42,52.0,54.6307373046875
physionet_b,erm,42,51.0,50.67133331298828
physionet_b,erm,42,39.0,39.67674255371094
physionet_b,erm,42,43.0,49.39223098754883
physionet_b,erm,42,39.0,38.891239166259766
physionet_b,erm,42,34.0,34.555301666259766
physionet_b,erm,42,57.0,51.889495849609375
physionet_b,erm,42,24.0,24.782747268676758
physionet_b,erm,42,39.0,36.86168670654297
physionet_b,erm,42,47.0,51.1254997253418
physionet_b,erm,42,25.0,25.8511962890625
physionet_b,erm,42,48.0,51.72432327270508
physionet_b,erm,42,51.0,49.61684799194336
physionet_b,erm,42,50.0,51.82883834838867
physionet_b,erm,42,47.0,51.87450408935547
physionet_b,erm,42,27.0,28.344148635864258
physionet_b,erm,42,40.0,38.8123779296875
physionet_b,erm,42,47.0,50.49146270751953
physionet_b,erm,42,47.0,50.24945068359375
physionet_b,erm,42,41.0,41.102195739746094
physionet_b,erm,42,47.0,49.94837188720703
physionet_b,erm,42,37.0,33.93135070800781
physionet_b,erm,42,29.0,28.892107009887695
physionet_b,erm,42,35.0,31.587627410888672
physionet_b,erm,42,50.0,49.90475845336914
physionet_b,erm,42,39.0,36.89327621459961
physionet_b,erm,42,31.0,32.45539093017578
physionet_b,erm,42,40.0,39.05299377441406
physionet_b,erm,42,48.0,53.491825103759766
physionet_b,erm,42,52.0,48.78973388671875
physionet_b,erm,42,37.0,35.2398796081543
physionet_b,erm,42,92.0,50.73628616333008
physionet_b,erm,42,40.0,37.998390197753906
physionet_b,erm,42,43.0,43.11885070800781
physionet_b,erm,42,40.0,36.221893310546875
physionet_b,erm,42,49.0,49.52850341796875
physionet_b,erm,42,55.0,51.86106872558594
physionet_b,erm,42,58.0,50.314517974853516
physionet_b,erm,42,45.0,26.877212524414062
physionet_b,erm,42,27.0,26.63437843322754
physionet_b,erm,42,36.0,36.149654388427734
physionet_b,erm,42,54.0,56.18056869506836
physionet_b,erm,42,24.0,25.850902557373047
physionet_b,erm,42,48.0,46.5147705078125
physionet_b,erm,42,39.0,37.455631256103516
physionet_b,erm,42,53.0,51.233184814453125
physionet_b,erm,42,45.0,46.85468673706055
physionet_b,erm,42,32.0,35.80522155761719
physionet_b,erm,42,45.0,60.990211486816406
physionet_b,erm,42,56.0,49.22265625
physionet_b,erm,42,51.0,53.46059036254883
physionet_b,erm,42,55.0,53.37079620361328
physionet_b,erm,42,42.0,43.22865676879883
physionet_b,erm,42,51.0,50.5687141418457
physionet_b,erm,42,45.0,51.6268310546875
physionet_b,erm,42,31.0,29.465662002563477
physionet_b,erm,42,50.0,49.534053802490234
physionet_b,erm,42,30.0,30.375991821289062
physionet_b,erm,42,38.0,35.091209411621094
physionet_b,erm,42,43.0,49.16822814941406
physionet_b,erm,42,40.0,39.24423599243164
physionet_b,erm,42,45.0,49.923187255859375
physionet_b,erm,42,55.0,48.722068786621094
physionet_b,erm,42,38.0,38.905338287353516
physionet_b,erm,42,39.0,39.78642272949219
physionet_b,erm,42,61.0,51.14607238769531
physionet_b,erm,42,32.0,28.096492767333984
physionet_b,erm,42,24.0,28.296781539916992
physionet_b,erm,42,38.0,37.45397186279297
physionet_b,erm,42,24.0,25.16006088256836
physionet_b,erm,42,44.0,41.27445602416992
physionet_b,erm,42,59.0,60.7049446105957
physionet_b,erm,42,31.0,32.171966552734375
physionet_b,erm,42,40.0,38.4958610534668
physionet_b,erm,42,48.0,48.51609420776367
physionet_b,erm,42,49.0,50.00564193725586
physionet_b,erm,42,44.0,51.39585494995117
physionet_b,erm,42,42.0,50.257904052734375
physionet_b,erm,42,57.0,50.397865295410156
physionet_b,erm,42,49.0,49.367942810058594
physionet_b,erm,42,33.0,31.566253662109375
physionet_b,erm,42,25.0,25.59125518798828
physionet_b,erm,42,40.0,45.700862884521484
physionet_b,erm,42,48.0,53.9884147644043
physionet_b,erm,42,49.0,55.76930236816406
physionet_b,erm,42,40.0,39.12947082519531
physionet_b,erm,42,33.0,32.31342315673828
physionet_b,erm,42,43.0,41.85582733154297
physionet_b,erm,42,51.0,51.11452865600586
physionet_b,erm,42,25.0,29.886871337890625
physionet_b,erm,42,30.0,29.429845809936523
physionet_b,erm,42,39.0,38.41645431518555
physionet_b,erm,42,39.0,37.4039192199707
physionet_b,erm,42,45.0,50.51176071166992
physionet_b,erm,42,37.0,35.31639099121094
physionet_b,erm,42,33.0,29.327922821044922
physionet_b,erm,42,55.0,55.90443420410156
physionet_b,erm,42,47.0,54.511070251464844
physionet_b,erm,42,30.0,29.29054832458496
physionet_b,erm,42,39.0,36.17409896850586
physionet_b,erm,42,50.0,50.69456100463867
physionet_b,erm,42,48.0,49.911678314208984
physionet_b,erm,42,26.0,27.492233276367188
physionet_b,erm,42,35.0,32.87920379638672
physionet_b,erm,42,37.0,37.89923095703125
physionet_b,erm,42,46.0,47.66127014160156
physionet_b,erm,42,49.0,50.71396255493164
physionet_b,erm,42,36.0,37.2056884765625
physionet_b,erm,42,44.0,49.41234588623047
physionet_b,erm,42,42.0,42.23522186279297
physionet_b,erm,42,76.0,49.74241256713867
physionet_b,erm,42,55.0,51.00465774536133
physionet_b,erm,42,24.0,25.850109100341797
physionet_b,erm,42,38.0,36.424530029296875
physionet_b,erm,42,37.0,36.773101806640625
physionet_b,erm,42,49.0,49.81364822387695
physionet_b,erm,42,29.0,36.916133880615234
physionet_b,erm,42,41.0,41.19160842895508
physionet_b,erm,42,26.0,27.770627975463867
physionet_b,erm,42,47.0,58.482852935791016
physionet_b,erm,42,59.0,51.291900634765625
physionet_b,erm,42,25.0,25.866878509521484
physionet_b,erm,42,26.0,21.645923614501953
physionet_b,erm,42,47.0,55.24378204345703
physionet_b,erm,42,47.0,51.82746505737305
physionet_b,erm,42,43.0,41.075443267822266
physionet_b,erm,42,41.0,48.257049560546875
physionet_b,erm,42,41.0,45.759063720703125
physionet_b,erm,42,34.0,34.09473419189453
physionet_b,erm,42,37.0,34.68619155883789
physionet_b,erm,42,48.0,54.05930709838867
physionet_b,erm,42,33.0,31.981273651123047
physionet_b,erm,42,37.0,36.35512161254883
physionet_b,erm,42,39.0,37.67531204223633
physionet_b,erm,42,36.0,33.26993179321289
physionet_b,erm,42,50.0,50.281314849853516
physionet_b,erm,42,43.0,49.49197769165039
physionet_b,erm,42,45.0,48.111045837402344
physionet_b,erm,42,36.0,34.70598602294922
physionet_b,erm,42,28.0,27.114490509033203
physionet_b,erm,42,51.0,52.392215728759766
physionet_b,erm,42,32.0,32.180660247802734
physionet_b,erm,42,44.0,50.21450424194336
physionet_b,erm,42,43.0,42.781402587890625
physionet_b,erm,42,36.0,34.27165985107422
physionet_b,erm,42,29.0,29.902193069458008
physionet_b,erm,42,24.0,26.114299774169922
physionet_b,erm,42,41.0,39.33578872680664
physionet_b,erm,42,24.0,24.95724868774414
physionet_b,erm,42,32.0,31.273086547851562
physionet_b,erm,42,26.0,26.70708465576172
physionet_b,erm,42,75.0,50.880210876464844
physionet_b,erm,42,49.0,50.46538162231445
physionet_b,erm,42,38.0,35.87196350097656
physionet_b,erm,42,36.0,36.184993743896484
physionet_b,erm,42,50.0,53.55372619628906
physionet_b,erm,42,47.0,42.457393646240234
physionet_b,erm,42,47.0,50.58038330078125
physionet_b,erm,42,48.0,56.415069580078125
physionet_b,erm,42,47.0,48.48789978027344
physionet_b,erm,42,55.0,51.43909454345703
physionet_b,erm,42,99.0,48.68694305419922
physionet_b,erm,42,26.0,25.8317928314209
physionet_b,erm,42,37.0,34.166194915771484
physionet_b,erm,42,47.0,50.4373893737793
physionet_b,erm,42,41.0,41.065433502197266
physionet_b,erm,42,52.0,55.0667610168457
physionet_b,erm,42,49.0,49.70366668701172
physionet_b,erm,42,44.0,41.93639373779297
physionet_b,erm,42,44.0,49.47468185424805
physionet_b,erm,42,37.0,34.94818115234375
physionet_b,erm,42,44.0,50.49146270751953
physionet_b,erm,42,40.0,38.53912353515625
physionet_b,erm,42,47.0,50.32402801513672
physionet_b,erm,42,33.0,32.65137481689453
physionet_b,erm,42,38.0,37.424442291259766
physionet_b,erm,42,59.0,50.525001525878906
physionet_b,erm,42,44.0,47.542945861816406
physionet_b,erm,42,38.0,38.29710006713867
physionet_b,erm,42,39.0,36.67081832885742
physionet_b,erm,42,37.0,33.28688430786133
physionet_b,erm,42,39.0,39.01280975341797
physionet_b,erm,42,55.0,50.6118278503418
physionet_b,erm,42,39.0,40.99917221069336
physionet_b,erm,42,47.0,43.41982650756836
physionet_b,erm,42,44.0,48.983604431152344
physionet_b,erm,42,39.0,40.39862060546875
physionet_b,erm,42,40.0,37.2943115234375
physionet_b,erm,42,56.0,52.190513610839844
physionet_b,erm,42,34.0,33.52486801147461
physionet_b,erm,42,55.0,53.49631881713867
physionet_b,erm,42,41.0,40.15864181518555
physionet_b,erm,42,37.0,36.12588119506836
physionet_b,erm,42,38.0,35.90348434448242
physionet_b,erm,42,53.0,49.33220672607422
physionet_b,erm,42,43.0,42.25914001464844
physionet_b,erm,42,53.0,48.829681396484375
physionet_b,erm,42,24.0,25.396766662597656
physionet_b,erm,42,43.0,49.84523010253906
physionet_b,erm,42,53.0,50.67359924316406
physionet_b,erm,42,38.0,36.089359283447266
physionet_b,erm,42,38.0,35.1736946105957
physionet_b,erm,42,48.0,56.23654556274414
physionet_b,erm,42,57.0,51.42638397216797
physionet_b,erm,42,37.0,36.23170852661133
physionet_b,erm,42,39.0,45.586021423339844
physionet_b,erm,42,39.0,35.73503494262695
physionet_b,erm,42,118.0,54.33052444458008
physionet_b,erm,42,51.0,47.334388732910156
physionet_b,erm,42,27.0,23.3054256439209
physionet_b,erm,42,41.0,40.533843994140625
physionet_b,erm,42,45.0,42.22164535522461
physionet_b,erm,42,41.0,39.088600158691406
physionet_b,erm,42,26.0,26.28852081298828
physionet_b,erm,42,58.0,55.30262756347656
physionet_b,erm,42,53.0,49.797706604003906
physionet_b,erm,42,58.0,50.06721115112305
physionet_b,erm,42,38.0,36.45525360107422
physionet_b,erm,42,25.0,25.95012092590332
physionet_b,erm,42,52.0,30.50556182861328
physionet_b,erm,42,27.0,28.083988189697266
physionet_b,erm,42,36.0,34.501285552978516
physionet_b,erm,42,41.0,40.51036071777344
physionet_b,erm,42,45.0,50.39455795288086
physionet_b,erm,42,40.0,47.60626220703125
physionet_b,erm,42,52.0,52.81222152709961
physionet_b,erm,42,33.0,33.46842956542969
physionet_b,erm,42,24.0,26.93386459350586
physionet_b,erm,42,34.0,32.85517501831055
physionet_b,erm,42,42.0,42.847633361816406
physionet_b,erm,42,42.0,51.53093338012695
physionet_b,erm,42,49.0,49.55582046508789
physionet_b,erm,42,43.0,50.88066864013672
physionet_b,erm,42,56.0,51.26789093017578
physionet_b,erm,42,49.0,49.09965515136719
physionet_b,erm,42,25.0,25.78972053527832
physionet_b,erm,42,42.0,42.26665115356445
physionet_b,erm,42,46.0,46.44865798950195
physionet_b,erm,42,45.0,50.44561767578125
physionet_b,erm,42,41.0,50.6041259765625
physionet_b,erm,42,32.0,31.893535614013672
physionet_b,erm,42,36.0,34.431758880615234
physionet_b,erm,42,52.0,48.853233337402344
physionet_b,erm,42,34.0,34.50697326660156
physionet_b,erm,42,42.0,42.014163970947266
physionet_b,erm,42,52.0,49.06267547607422
physionet_b,erm,42,55.0,51.21202087402344
physionet_b,erm,42,37.0,34.56596755981445
physionet_b,erm,42,44.0,42.51914596557617
physionet_b,erm,42,56.0,49.41827392578125
physionet_b,erm,42,46.0,48.6192512512207
physionet_b,erm,42,47.0,50.44241714477539
physionet_b,erm,42,42.0,41.51104736328125
physionet_b,erm,42,38.0,37.46076583862305
physionet_b,erm,42,58.0,49.334293365478516
physionet_b,erm,42,43.0,41.604923248291016
physionet_b,erm,42,41.0,40.82030487060547
physionet_b,erm,42,27.0,27.510927200317383
physionet_b,erm,42,51.0,51.152252197265625
physionet_b,erm,42,44.0,43.32261657714844
physionet_b,erm,42,46.0,48.90992736816406
physionet_b,erm,42,26.0,29.17851448059082
physionet_b,erm,42,35.0,42.28955841064453
physionet_b,erm,42,52.0,48.938838958740234
physionet_b,erm,42,46.0,51.06937026977539
physionet_b,erm,42,58.0,50.108551025390625
physionet_b,erm,42,38.0,35.91238784790039
physionet_b,erm,42,37.0,35.30156326293945
physionet_b,erm,42,53.0,50.38664245605469
physionet_b,erm,42,266.0,44.95783996582031
physionet_b,erm,42,42.0,42.16212463378906
physionet_b,erm,42,49.0,48.43638610839844
physionet_b,erm,42,37.0,34.1663818359375
physionet_b,erm,42,35.0,30.684194564819336
physionet_b,erm,42,26.0,26.47726058959961
physionet_b,erm,42,55.0,50.67437744140625
physionet_b,erm,42,38.0,35.92739486694336
physionet_b,erm,42,42.0,42.31922912597656
physionet_b,erm,42,44.0,48.70707321166992
physionet_b,erm,42,28.0,29.399404525756836
physionet_b,erm,42,40.0,42.6267204284668
physionet_b,erm,42,37.0,34.878387451171875
physionet_b,erm,42,59.0,50.13153839111328
physionet_b,erm,42,26.0,26.378503799438477
physionet_b,erm,42,38.0,36.36027908325195
physionet_b,erm,42,45.0,42.135623931884766
physionet_b,erm,42,53.0,49.50013732910156
physionet_b,erm,42,41.0,46.93687057495117
physionet_b,erm,42,29.0,27.706775665283203
physionet_b,erm,42,41.0,47.491947174072266
physionet_b,erm,42,33.0,32.54621887207031
physionet_b,erm,42,51.0,52.43755340576172
physionet_b,erm,42,43.0,42.058387756347656
physionet_b,erm,42,33.0,31.765663146972656
physionet_b,erm,42,41.0,45.27073287963867
physionet_b,erm,42,37.0,36.742286682128906
physionet_b,erm,42,56.0,50.41432571411133
physionet_b,erm,42,39.0,36.86977767944336
physionet_b,erm,42,34.0,35.48291015625
physionet_b,erm,42,41.0,40.87252426147461
physionet_b,erm,42,41.0,40.710105895996094
physionet_b,erm,42,55.0,51.45363998413086
physionet_b,erm,42,39.0,36.89472198486328
physionet_b,erm,42,51.0,49.23259353637695
physionet_b,erm,42,37.0,35.49167251586914
physionet_b,erm,42,47.0,48.42557907104492
physionet_b,erm,42,44.0,41.98394012451172
physionet_b,erm,42,48.0,49.26803207397461
physionet_b,erm,42,47.0,49.72898483276367
physionet_b,erm,42,32.0,31.43671417236328
physionet_b,erm,42,42.0,43.12623596191406
physionet_b,erm,42,37.0,35.05213165283203
physionet_b,erm,42,41.0,40.402469635009766
physionet_b,erm,42,39.0,41.12195587158203
physionet_b,erm,42,37.0,35.42571258544922
physionet_b,erm,42,50.0,51.04103469848633
physionet_b,erm,42,44.0,48.80461883544922
physionet_b,erm,42,26.0,26.545955657958984
physionet_b,erm,42,40.0,44.66053009033203
physionet_b,erm,42,44.0,44.57206726074219
physionet_b,erm,42,31.0,31.217754364013672
physionet_b,erm,42,49.0,46.65361022949219
physionet_b,erm,42,31.0,29.48311424255371
physionet_b,erm,42,41.0,41.34490966796875
physionet_b,erm,42,35.0,34.52444076538086
physionet_b,erm,42,47.0,47.589229583740234
physionet_b,erm,42,26.0,28.022104263305664
physionet_b,erm,42,53.0,50.20120620727539
physionet_b,erm,42,34.0,33.3786506652832
physionet_b,erm,42,26.0,26.0814266204834
physionet_b,erm,42,47.0,50.00535202026367
physionet_b,erm,42,47.0,50.88858413696289
physionet_b,erm,42,39.0,37.64693832397461
physionet_b,erm,42,26.0,26.49200439453125
physionet_b,erm,42,48.0,54.109107971191406
physionet_b,erm,42,39.0,37.4314079284668
physionet_b,erm,42,39.0,36.79530715942383
physionet_b,erm,42,41.0,45.174224853515625
physionet_b,erm,42,312.0,54.54106903076172
physionet_b,erm,42,41.0,40.98540496826172
physionet_b,erm,42,36.0,35.75762939453125
physionet_b,erm,42,49.0,47.11912155151367
physionet_b,erm,42,44.0,50.0724983215332
physionet_b,erm,42,45.0,48.181724548339844
physionet_b,erm,42,36.0,35.89173126220703
physionet_b,erm,42,46.0,52.17506790161133
physionet_b,erm,42,39.0,37.44125747680664
physionet_b,erm,42,45.0,55.86832809448242
physionet_b,erm,42,31.0,31.856243133544922
physionet_b,erm,42,25.0,28.18144416809082
physionet_b,erm,42,41.0,40.89985656738281
physionet_b,erm,42,42.0,43.90391159057617
physionet_b,erm,42,26.0,27.105140686035156
physionet_b,erm,42,44.0,42.95286178588867
physionet_b,erm,42,43.0,48.557395935058594
physionet_b,erm,42,30.0,30.466983795166016
physionet_b,erm,42,50.0,42.40504837036133
physionet_b,erm,42,48.0,50.03055191040039
physionet_b,erm,42,39.0,36.075618743896484
physionet_b,erm,42,38.0,34.444671630859375
physionet_b,erm,42,51.0,53.162841796875
physionet_b,erm,42,43.0,49.472537994384766
physionet_b,erm,42,163.0,63.11857604980469
physionet_b,erm,42,39.0,41.28064727783203
physionet_b,erm,42,43.0,41.41762924194336
physionet_b,erm,42,38.0,35.11302185058594
physionet_b,erm,42,24.0,27.116004943847656
physionet_b,erm,42,42.0,41.76610565185547
physionet_b,erm,42,25.0,26.29012680053711
physionet_b,erm,42,25.0,24.856704711914062
physionet_b,erm,42,54.0,51.63084411621094
physionet_b,erm,42,41.0,40.4379997253418
physionet_b,erm,42,43.0,49.69007873535156
physionet_b,erm,42,31.0,29.73394012451172
physionet_b,erm,42,26.0,26.668415069580078
physionet_b,erm,42,27.0,27.896581649780273
physionet_b,erm,42,42.0,43.107704162597656
physionet_b,erm,42,38.0,36.4521484375
physionet_b,erm,42,36.0,34.102542877197266
physionet_b,erm,42,36.0,34.821693420410156
physionet_b,erm,42,33.0,28.91730308532715
physionet_b,erm,42,46.0,46.7567253112793
physionet_b,erm,42,41.0,40.60810089111328
physionet_b,erm,42,45.0,41.27617263793945
physionet_b,erm,42,25.0,26.335704803466797
physionet_b,erm,42,58.0,50.70360565185547
physionet_b,erm,42,57.0,49.082828521728516
physionet_b,erm,42,37.0,34.54724884033203
physionet_b,erm,42,36.0,34.60645294189453
physionet_b,erm,42,24.0,25.5546875
physionet_b,erm,42,47.0,47.94454574584961
physionet_b,erm,42,42.0,44.6287727355957
physionet_b,erm,42,47.0,47.65370559692383
physionet_b,erm,42,36.0,36.55502700805664
physionet_b,erm,42,40.0,47.53790283203125
physionet_b,erm,42,45.0,50.600852966308594
physionet_b,erm,42,45.0,50.71635437011719
physionet_b,erm,42,54.0,48.43168640136719
physionet_b,erm,42,38.0,36.929359436035156
physionet_b,erm,42,29.0,29.29275894165039
physionet_b,erm,42,42.0,48.28605651855469
physionet_b,erm,42,49.0,54.740055084228516
physionet_b,erm,42,25.0,25.323562622070312
physionet_b,erm,42,39.0,38.14579772949219
physionet_b,erm,42,58.0,48.87635803222656
physionet_b,erm,42,43.0,48.388511657714844
physionet_b,erm,42,25.0,26.239288330078125
physionet_b,erm,42,38.0,34.78223419189453
physionet_b,erm,42,42.0,49.68996047973633
physionet_b,erm,42,41.0,47.41020584106445
physionet_b,erm,42,53.0,48.22587966918945
physionet_b,erm,42,48.0,49.533912658691406
physionet_b,erm,42,31.0,30.943439483642578
physionet_b,erm,42,27.0,27.749919891357422
physionet_b,erm,42,43.0,50.676692962646484
physionet_b,erm,42,40.0,37.95652389526367
physionet_b,erm,42,36.0,35.187618255615234
physionet_b,erm,42,32.0,30.030248641967773
physionet_b,erm,42,42.0,53.02720260620117
physionet_b,erm,42,50.0,48.65412521362305
physionet_b,erm,42,29.0,29.057491302490234
physionet_b,erm,42,28.0,29.18874168395996
physionet_b,erm,42,28.0,29.938875198364258
physionet_b,erm,42,53.0,49.64690399169922
physionet_b,erm,42,45.0,48.569496154785156
physionet_b,erm,42,24.0,24.656923294067383
mimic,erm,42,80.09472222222222,52.953338623046875
mimic,erm,42,124.84222222222223,49.920372009277344
mimic,erm,42,31.09444444444445,52.27954864501953
mimic,erm,42,348.1083333333333,63.24659729003906
mimic,erm,42,28.113611111111112,48.78020095825195
mimic,erm,42,35.49138888888889,46.9628791809082
mimic,erm,42,60.416944444444454,55.1932258605957
mimic,erm,42,93.78805555555556,51.27619171142578
mimic,erm,42,56.132777777777775,54.27604293823242
mimic,erm,42,46.01583333333333,59.99213790893555
mimic,erm,42,28.535833333333336,50.15890121459961
mimic,erm,42,27.045555555555552,49.58439254760742
mimic,erm,42,315.1933333333333,58.902835845947266
mimic,erm,42,212.93055555555554,69.08097839355469
mimic,erm,42,42.768055555555556,40.816585540771484
mimic,erm,42,32.60916666666667,51.97605514526367
mimic,erm,42,41.15972222222222,41.48332595825195
mimic,erm,42,102.29249999999999,64.77716064453125
mimic,erm,42,26.91777777777778,48.29631423950195
mimic,erm,42,25.98361111111111,50.62751770019531
mimic,erm,42,41.92194444444445,42.533424377441406
mimic,erm,42,39.50055555555556,35.21441650390625
mimic,erm,42,51.82055555555556,50.33413314819336
mimic,erm,42,102.87888888888888,54.69921875
mimic,erm,42,345.7583333333333,44.18859100341797
mimic,erm,42,273.7413888888889,56.09346389770508
mimic,erm,42,61.79972222222222,49.26131057739258
mimic,erm,42,26.365833333333335,51.2811279296875
mimic,erm,42,62.258333333333326,50.508445739746094
mimic,erm,42,43.14194444444445,52.73072052001953
mimic,erm,42,206.13583333333332,51.380916595458984
mimic,erm,42,27.859166666666667,39.23512268066406
mimic,erm,42,137.47361111111113,52.626190185546875
mimic,erm,42,35.67611111111111,31.286029815673828
mimic,erm,42,46.15638888888889,51.30775833129883
mimic,erm,42,41.01583333333333,38.71670150756836
mimic,erm,42,184.67055555555555,56.5733642578125
mimic,erm,42,158.01694444444445,58.40431213378906
mimic,erm,42,47.83944444444444,57.56987380981445
mimic,erm,42,80.93083333333334,42.62076187133789
mimic,erm,42,53.35333333333334,41.38767623901367
mimic,erm,42,118.94999999999999,49.773780822753906
mimic,erm,42,49.463055555555556,56.45127487182617
mimic,erm,42,28.10388888888889,45.49715042114258
mimic,erm,42,80.97277777777778,56.1588134765625
mimic,erm,42,71.21972222222223,50.719337463378906
mimic,erm,42,31.92805555555556,31.42647933959961
mimic,erm,42,165.1627777777778,53.12998580932617
mimic,erm,42,51.409722222222214,48.049598693847656
mimic,erm,42,67.72638888888889,50.28498077392578
mimic,erm,42,281.2552777777778,50.756221771240234
mimic,erm,42,125.0327777777778,51.48164749145508
mimic,erm,42,29.73,34.32475662231445
mimic,erm,42,82.66666666666666,51.940956115722656
mimic,erm,42,86.63527777777779,50.591033935546875
mimic,erm,42,50.05944444444445,52.476806640625
mimic,erm,42,48.30555555555556,50.46809387207031
mimic,erm,42,72.42972222222222,51.72389602661133
mimic,erm,42,363.03527777777776,50.518218994140625
mimic,erm,42,244.17694444444442,61.72882843017578
mimic,erm,42,64.37027777777777,56.854759216308594
mimic,erm,42,43.14277777777778,50.09734344482422
mimic,erm,42,130.01472222222225,66.70250701904297
mimic,erm,42,40.96388888888889,39.17551803588867
mimic,erm,42,894.0836111111109,63.31584167480469
mimic,erm,42,85.42111111111112,57.05705261230469
mimic,erm,42,33.35388888888889,47.27924346923828
mimic,erm,42,118.12722222222222,66.64161682128906
mimic,erm,42,47.7975,51.54996109008789
mimic,erm,42,237.43555555555554,48.38820266723633
mimic,erm,42,428.04361111111115,55.75030517578125
mimic,erm,42,29.387222222222213,51.47831726074219
mimic,erm,42,71.95222222222222,56.64006042480469
mimic,erm,42,128.23638888888888,49.29515075683594
mimic,erm,42,136.86138888888888,54.564090728759766
mimic,erm,42,27.03,26.434181213378906
mimic,erm,42,104.01,48.674102783203125
mimic,erm,42,31.690000000000005,47.78586959838867
mimic,erm,42,71.12583333333333,52.06889724731445
mimic,erm,42,573.9411111111111,50.79377365112305
mimic,erm,42,30.389166666666668,45.49922180175781
mimic,erm,42,49.29805555555556,51.843135833740234
mimic,erm,42,27.713055555555556,40.541114807128906
mimic,erm,42,32.36305555555556,49.77443313598633
mimic,erm,42,36.449444444444445,34.24618911743164
mimic,erm,42,224.38888888888886,49.71607208251953
mimic,erm,42,24.152500000000003,26.3092041015625
mimic,erm,42,134.89111111111112,63.207611083984375
mimic,erm,42,65.64194444444445,52.17561340332031
mimic,erm,42,58.18222222222222,53.27055740356445
mimic,erm,42,357.44194444444446,62.721466064453125
mimic,erm,42,33.90416666666667,47.86865997314453
mimic,erm,42,36.702777777777776,42.09901809692383
mimic,erm,42,217.40055555555557,50.75180435180664
mimic,erm,42,307.8363888888889,52.81694030761719
mimic,erm,42,28.006388888888885,51.04396438598633
mimic,erm,42,70.03805555555556,51.19715881347656
mimic,erm,42,32.54611111111111,46.941444396972656
mimic,erm,42,29.70194444444444,29.18404197692871
mimic,erm,42,375.15805555555556,54.851505279541016
mimic,erm,42,49.091388888888886,46.31398010253906
mimic,erm,42,151.74805555555554,56.07506561279297
mimic,erm,42,196.6688888888889,50.35158920288086
mimic,erm,42,98.14277777777778,58.82661819458008
mimic,erm,42,210.80166666666665,52.114654541015625
mimic,erm,42,29.779999999999998,51.68378829956055
mimic,erm,42,400.3986111111111,57.43644714355469
mimic,erm,42,37.599722222222226,34.45048522949219
mimic,erm,42,65.51583333333333,52.44218826293945
mimic,erm,42,157.88722222222225,57.16204071044922
mimic,erm,42,308.06722222222226,52.8504524230957
mimic,erm,42,44.707499999999996,50.52949905395508
mimic,erm,42,63.49416666666667,46.5993766784668
mimic,erm,42,31.45527777777778,48.67900466918945
mimic,erm,42,273.1244444444444,55.1814079284668
mimic,erm,42,27.690555555555548,46.81505584716797
mimic,erm,42,69.59083333333334,50.44889450073242
mimic,erm,42,42.58583333333333,50.570106506347656
mimic,erm,42,413.4558333333334,66.35843658447266
mimic,erm,42,34.348055555555554,32.60491180419922
mimic,erm,42,71.52805555555555,56.14883804321289
mimic,erm,42,232.7102777777778,55.20841979980469
mimic,erm,42,95.31222222222223,46.94265365600586
mimic,erm,42,74.75305555555556,46.973777770996094
mimic,erm,42,81.57583333333335,44.36021041870117
mimic,erm,42,58.10916666666667,49.683467864990234
mimic,erm,42,33.71805555555556,47.002906799316406
mimic,erm,42,45.11833333333335,51.70281982421875
mimic,erm,42,134.73722222222221,50.948829650878906
mimic,erm,42,44.42583333333333,44.283111572265625
mimic,erm,42,62.927777777777784,60.353633880615234
mimic,erm,42,38.11972222222222,34.55607986450195
mimic,erm,42,96.04222222222222,51.09419250488281
mimic,erm,42,52.69916666666666,52.41729736328125
mimic,erm,42,605.6433333333334,53.427215576171875
mimic,erm,42,73.04944444444445,51.990875244140625
mimic,erm,42,43.8811111111111,50.57390594482422
mimic,erm,42,30.793333333333337,25.578693389892578
mimic,erm,42,30.79222222222222,50.018436431884766
mimic,erm,42,96.57055555555556,50.69316864013672
mimic,erm,42,24.708888888888893,40.802303314208984
mimic,erm,42,28.253055555555548,46.60868453979492
mimic,erm,42,28.924166666666665,48.14063262939453
mimic,erm,42,45.59527777777778,42.98122787475586
mimic,erm,42,33.799166666666665,49.275177001953125
mimic,erm,42,48.03194444444445,48.0689811706543
mimic,erm,42,240.9761111111111,54.85603332519531
mimic,erm,42,57.09027777777777,52.88347244262695
mimic,erm,42,121.69277777777778,51.09428024291992
mimic,erm,42,125.90833333333333,42.9478759765625
mimic,erm,42,102.47555555555556,48.708553314208984
mimic,erm,42,113.08444444444446,57.41716766357422
mimic,erm,42,63.81305555555555,51.95655822753906
mimic,erm,42,51.28111111111111,53.12283706665039
mimic,erm,42,170.84277777777777,49.638511657714844
mimic,erm,42,75.58361111111111,52.242191314697266
mimic,erm,42,553.2861111111112,50.435302734375
mimic,erm,42,131.0511111111111,51.41440963745117
mimic,erm,42,76.69500000000001,51.29616165161133
mimic,erm,42,48.11972222222222,64.12283325195312
mimic,erm,42,89.60249999999999,49.50838851928711
mimic,erm,42,60.46083333333333,50.98889923095703
mimic,erm,42,85.07388888888889,55.67893600463867
mimic,erm,42,26.07722222222222,50.18147277832031
mimic,erm,42,71.05222222222223,52.19097137451172
mimic,erm,42,67.02166666666666,51.054412841796875
mimic,erm,42,653.5391666666667,51.18533706665039
mimic,erm,42,52.136111111111106,50.35051345825195
mimic,erm,42,25.82888888888889,36.1853141784668
mimic,erm,42,67.57583333333334,56.02082061767578
mimic,erm,42,47.08222222222222,47.779239654541016
mimic,erm,42,91.06222222222222,47.864139556884766
mimic,erm,42,44.56972222222223,58.371856689453125
mimic,erm,42,335.69,57.72404479980469
mimic,erm,42,117.07861111111112,49.512638092041016
mimic,erm,42,29.03888888888889,49.66151809692383
mimic,erm,42,187.8552777777778,53.044002532958984
mimic,erm,42,129.93166666666667,61.23876953125
mimic,erm,42,26.009166666666673,26.907196044921875
mimic,erm,42,99.04027777777776,49.87017059326172
mimic,erm,42,37.36472222222223,36.51627731323242
mimic,erm,42,25.1875,49.38795471191406
mimic,erm,42,52.60388888888889,50.01464080810547
mimic,erm,42,41.044444444444444,41.96326446533203
mimic,erm,42,49.525,51.41769790649414
mimic,erm,42,28.97916666666667,46.08142852783203
mimic,erm,42,46.730555555555554,43.46812438964844
mimic,erm,42,25.37222222222222,44.89579772949219
mimic,erm,42,42.24361111111111,48.32524871826172
mimic,erm,42,43.49583333333334,42.65699005126953
mimic,erm,42,291.41111111111104,49.15855026245117
mimic,erm,42,45.1936111111111,36.30649185180664
mimic,erm,42,72.8338888888889,63.774147033691406
mimic,erm,42,96.82222222222222,55.75815200805664
mimic,erm,42,67.00055555555555,52.36104965209961
mimic,erm,42,120.61749999999999,55.49569320678711
mimic,erm,42,29.280555555555566,37.81153869628906
mimic,erm,42,164.75055555555556,55.793453216552734
mimic,erm,42,61.32000000000001,56.047935485839844
mimic,erm,42,72.0961111111111,50.624427795410156
mimic,erm,42,121.2202777777778,53.26300048828125
mimic,erm,42,43.27166666666667,38.63287353515625
mimic,erm,42,68.215,51.238590240478516
mimic,erm,42,79.33444444444444,49.446468353271484
mimic,erm,42,25.316111111111113,33.95820617675781
mimic,erm,42,26.882222222222225,37.54258346557617
mimic,erm,42,161.4077777777778,58.53078079223633
mimic,erm,42,119.28638888888888,59.49317169189453
mimic,erm,42,158.3188888888889,48.287654876708984
mimic,erm,42,58.53527777777779,51.617347717285156
mimic,erm,42,356.31444444444446,63.04331970214844
mimic,erm,42,178.01416666666665,55.74675750732422
mimic,erm,42,30.598611111111108,33.011383056640625
mimic,erm,42,54.73444444444445,49.577518463134766
mimic,erm,42,31.669166666666662,51.32374954223633
mimic,erm,42,112.36694444444444,57.50327682495117
mimic,erm,42,54.62861111111111,56.06450653076172
mimic,erm,42,179.28611111111113,53.503543853759766
mimic,erm,42,33.04166666666667,30.59872817993164
mimic,erm,42,33.394444444444446,44.88724136352539
mimic,erm,42,147.14222222222222,51.12797546386719
mimic,erm,42,69.14444444444445,49.67021560668945
mimic,erm,42,77.91305555555556,55.487396240234375
mimic,erm,42,73.6986111111111,49.98988342285156
mimic,erm,42,46.90138888888889,56.235069274902344
mimic,erm,42,27.91722222222222,49.07319259643555
mimic,erm,42,40.3575,39.836910247802734
mimic,erm,42,35.22694444444445,48.97242736816406
mimic,erm,42,80.17,53.60619354248047
mimic,erm,42,52.26777777777778,48.64663314819336
mimic,erm,42,212.00166666666667,57.8615837097168
mimic,erm,42,56.97861111111111,49.5209846496582
mimic,erm,42,57.474722222222226,52.703392028808594
mimic,erm,42,66.15472222222223,54.872840881347656
mimic,erm,42,122.79666666666667,68.86270904541016
mimic,erm,42,24.02361111111111,48.86482238769531
mimic,erm,42,28.592777777777776,51.37135314941406
mimic,erm,42,72.1175,56.227291107177734
mimic,erm,42,44.32361111111111,41.1807975769043
mimic,erm,42,28.60361111111111,49.6097526550293
mimic,erm,42,163.81,50.040809631347656
mimic,erm,42,48.04916666666668,59.47632598876953
mimic,erm,42,338.32888888888886,57.326568603515625
mimic,erm,42,39.562222222222225,44.8375244140625
mimic,erm,42,71.50194444444443,51.32871627807617
mimic,erm,42,26.145,57.298343658447266
mimic,erm,42,71.92972222222222,44.407493591308594
mimic,erm,42,26.464722222222225,25.429487228393555
mimic,erm,42,205.61694444444447,61.80793380737305
mimic,erm,42,80.64444444444445,50.15473175048828
mimic,erm,42,46.07333333333333,50.973533630371094
mimic,erm,42,522.2138888888888,51.66678237915039
mimic,erm,42,233.3852777777778,50.25029373168945
mimic,erm,42,24.820277777777775,38.5863151550293
mimic,erm,42,49.58166666666666,48.95304489135742
mimic,erm,42,37.44833333333333,52.7519416809082
mimic,erm,42,35.28888888888889,51.1644401550293
mimic,erm,42,28.652500000000003,47.726558685302734
mimic,erm,42,63.88111111111111,50.54886245727539
mimic,erm,42,376.0708333333333,56.842262268066406
mimic,erm,42,26.8375,25.79147720336914
mimic,erm,42,173.22833333333332,51.0412712097168
mimic,erm,42,26.125,46.905670166015625
mimic,erm,42,455.5380555555555,63.08025360107422
mimic,erm,42,172.6197222222222,48.31732177734375
mimic,erm,42,26.80444444444445,33.95358657836914
mimic,erm,42,135.81861111111112,53.52236557006836
mimic,erm,42,57.16638888888889,58.41116714477539
mimic,erm,42,77.64944444444444,54.75074005126953
mimic,erm,42,28.645555555555553,50.768192291259766
mimic,erm,42,55.665,50.518123626708984
mimic,erm,42,43.90138888888889,43.308555603027344
mimic,erm,42,108.0163888888889,51.784950256347656
mimic,erm,42,160.82638888888889,51.88121032714844
mimic,erm,42,45.465555555555554,43.21014404296875
mimic,erm,42,106.66194444444443,45.1447868347168
mimic,erm,42,24.430277777777782,23.79499626159668
mimic,erm,42,30.5525,37.52341842651367
mimic,erm,42,27.84916666666666,54.396759033203125
mimic,erm,42,141.11944444444447,49.6395378112793
mimic,erm,42,321.6769444444445,59.69062042236328
mimic,erm,42,242.0733333333333,55.11297607421875
mimic,erm,42,25.29972222222223,46.32897186279297
mimic,erm,42,46.755,41.2279167175293
mimic,erm,42,66.90222222222222,59.66215133666992
mimic,erm,42,30.580833333333338,51.08612060546875
mimic,erm,42,306.9902777777778,51.60841369628906
mimic,erm,42,97.00861111111111,50.45041275024414
mimic,erm,42,45.71111111111111,58.03946304321289
mimic,erm,42,26.101388888888888,34.236122131347656
mimic,erm,42,41.2,39.95151138305664
mimic,erm,42,34.028333333333336,33.75152587890625
mimic,erm,42,30.70527777777778,49.176612854003906
mimic,erm,42,41.26027777777778,39.28357696533203
mimic,erm,42,869.65,59.02143478393555
mimic,erm,42,48.80555555555556,61.84061813354492
mimic,erm,42,137.68,64.15492248535156
mimic,erm,42,428.8591666666666,58.64141845703125
mimic,erm,42,159.73083333333335,60.24922180175781
mimic,erm,42,52.69361111111111,49.63874435424805
mimic,erm,42,26.455000000000005,50.333621978759766
mimic,erm,42,88.98305555555557,49.816627502441406
mimic,erm,42,48.13111111111111,52.37467575073242
mimic,erm,42,46.56111111111111,43.46998977661133
mimic,erm,42,78.2988888888889,57.70237731933594
mimic,erm,42,56.33444444444444,54.82365417480469
mimic,erm,42,27.612777777777787,41.382774353027344
mimic,erm,42,118.7175,64.73413848876953
mimic,erm,42,37.27361111111111,32.94429016113281
mimic,erm,42,63.34777777777778,51.56706619262695
mimic,erm,42,99.78777777777776,51.641815185546875
mimic,erm,42,24.64638888888889,40.05183792114258
mimic,erm,42,146.10055555555556,56.00288009643555
mimic,erm,42,72.595,49.98454666137695
mimic,erm,42,42.13027777777778,47.68222427368164
mimic,erm,42,99.21277777777777,50.92249298095703
mimic,erm,42,30.77805555555556,47.93147659301758
mimic,erm,42,50.04722222222222,51.608062744140625
mimic,erm,42,230.41527777777782,59.62577438354492
mimic,erm,42,43.45333333333334,43.93192672729492
mimic,erm,42,60.669444444444444,53.81711959838867
mimic,erm,42,97.32611111111112,56.384769439697266
mimic,erm,42,50.497777777777785,50.10031509399414
mimic,erm,42,31.30305555555556,48.991943359375
mimic,erm,42,30.712777777777774,51.69438934326172
mimic,erm,42,38.07972222222222,35.57866287231445
mimic,erm,42,30.93888888888889,45.48999786376953
mimic,erm,42,70.37666666666667,51.53986358642578
mimic,erm,42,45.373333333333335,51.481998443603516
mimic,erm,42,25.06722222222222,44.26317596435547
mimic,erm,42,496.8844444444445,61.982208251953125
mimic,erm,42,45.775555555555556,50.06269454956055
mimic,erm,42,28.039722222222224,27.862030029296875
mimic,erm,42,136.44305555555556,52.580894470214844
mimic,erm,42,184.55888888888887,49.277671813964844
mimic,erm,42,91.19583333333334,55.69245147705078
mimic,erm,42,68.9186111111111,57.86231231689453
mimic,erm,42,58.463333333333324,49.6254997253418
mimic,erm,42,75.71111111111111,51.69192886352539
mimic,erm,42,194.80916666666667,51.19882583618164
mimic,erm,42,26.41777777777778,39.33914566040039
mimic,erm,42,691.0847222222222,50.3012580871582
mimic,erm,42,55.33361111111111,50.79389572143555
mimic,erm,42,233.0594444444444,61.71205139160156
mimic,erm,42,27.168333333333333,38.96626663208008
mimic,erm,42,70.35277777777777,58.94306564331055
mimic,erm,42,274.45916666666665,53.278411865234375
mimic,erm,42,287.415,60.13393783569336
mimic,erm,42,80.94972222222222,62.41126251220703
mimic,erm,42,93.37805555555556,50.87082290649414
mimic,erm,42,43.129444444444445,39.94691467285156
mimic,erm,42,92.58805555555556,52.81905746459961
mimic,erm,42,121.51972222222221,48.88490676879883
mimic,erm,42,113.56833333333333,58.130577087402344
mimic,erm,42,280.0238888888889,55.563621520996094
mimic,erm,42,54.999722222222225,49.16131591796875
mimic,erm,42,48.355,51.54172897338867
mimic,erm,42,92.18388888888887,49.89711380004883
mimic,erm,42,37.75416666666666,35.636348724365234
mimic,erm,42,73.6875,50.07561492919922
mimic,erm,42,83.63972222222222,49.64580535888672
mimic,erm,42,33.2175,52.571659088134766
mimic,erm,42,55.69444444444445,49.4095573425293
mimic,erm,42,96.96416666666667,52.68260192871094
mimic,erm,42,937.6744444444446,60.822601318359375
mimic,erm,42,37.599722222222226,35.0658073425293
mimic,erm,42,176.03722222222223,56.806114196777344
mimic,erm,42,41.92194444444445,41.903160095214844
mimic,erm,42,135.1575,56.83544921875
mimic,erm,42,148.175,55.44466781616211
mimic,erm,42,40.309999999999995,44.719669342041016
mimic,erm,42,548.8733333333333,54.07101821899414
mimic,erm,42,218.93416666666667,56.79707336425781
mimic,erm,42,96.01750000000001,50.53264236450195
mimic,erm,42,34.66138888888889,33.673282623291016
mimic,erm,42,36.746944444444445,34.190242767333984
mimic,erm,42,53.55388888888889,49.283138275146484
mimic,erm,42,51.98083333333333,49.998226165771484
mimic,erm,42,30.734722222222224,50.615234375
mimic,erm,42,359.1019444444444,51.5414924621582
mimic,erm,42,29.458333333333336,36.310787200927734
mimic,erm,42,43.92916666666667,48.44123077392578
mimic,erm,42,50.28527777777779,51.03186798095703
mimic,erm,42,165.4613888888889,51.975196838378906
mimic,erm,42,41.89722222222221,46.5357780456543
mimic,erm,42,66.27222222222223,55.103641510009766
mimic,erm,42,69.31472222222222,50.92406463623047
mimic,erm,42,50.28999999999999,49.890342712402344
mimic,erm,42,62.472222222222214,59.02959442138672
mimic,erm,42,57.0775,49.945796966552734
mimic,erm,42,55.29333333333334,49.81734085083008
mimic,erm,42,31.446111111111108,48.55460739135742
mimic,erm,42,53.17888888888889,51.04932403564453
mimic,erm,42,211.735,49.05820083618164
mimic,erm,42,75.11222222222221,59.56186294555664
mimic,erm,42,25.420277777777777,25.32515525817871
mimic,erm,42,33.19694444444444,49.24282455444336
mimic,erm,42,102.75888888888889,58.36444091796875
mimic,erm,42,29.099999999999998,28.086400985717773
mimic,erm,42,39.54277777777778,35.02022933959961
mimic,erm,42,62.4736111111111,51.96090316772461
mimic,erm,42,315.8852777777778,65.7918472290039
mimic,erm,42,49.14194444444444,50.15795135498047
mimic,erm,42,36.73527777777778,33.468387603759766
mimic,erm,42,73.0188888888889,48.97277069091797
mimic,erm,42,27.050833333333333,40.95589828491211
mimic,erm,42,44.727499999999985,49.840694427490234
mimic,erm,42,31.03388888888889,36.76744842529297
mimic,erm,42,71.99833333333335,50.485103607177734
mimic,erm,42,27.536666666666665,37.41279983520508
mimic,erm,42,59.81527777777778,50.95933532714844
mimic,erm,42,45.828611111111115,51.36943054199219
mimic,erm,42,26.47138888888889,49.88600158691406
mimic,erm,42,31.026666666666667,48.821533203125
mimic,erm,42,24.33416666666667,33.77655029296875
mimic,erm,42,26.82277777777778,49.67359924316406
mimic,erm,42,51.810833333333335,49.55451583862305
mimic,erm,42,51.68805555555556,49.947715759277344
mimic,erm,42,102.90583333333333,51.178993225097656
mimic,erm,42,123.15583333333333,52.024112701416016
mimic,erm,42,46.88888888888889,52.5356559753418
mimic,erm,42,55.02888888888889,49.94583511352539
mimic,erm,42,28.772777777777776,49.73249435424805
mimic,erm,42,149.29611111111112,50.48403549194336
mimic,erm,42,146.85972222222222,66.92303466796875
mimic,erm,42,46.75888888888889,51.109619140625
mimic,erm,42,43.36527777777778,42.44783020019531
mimic,erm,42,93.75583333333334,50.680389404296875
mimic,erm,42,73.2875,52.040611267089844
mimic,erm,42,60.826388888888886,50.13710021972656
mimic,erm,42,53.757222222222225,52.33118438720703
mimic,erm,42,690.143611111111,63.882835388183594
mimic,erm,42,65.24,60.063114166259766
mimic,erm,42,122.32222222222222,56.10476303100586
mimic,erm,42,106.24694444444445,59.32011413574219
mimic,erm,42,44.95611111111111,52.2042350769043
mimic,erm,42,83.31444444444443,53.22544479370117
mimic,erm,42,58.816944444444445,49.81278610229492
mimic,erm,42,76.59583333333335,54.67569351196289
mimic,erm,42,373.3752777777778,62.435943603515625
mimic,erm,42,41.96,39.129146575927734
mimic,erm,42,76.15138888888889,49.92981719970703
mimic,erm,42,55.81777777777778,56.81758499145508
mimic,erm,42,51.5313888888889,52.0560417175293
mimic,erm,42,165.36583333333334,51.559043884277344
mimic,erm,42,78.75222222222223,56.51058578491211
mimic,erm,42,64.08138888888888,51.38832473754883
mimic,erm,42,906.1302777777778,50.992271423339844
mimic,erm,42,45.00666666666666,57.530704498291016
mimic,erm,42,957.3141666666667,61.681495666503906
mimic,erm,42,24.747777777777785,51.971988677978516
mimic,erm,42,47.61861111111111,57.55646896362305
mimic,erm,42,62.19361111111111,50.97831726074219
mimic,erm,42,67.42027777777778,52.431297302246094
mimic,erm,42,32.772222222222226,28.230436325073242
mimic,erm,42,71.28444444444445,50.359195709228516
mimic,erm,42,79.04055555555554,63.03095245361328
mimic,erm,42,83.4125,55.76857376098633
mimic,erm,42,126.29638888888888,52.02680587768555
mimic,erm,42,38.00444444444444,47.5705680847168
mimic,erm,42,54.07138888888889,50.5267448425293
mimic,erm,42,40.71972222222222,38.921058654785156
mimic,erm,42,24.592777777777776,47.98760223388672
mimic,erm,42,105.03888888888889,49.00105285644531
mimic,erm,42,63.856944444444444,50.71122741699219
mimic,erm,42,50.59277777777778,51.20273208618164
mimic,erm,42,50.60611111111112,59.28086853027344
mimic,erm,42,44.35222222222223,50.37674331665039
mimic,erm,42,49.20222222222223,56.4803466796875
mimic,erm,42,25.374166666666667,32.707332611083984
mimic,erm,42,35.999722222222225,34.36380386352539
mimic,erm,42,93.83277777777778,57.977783203125
mimic,erm,42,52.393333333333345,43.353515625
mimic,erm,42,131.085,50.540443420410156
mimic,erm,42,135.905,50.81617736816406
mimic,erm,42,66.5925,52.23142623901367
mimic,erm,42,24.636666666666663,38.69084930419922
mimic,erm,42,119.9111111111111,50.98052215576172
mimic,erm,42,27.781666666666666,49.36371612548828
mimic,erm,42,73.475,47.884254455566406
mimic,erm,42,49.59222222222222,50.603336334228516
mimic,erm,42,75.40555555555557,49.121768951416016
mimic,erm,42,51.638333333333335,51.5899658203125
mimic,erm,42,29.431944444444447,37.81129837036133
mimic,erm,42,278.1622222222222,53.3394889831543
mimic,erm,42,91.7377777777778,60.47053527832031
mimic,erm,42,263.4066666666667,50.52195358276367
mimic,erm,42,164.94527777777776,50.815162658691406
mimic,erm,42,70.34555555555556,49.312156677246094
mimic,erm,42,53.97472222222222,51.91498565673828
mimic,erm,42,211.045,52.199100494384766
mimic,erm,42,79.88388888888889,53.70781326293945
mimic,erm,42,67.57694444444444,52.08138656616211
mimic,erm,42,59.424166666666665,49.5930290222168
mimic,erm,42,53.46333333333334,50.13197708129883
mimic,erm,42,50.30916666666666,65.55854797363281
mimic,erm,42,42.747777777777785,39.05305099487305
mimic,erm,42,90.02222222222221,56.41046905517578
mimic,erm,42,99.53305555555555,58.44270706176758
mimic,erm,42,240.20027777777779,58.23050308227539
mimic,erm,42,72.10444444444445,51.24444580078125
mimic,erm,42,84.66638888888889,57.955963134765625
mimic,erm,42,94.22944444444445,55.93999099731445
mimic,erm,42,50.06638888888889,60.05036163330078
mimic,erm,42,25.105000000000004,48.22768783569336
mimic,erm,42,25.211388888888887,23.99504280090332
mimic,erm,42,266.9175,47.5299072265625
mimic,erm,42,55.867777777777775,49.522804260253906
mimic,erm,42,243.3727777777778,54.949676513671875
mimic,erm,42,63.811388888888885,50.111976623535156
mimic,erm,42,41.068333333333335,43.685890197753906
mimic,erm,42,29.812777777777775,54.24911117553711
mimic,erm,42,24.22222222222222,24.184812545776367
mimic,erm,42,35.70055555555555,31.07892608642578
mimic,erm,42,31.686944444444446,26.499229431152344
mimic,erm,42,25.11638888888889,49.454647064208984
mimic,erm,42,109.79138888888889,62.43125534057617
mimic,erm,42,48.72527777777778,50.458560943603516
mimic,erm,42,42.07805555555555,41.55075454711914
mimic,erm,42,49.38138888888889,50.93520736694336
mimic,erm,42,81.33,49.48046875
mimic,erm,42,61.561388888888885,59.13413619995117
mimic,erm,42,51.50083333333334,43.651100158691406
mimic,erm,42,28.223055555555554,36.5726432800293
mimic,erm,42,97.7161111111111,63.71422576904297
mimic,erm,42,166.4977777777778,58.815521240234375
mimic,erm,42,26.739166666666666,35.89410400390625
mimic,erm,42,106.86555555555555,49.67009353637695
mimic,erm,42,75.38277777777778,52.487518310546875
mimic,erm,42,28.07888888888889,49.52003479003906
mimic,erm,42,29.81388888888889,51.293792724609375
mimic,erm,42,226.46999999999997,41.69620895385742
mimic,erm,42,339.8283333333333,52.290016174316406
mimic,erm,42,116.08638888888889,58.70692443847656
mimic,erm,42,28.975000000000005,32.42731475830078
mimic,erm,42,25.910833333333336,43.2509765625
mimic,erm,42,157.72611111111112,55.99700927734375
mimic,erm,42,53.19888888888889,51.35369873046875
mimic,erm,42,163.2736111111111,52.8573112487793
mimic,erm,42,28.539166666666667,51.88991165161133
mimic,erm,42,26.60138888888889,46.12183380126953
mimic,erm,42,34.638333333333335,35.9913444519043
mimic,erm,42,48.58694444444444,50.65542984008789
mimic,erm,42,59.41083333333333,52.74745559692383
mimic,erm,42,97.61666666666667,51.24787139892578
mimic,erm,42,92.88805555555555,57.05594253540039
mimic,erm,42,55.991944444444435,55.540592193603516
mimic,erm,42,192.3522222222222,52.26199722290039
mimic,erm,42,63.856944444444444,51.445335388183594
mimic,erm,42,395.4322222222222,65.30841827392578
mimic,erm,42,223.0,54.787254333496094
mimic,erm,42,100.16083333333333,56.473411560058594
mimic,erm,42,476.59777777777776,41.160980224609375
mimic,erm,42,141.51555555555558,62.69940948486328
mimic,erm,42,83.57944444444445,49.93281555175781
mimic,erm,42,32.45444444444445,29.71124839782715
mimic,erm,42,33.00944444444444,52.47054672241211
mimic,erm,42,197.45749999999998,56.49660110473633
mimic,erm,42,30.80166666666667,45.37467956542969
mimic,erm,42,30.513055555555557,29.66855239868164
mimic,erm,42,26.366944444444446,47.68429183959961
mimic,erm,42,98.44083333333333,58.265647888183594
mimic,erm,42,423.5305555555555,62.169498443603516
mimic,erm,42,97.55444444444444,50.44129943847656
mimic,erm,42,64.29861111111111,57.170719146728516
mimic,erm,42,193.39833333333337,50.12268829345703
mimic,erm,42,48.480277777777786,48.62168884277344
mimic,erm,42,66.83083333333335,52.604393005371094
mimic,erm,42,26.936111111111114,37.380943298339844
mimic,erm,42,24.200833333333335,24.25335693359375
mimic,erm,42,66.7825,49.72526168823242
mimic,erm,42,47.40416666666667,48.83555221557617
mimic,erm,42,279.64916666666664,52.935386657714844
mimic,erm,42,26.333055555555564,35.743900299072266
mimic,erm,42,101.35083333333334,56.488433837890625
mimic,erm,42,29.087222222222223,39.22917556762695
mimic,erm,42,292.38166666666666,53.47584915161133
mimic,erm,42,133.94,49.13969802856445
mimic,erm,42,37.26861111111111,34.91292953491211
mimic,erm,42,26.660555555555554,45.69136428833008
mimic,erm,42,35.662222222222226,37.070152282714844
mimic,erm,42,246.58722222222218,49.580078125
mimic,erm,42,29.898888888888887,28.362323760986328
mimic,erm,42,46.28111111111111,51.07508087158203
mimic,erm,42,37.92055555555555,44.789451599121094
mimic,erm,42,26.7725,47.825965881347656
mimic,erm,42,156.02277777777778,56.16202926635742
mimic,erm,42,25.054444444444446,46.63890838623047
mimic,erm,42,111.89944444444444,61.54833221435547
mimic,erm,42,49.338055555555556,49.74679183959961
mimic,erm,42,167.33166666666665,50.88811492919922
mimic,erm,42,46.06555555555555,51.8059196472168
mimic,erm,42,43.48416666666666,39.4469108581543
mimic,erm,42,470.2322222222221,50.37473678588867
mimic,erm,42,40.55222222222223,40.7634391784668
mimic,erm,42,28.15638888888889,48.77406692504883
mimic,erm,42,25.780555555555555,46.37820816040039
mimic,erm,42,29.559444444444445,45.38473129272461
mimic,erm,42,231.28722222222223,55.70442581176758
mimic,erm,42,56.24777777777777,49.467254638671875
mimic,erm,42,29.26361111111111,51.76124572753906
mimic,erm,42,67.17555555555555,42.50749588012695
mimic,erm,42,87.91444444444444,53.397117614746094
mimic,erm,42,36.45055555555555,34.01201248168945
mimic,erm,42,122.62583333333333,67.16586303710938
mimic,erm,42,67.1563888888889,42.17760467529297
mimic,erm,42,263.80444444444447,52.048301696777344
mimic,erm,42,87.31055555555557,50.38433837890625
mimic,erm,42,26.157222222222224,23.587568283081055
mimic,erm,42,96.74333333333334,50.72914123535156
mimic,erm,42,92.44111111111111,49.0682373046875
mimic,erm,42,26.759999999999998,43.78329086303711
mimic,erm,42,32.33416666666667,44.97487258911133
mimic,erm,42,47.096111111111114,51.55702590942383
mimic,erm,42,161.67472222222221,51.0328369140625
mimic,erm,42,73.95722222222221,46.5186767578125
mimic,erm,42,27.370833333333337,26.269672393798828
mimic,erm,42,251.77499999999998,59.5622673034668
mimic,erm,42,28.401944444444446,46.882476806640625
mimic,erm,42,24.291944444444447,35.21236801147461
mimic,erm,42,178.42777777777778,65.81111907958984
mimic,erm,42,124.245,59.5992431640625
mimic,erm,42,99.09583333333333,55.66001892089844
mimic,erm,42,69.10777777777778,46.52367401123047
mimic,erm,42,42.22361111111111,41.99372100830078
mimic,erm,42,48.44583333333334,49.60715866088867
mimic,erm,42,40.06027777777778,44.227352142333984
mimic,erm,42,69.22166666666666,49.210060119628906
mimic,erm,42,375.28666666666663,51.61502456665039
mimic,erm,42,311.62333333333333,53.901668548583984
mimic,erm,42,40.63666666666667,36.75117874145508
mimic,erm,42,316.6319444444444,48.70714569091797
mimic,erm,42,116.76888888888888,52.027374267578125
mimic,erm,42,72.76555555555557,52.10519790649414
mimic,erm,42,231.62222222222215,52.37874984741211
mimic,erm,42,577.6655555555556,51.67932891845703
mimic,erm,42,38.549166666666665,34.63929748535156
mimic,erm,42,47.94916666666667,48.30268478393555
mimic,erm,42,27.566944444444445,40.54075622558594
mimic,erm,42,81.79472222222222,57.398895263671875
mimic,erm,42,44.82138888888889,52.0525016784668
mimic,erm,42,54.11611111111111,55.39169692993164
mimic,erm,42,81.57722222222222,52.26578140258789
mimic,erm,42,70.88583333333334,54.46820831298828
mimic,erm,42,32.22527777777778,43.942779541015625
mimic,erm,42,123.08472222222223,55.92283248901367
mimic,erm,42,53.150555555555556,55.92380905151367
mimic,erm,42,73.14527777777778,50.920166015625
mimic,erm,42,59.0025,52.668792724609375
mimic,erm,42,58.71388888888889,50.1872673034668
mimic,erm,42,314.9236111111111,54.153564453125
mimic,erm,42,56.14361111111111,49.94361114501953
mimic,erm,42,398.8966666666667,51.931640625
mimic,erm,42,55.535,55.44544982910156
mimic,erm,42,145.97416666666666,57.904624938964844
mimic,erm,42,242.54472222222222,49.80865478515625
mimic,erm,42,136.35250000000002,48.386932373046875
mimic,erm,42,28.310277777777785,33.25315475463867
mimic,erm,42,115.25,50.840694427490234
mimic,erm,42,44.897777777777776,42.39799118041992
mimic,erm,42,168.9327777777778,65.00463104248047
mimic,erm,42,66.62583333333333,50.79221725463867
mimic,erm,42,44.03555555555556,52.011962890625
mimic,erm,42,359.7355555555555,51.45167541503906
mimic,erm,42,593.4300000000001,50.11337661743164
mimic,erm,42,100.26111111111112,55.214317321777344
mimic,erm,42,74.9036111111111,50.54325866699219
mimic,erm,42,45.55888888888889,51.302772521972656
mimic,erm,42,204.89333333333335,51.49872970581055
mimic,erm,42,92.88222222222221,57.952308654785156
mimic,erm,42,46.129444444444445,51.38716125488281
mimic,erm,42,26.733888888888888,25.15284538269043
mimic,erm,42,28.766111111111112,49.6094856262207
mimic,erm,42,82.12722222222223,42.519718170166016
mimic,erm,42,36.05555555555556,34.794254302978516
mimic,erm,42,180.28555555555553,55.19670867919922
mimic,erm,42,35.989999999999995,29.16107940673828
mimic,erm,42,93.99083333333333,50.844661712646484
mimic,erm,42,146.97583333333333,57.166114807128906
mimic,erm,42,25.351666666666667,39.69542694091797
mimic,erm,42,107.99222222222222,49.645164489746094
mimic,erm,42,66.72444444444444,50.743858337402344
mimic,erm,42,230.93972222222223,59.623260498046875
mimic,erm,42,49.83083333333333,48.7640495300293
mimic,erm,42,54.33527777777779,49.79743957519531
mimic,erm,42,70.28361111111111,53.42848587036133
mimic,erm,42,380.16805555555555,51.46898651123047
mimic,erm,42,402.9366666666667,53.142494201660156
mimic,erm,42,624.603611111111,49.49125289916992
mimic,erm,42,28.734444444444446,36.412174224853516
mimic,erm,42,25.506388888888893,48.36448287963867
mimic,erm,42,419.23611111111114,61.37653732299805
mimic,erm,42,105.14111111111112,55.99140930175781
mimic,erm,42,98.4375,65.57498931884766
mimic,erm,42,44.69444444444444,41.78596496582031
mimic,erm,42,32.13583333333334,29.22212028503418
mimic,erm,42,269.90694444444443,51.439308166503906
mimic,erm,42,31.537499999999998,29.44832992553711
mimic,erm,42,77.02944444444444,51.863677978515625
mimic,erm,42,27.169444444444444,49.762935638427734
mimic,erm,42,225.61833333333334,49.86894607543945
mimic,erm,42,89.56138888888889,63.07475280761719
mimic,erm,42,39.138333333333335,37.262451171875
mimic,erm,42,47.74972222222222,49.28533172607422
mimic,erm,42,91.26444444444444,50.86444091796875
mimic,erm,42,141.7311111111111,58.522010803222656
mimic,erm,42,61.60083333333333,56.982906341552734
mimic,erm,42,96.73055555555555,51.223670959472656
mimic,erm,42,354.61611111111114,51.50993347167969
mimic,erm,42,33.897222222222226,48.1589469909668
mimic,erm,42,56.99472222222222,50.14331817626953
mimic,erm,42,64.24472222222222,51.28837203979492
mimic,erm,42,30.56861111111111,51.252891540527344
mimic,erm,42,557.4391666666668,49.4205322265625
mimic,erm,42,53.285555555555554,54.703521728515625
mimic,erm,42,151.08749999999998,50.93907165527344
mimic,erm,42,27.91777777777778,43.16009521484375
mimic,erm,42,78.16527777777779,55.11940002441406
mimic,erm,42,256.4316666666667,51.41667175292969
mimic,erm,42,59.41027777777778,56.23204040527344
mimic,erm,42,38.83888888888889,34.49348068237305
mimic,erm,42,44.85611111111111,42.94460678100586
mimic,erm,42,167.95916666666668,52.2582893371582
mimic,erm,42,84.66527777777779,51.07576370239258
mimic,erm,42,36.533055555555556,50.10367965698242
mimic,erm,42,46.42916666666667,43.361881256103516
mimic,erm,42,37.969722222222224,48.066688537597656
mimic,erm,42,192.80027777777778,58.23067092895508
mimic,erm,42,59.770555555555546,51.8758659362793
mimic,erm,42,197.2475,52.30089569091797
mimic,erm,42,44.989999999999995,43.429466247558594
mimic,erm,42,31.250555555555557,45.67146682739258
mimic,erm,42,63.178611111111096,59.319366455078125
mimic,erm,42,49.83055555555555,51.427894592285156
mimic,erm,42,59.794999999999995,51.765045166015625
mimic,erm,42,52.26388888888889,61.40093231201172
mimic,erm,42,42.87166666666666,35.0745964050293
mimic,erm,42,50.86361111111111,51.269737243652344
mimic,erm,42,119.00166666666667,51.22459411621094
mimic,erm,42,86.72527777777778,60.9393310546875
mimic,erm,42,31.759999999999998,50.0992546081543
mimic,erm,42,40.62083333333334,48.039695739746094
mimic,erm,42,52.73194444444445,50.75944137573242
mimic,erm,42,25.12361111111111,24.182722091674805
mimic,erm,42,118.49416666666666,59.09529495239258
mimic,erm,42,554.5699999999999,51.34820556640625
mimic,erm,42,41.10027777777778,36.30138397216797
mimic,erm,42,43.37305555555555,52.474998474121094
mimic,erm,42,31.99972222222222,28.732040405273438
mimic,erm,42,28.072777777777777,37.500125885009766
mimic,erm,42,39.611111111111114,39.13502883911133
mimic,erm,42,56.42166666666667,56.30003356933594
mimic,erm,42,30.027222222222225,49.209774017333984
mimic,erm,42,286.91305555555556,55.97831344604492
mimic,erm,42,51.72888888888889,51.261165618896484
mimic,erm,42,24.77388888888889,50.5489501953125
mimic,erm,42,24.392777777777777,48.287960052490234
mimic,erm,42,75.70972222222224,49.813209533691406
mimic,erm,42,71.25722222222223,56.6711540222168
mimic,erm,42,27.116666666666667,50.20722579956055
mimic,erm,42,52.60388888888889,48.24872589111328
mimic,erm,42,27.158333333333324,52.297969818115234
mimic,erm,42,29.881388888888885,26.032581329345703
mimic,erm,42,47.067499999999995,48.49708938598633
mimic,erm,42,74.08555555555556,49.86738204956055
mimic,erm,42,69.26472222222223,52.44468688964844
mimic,erm,42,170.73916666666665,53.62419128417969
mimic,erm,42,27.805833333333332,48.06500244140625
mimic,erm,42,94.22666666666666,62.21141052246094
mimic,erm,42,43.844722222222224,47.49530029296875
mimic,erm,42,27.862222222222222,48.284141540527344
mimic,erm,42,105.89722222222224,58.54696273803711
mimic,erm,42,38.855,36.6566047668457
mimic,erm,42,188.1436111111111,51.595333099365234
mimic,erm,42,84.91333333333336,53.16120147705078
mimic,erm,42,29.434999999999995,52.74637985229492
mimic,erm,42,386.26388888888886,51.57415771484375
mimic,erm,42,54.32388888888889,52.02980041503906
mimic,erm,42,63.465555555555554,50.31637954711914
mimic,erm,42,268.3594444444444,50.216712951660156
mimic,erm,42,47.63861111111111,50.4904670715332
mimic,erm,42,43.50472222222223,42.740150451660156
mimic,erm,42,101.9136111111111,49.21149826049805
mimic,erm,42,101.08611111111111,43.444976806640625
mimic,erm,42,239.93944444444446,51.074100494384766
mimic,erm,42,103.62916666666666,53.79890441894531
mimic,erm,42,26.901944444444446,46.6612663269043
mimic,erm,42,60.18833333333333,63.382484436035156
mimic,erm,42,187.44138888888887,53.63523483276367
mimic,erm,42,131.85277777777776,52.195091247558594
mimic,erm,42,43.32194444444444,51.54164123535156
mimic,erm,42,47.97222222222223,49.34113311767578
mimic,erm,42,80.73305555555555,54.582557678222656
mimic,erm,42,49.38722222222222,51.819618225097656
mimic,erm,42,29.688611111111108,42.94870376586914
mimic,erm,42,31.262222222222213,49.250816345214844
mimic,erm,42,69.97972222222222,53.046024322509766
mimic,erm,42,27.759722222222223,36.3333625793457
mimic,erm,42,75.85277777777779,50.81536102294922
mimic,erm,42,142.3961111111111,52.46202087402344
mimic,erm,42,54.70555555555555,50.662574768066406
mimic,erm,42,233.7986111111111,60.507564544677734
mimic,erm,42,33.11222222222222,28.979909896850586
mimic,erm,42,61.097500000000004,55.50663375854492
mimic,erm,42,37.56777777777778,48.0162467956543
mimic,erm,42,50.62166666666667,48.890663146972656
mimic,erm,42,51.77611111111112,49.737186431884766
mimic,erm,42,67.70222222222222,48.24799728393555
mimic,erm,42,43.65277777777778,57.390403747558594
mimic,erm,42,46.47388888888889,51.648704528808594
mimic,erm,42,118.46166666666667,51.4351692199707
mimic,erm,42,32.905,40.72331237792969
mimic,erm,42,190.76333333333335,64.19044494628906
mimic,erm,42,136.55972222222223,51.285865783691406
mimic,erm,42,78.80305555555556,51.3408203125
mimic,erm,42,55.72694444444444,66.13641357421875
mimic,erm,42,28.845833333333324,47.24357604980469
mimic,erm,42,64.46111111111111,50.916141510009766
mimic,erm,42,45.86388888888889,41.80666732788086
mimic,erm,42,54.430833333333325,57.43989944458008
mimic,erm,42,138.63694444444445,58.618446350097656
mimic,erm,42,136.78583333333336,55.167293548583984
mimic,erm,42,52.16944444444445,55.8741340637207
mimic,erm,42,29.887777777777778,48.037940979003906
mimic,erm,42,66.51472222222222,51.75130844116211
mimic,erm,42,38.33749999999999,36.0942497253418
mimic,erm,42,89.48305555555555,50.88199234008789
mimic,erm,42,39.747499999999995,34.55491256713867
mimic,erm,42,383.2041666666666,60.313682556152344
mimic,erm,42,263.1788888888889,66.99344635009766
mimic,erm,42,36.42444444444445,34.497398376464844
mimic,erm,42,30.705555555555556,35.79136657714844
mimic,erm,42,52.8286111111111,52.59749221801758
mimic,erm,42,59.00972222222222,50.74726486206055
mimic,erm,42,42.416111111111114,40.425750732421875
mimic,erm,42,46.036111111111104,50.93617248535156
mimic,erm,42,50.01833333333333,50.05887222290039
mimic,erm,42,74.5411111111111,54.47931671142578
mimic,erm,42,43.30638888888889,47.88154983520508
mimic,erm,42,117.06666666666668,61.443138122558594
mimic,erm,42,64.18583333333333,51.22682189941406
mimic,erm,42,42.01833333333334,53.8426399230957
mimic,erm,42,85.66555555555556,52.07732391357422
mimic,erm,42,72.1225,53.038307189941406
mimic,erm,42,71.53055555555555,51.07546615600586
mimic,erm,42,67.29916666666666,62.84598159790039
mimic,erm,42,91.70972222222221,56.59360122680664
mimic,erm,42,44.28527777777778,51.9659538269043
mimic,erm,42,123.6577777777778,49.85337448120117
mimic,erm,42,57.87361111111112,52.44876480102539
mimic,erm,42,41.213611111111106,38.71766662597656
mimic,erm,42,28.968888888888884,50.686058044433594
mimic,erm,42,139.84333333333333,52.7071418762207
mimic,erm,42,42.98388888888889,42.801353454589844
mimic,erm,42,136.69666666666666,50.262367248535156
mimic,erm,42,91.62444444444445,57.10041809082031
mimic,erm,42,94.59944444444444,51.75145721435547
mimic,erm,42,61.720555555555556,52.32725524902344
mimic,erm,42,50.546388888888885,48.043155670166016
mimic,erm,42,64.90722222222222,52.1613655090332
mimic,erm,42,47.626111111111115,51.299217224121094
mimic,erm,42,206.4525,51.59174728393555
mimic,erm,42,51.045833333333334,49.98747634887695
mimic,erm,42,340.39916666666664,54.25008773803711
mimic,erm,42,35.79083333333334,45.413028717041016
mimic,erm,42,115.98277777777777,51.928409576416016
mimic,erm,42,47.92194444444445,50.69731903076172
mimic,erm,42,210.36611111111114,55.73196029663086
mimic,erm,42,26.096944444444446,45.63404846191406
mimic,erm,42,100.65472222222223,66.28778076171875
mimic,erm,42,56.1363888888889,51.36208724975586
mimic,erm,42,45.28555555555555,50.405513763427734
mimic,erm,42,26.4075,26.526254653930664
mimic,erm,42,41.14972222222222,47.84883499145508
mimic,erm,42,186.75305555555553,60.30961990356445
mimic,erm,42,29.059999999999995,47.364662170410156
mimic,erm,42,169.57972222222222,58.84856033325195
mimic,erm,42,148.05888888888887,54.123958587646484
mimic,erm,42,44.76472222222223,48.52153778076172
mimic,erm,42,77.13138888888889,51.106292724609375
mimic,erm,42,88.94416666666666,55.177738189697266
mimic,erm,42,76.88666666666666,49.39833450317383
mimic,erm,42,26.09583333333333,25.083438873291016
mimic,erm,42,281.8725,50.91225814819336
mimic,erm,42,36.50277777777778,46.84160232543945
mimic,erm,42,44.38055555555555,52.36373519897461
mimic,erm,42,46.88888888888889,48.42914962768555
mimic,erm,42,54.43555555555555,48.049964904785156
mimic,erm,42,95.44222222222223,59.89577102661133
mimic,erm,42,33.136944444444445,32.27756118774414
mimic,erm,42,24.607222222222227,44.129859924316406
mimic,erm,42,52.111111111111114,50.94097900390625
mimic,erm,42,147.4636111111111,50.91617965698242
mimic,erm,42,318.8194444444445,56.614532470703125
mimic,erm,42,70.34416666666667,51.3696174621582
mimic,erm,42,315.4713888888889,58.03738021850586
mimic,erm,42,55.11361111111111,49.18852996826172
mimic,erm,42,50.13972222222223,49.760162353515625
mimic,erm,42,49.32944444444444,52.200862884521484
mimic,erm,42,51.22277777777779,48.407894134521484
mimic,erm,42,127.18388888888887,47.44562911987305
mimic,erm,42,24.121944444444445,38.17521667480469
mimic,erm,42,84.42055555555555,53.85414505004883
mimic,erm,42,242.14777777777775,58.31647872924805
mimic,erm,42,50.542777777777786,51.4545783996582
mimic,erm,42,30.661388888888894,50.94981002807617
mimic,erm,42,40.89666666666666,39.28087615966797
mimic,erm,42,91.57638888888887,49.20122528076172
mimic,erm,42,38.61722222222222,47.92353439331055
mimic,erm,42,35.92111111111111,34.22752380371094
mimic,erm,42,45.765,50.28705978393555
mimic,erm,42,80.11416666666668,49.13536834716797
mimic,erm,42,303.25111111111113,50.3735466003418
mimic,erm,42,48.27194444444444,59.44020462036133
mimic,erm,42,94.96416666666667,50.812828063964844
mimic,erm,42,25.999166666666667,31.81460952758789
mimic,erm,42,24.396388888888886,49.9820671081543
mimic,erm,42,28.083611111111114,27.55963897705078
mimic,erm,42,30.700000000000003,48.196102142333984
mimic,erm,42,47.42305555555555,51.54070281982422
mimic,erm,42,32.0375,46.374244689941406
mimic,erm,42,51.34166666666666,43.49998474121094
mimic,erm,42,120.78527777777776,51.124778747558594
mimic,erm,42,136.0063888888889,57.81399917602539
mimic,erm,42,29.02777777777778,46.7293815612793
mimic,erm,42,79.80027777777778,46.91427993774414
mimic,erm,42,42.92027777777778,52.32074737548828
mimic,erm,42,56.23972222222223,49.62590026855469
mimic,erm,42,47.021944444444436,51.87520980834961
mimic,erm,42,95.02777777777779,55.821353912353516
mimic,erm,42,250.48861111111108,64.97930145263672
mimic,erm,42,94.62361111111112,49.06025314331055
mimic,erm,42,44.40472222222222,51.26066589355469
mimic,erm,42,296.0761111111111,59.07558059692383
mimic,erm,42,76.17249999999999,51.255531311035156
mimic,erm,42,40.3525,36.68632507324219
mimic,erm,42,36.54555555555555,37.038665771484375
mimic,erm,42,32.75333333333333,48.698883056640625
mimic,erm,42,103.44611111111112,68.22974395751953
mimic,erm,42,96.16083333333333,51.30656433105469
mimic,erm,42,127.54333333333332,55.24126052856445
mimic,erm,42,164.24805555555554,50.92520523071289
mimic,erm,42,89.1075,51.41313552856445
mimic,erm,42,62.24388888888889,49.55721664428711
mimic,erm,42,34.92166666666667,45.48448944091797
mimic,erm,42,25.996111111111116,41.10542678833008
mimic,erm,42,215.76555555555558,53.4176139831543
mimic,erm,42,50.31666666666666,51.25023651123047
mimic,erm,42,32.88194444444444,31.456249237060547
mimic,erm,42,26.876388888888886,48.523494720458984
mimic,erm,42,53.06361111111111,49.2761344909668
mimic,erm,42,26.65888888888889,42.99687576293945
mimic,erm,42,77.07305555555556,44.791831970214844
mimic,erm,42,99.42583333333334,51.409149169921875
mimic,erm,42,42.28944444444444,41.293914794921875
mimic,erm,42,70.24277777777779,51.07973861694336
mimic,erm,42,42.95388888888888,41.68131637573242
mimic,erm,42,107.50583333333333,49.301361083984375
mimic,erm,42,265.5058333333333,68.0241928100586
mimic,erm,42,37.772777777777776,34.30369186401367
mimic,erm,42,477.0244444444445,56.61747360229492
mimic,erm,42,116.21722222222223,52.60301208496094
mimic,erm,42,30.884444444444448,30.985820770263672
mimic,erm,42,57.195833333333326,48.17669677734375
mimic,erm,42,36.67944444444444,49.65925979614258
mimic,erm,42,44.093055555555566,49.2429313659668
mimic,erm,42,76.55722222222222,50.12281036376953
mimic,erm,42,136.43527777777777,50.772674560546875
mimic,erm,42,560.5894444444444,50.37245559692383
mimic,erm,42,86.29277777777779,53.92680358886719
mimic,erm,42,25.002499999999994,42.74465560913086
mimic,erm,42,29.92388888888889,46.60458755493164
mimic,erm,42,171.4925,49.79582977294922
mimic,erm,42,117.07138888888889,51.28206253051758
mimic,erm,42,68.08805555555556,54.74635696411133
mimic,erm,42,71.38361111111112,50.124820709228516
mimic,erm,42,29.03027777777778,58.87993240356445
mimic,erm,42,53.98138888888889,58.622310638427734
mimic,erm,42,26.629444444444445,50.97508239746094
mimic,erm,42,42.150555555555556,43.49424362182617
mimic,erm,42,27.465555555555557,38.44618225097656
mimic,erm,42,26.895,42.62831115722656
mimic,erm,42,31.319166666666668,49.25486373901367
mimic,erm,42,30.53027777777778,47.625328063964844
mimic,erm,42,49.325,52.35622787475586
mimic,erm,42,75.60999999999999,48.79571533203125
mimic,erm,42,38.25194444444445,35.74159622192383
mimic,erm,42,169.96833333333333,50.378997802734375
mimic,erm,42,634.4172222222222,57.14448547363281
mimic,erm,42,25.20388888888889,38.401092529296875
mimic,erm,42,24.626944444444447,41.142547607421875
mimic,erm,42,34.71083333333333,32.68104934692383
mimic,erm,42,42.23222222222222,51.36786651611328
mimic,erm,42,41.466944444444444,44.19931411743164
mimic,erm,42,45.58777777777778,42.485958099365234
mimic,erm,42,56.5113888888889,48.63579177856445
mimic,erm,42,50.08416666666666,54.041194915771484
mimic,erm,42,40.06416666666666,38.35560607910156
mimic,erm,42,67.75694444444444,59.6142692565918
mimic,erm,42,96.28972222222222,50.78744888305664
mimic,erm,42,144.34277777777777,55.889564514160156
mimic,erm,42,143.0677777777778,49.91592788696289
mimic,erm,42,82.51416666666667,53.49351501464844
mimic,erm,42,197.40305555555557,60.45693588256836
mimic,erm,42,137.69111111111113,54.64182662963867
mimic,erm,42,44.35000000000001,51.299503326416016
mimic,erm,42,228.91972222222222,51.063262939453125
mimic,erm,42,55.67444444444445,48.096553802490234
mimic,erm,42,39.10777777777778,35.77385330200195
mimic,erm,42,63.243333333333325,49.23875045776367
mimic,erm,42,82.22694444444446,53.836936950683594
mimic,erm,42,25.788333333333334,43.50731658935547
mimic,erm,42,29.269444444444446,48.390464782714844
mimic,erm,42,43.405,43.12809753417969
mimic,erm,42,114.9563888888889,56.91548156738281
mimic,erm,42,26.90916666666666,50.64183807373047
mimic,erm,42,79.30611111111111,53.14665222167969
mimic,erm,42,47.06722222222223,51.69401550292969
mimic,erm,42,52.93888888888888,51.368980407714844
mimic,erm,42,48.6725,48.49812698364258
mimic,erm,42,42.619166666666665,48.851261138916016
mimic,erm,42,34.855555555555554,50.6759033203125
mimic,erm,42,54.24166666666667,49.382164001464844
mimic,erm,42,121.82472222222222,52.0594596862793
mimic,erm,42,109.245,51.23313522338867
mimic,erm,42,30.005277777777778,46.77960205078125
mimic,erm,42,161.73694444444445,50.4942626953125
mimic,erm,42,109.76777777777778,48.527591705322266
mimic,erm,42,159.90527777777777,60.38064193725586
mimic,erm,42,46.662222222222226,49.192047119140625
mimic,erm,42,29.841388888888886,48.88467025756836
mimic,erm,42,154.1352777777778,59.62395095825195
mimic,erm,42,341.13750000000005,50.20771408081055
mimic,erm,42,26.415555555555564,48.74778747558594
mimic,erm,42,99.22305555555556,56.37062454223633
mimic,erm,42,89.91138888888887,50.41203308105469
mimic,erm,42,41.320277777777775,45.39386749267578
mimic,erm,42,24.040555555555557,38.21505355834961
mimic,erm,42,69.08833333333334,50.14846420288086
mimic,erm,42,200.84472222222223,57.4245491027832
mimic,erm,42,53.17055555555555,49.399356842041016
mimic,erm,42,177.94111111111113,50.05881118774414
mimic,erm,42,353.4169444444445,53.24018478393555
mimic,erm,42,78.69722222222222,49.5870246887207
mimic,erm,42,28.0775,52.845741271972656
mimic,erm,42,81.86250000000001,56.698219299316406
mimic,erm,42,39.684444444444445,37.15949630737305
mimic,erm,42,30.47888888888889,46.404624938964844
mimic,erm,42,26.65694444444444,23.832983016967773
mimic,erm,42,26.617222222222217,26.51423454284668
mimic,erm,42,55.68361111111111,50.26104736328125
mimic,erm,42,163.40972222222223,56.53277587890625
mimic,erm,42,31.301111111111112,39.32639694213867
mimic,erm,42,94.3075,63.17902374267578
mimic,erm,42,136.52805555555557,60.69599914550781
mimic,erm,42,56.10666666666667,51.75630187988281
mimic,erm,42,64.45944444444444,57.75846862792969
mimic,erm,42,44.19361111111111,51.652896881103516
mimic,erm,42,120.02527777777777,61.190147399902344
mimic,erm,42,223.76944444444445,51.455326080322266
mimic,erm,42,246.20527777777778,48.34321975708008
mimic,erm,42,33.48444444444445,49.2269172668457
mimic,erm,42,24.005555555555553,49.39922332763672
mimic,erm,42,76.76555555555555,50.76595687866211
mimic,erm,42,36.27111111111111,35.66859436035156
mimic,erm,42,92.64416666666666,54.933326721191406
mimic,erm,42,36.943333333333335,45.8677864074707
mimic,erm,42,92.92527777777778,50.96984100341797
mimic,erm,42,36.4,33.76124572753906
mimic,erm,42,61.060833333333335,55.85840606689453
mimic,erm,42,40.989444444444445,54.47566604614258
mimic,erm,42,160.9638888888889,49.841495513916016
mimic,erm,42,69.86944444444444,50.918617248535156
mimic,erm,42,25.28194444444445,40.92266845703125
mimic,erm,42,541.4283333333334,49.71552658081055
mimic,erm,42,316.0566666666667,54.5495719909668
mimic,erm,42,141.69166666666666,51.37150192260742
mimic,erm,42,26.499722222222225,48.58498001098633
mimic,erm,42,24.021388888888886,36.58903121948242
mimic,erm,42,25.84416666666667,40.63420867919922
mimic,erm,42,289.8902777777778,58.26264953613281
mimic,erm,42,53.114999999999995,32.02479553222656
mimic,erm,42,570.8974999999999,60.20408630371094
mimic,erm,42,262.1336111111111,53.08129119873047
mimic,erm,42,40.206944444444446,37.87373733520508
mimic,erm,42,28.99972222222222,51.17667770385742
mimic,erm,42,43.951944444444436,42.69996643066406
mimic,erm,42,44.95777777777778,61.57395935058594
mimic,erm,42,90.67972222222224,55.72368240356445
mimic,erm,42,196.67916666666667,51.99333953857422
mimic,erm,42,39.37,38.756309509277344
mimic,erm,42,74.5411111111111,50.10872268676758
mimic,erm,42,43.56444444444443,58.41470718383789
mimic,erm,42,27.887222222222213,45.780818939208984
mimic,erm,42,75.52999999999999,48.98329162597656
mimic,erm,42,29.7725,47.80575180053711
mimic,erm,42,72.13555555555556,48.95917892456055
mimic,erm,42,60.491944444444435,50.2353515625
mimic,erm,42,25.189722222222223,48.85059356689453
mimic,erm,42,298.95166666666665,52.534889221191406
mimic,erm,42,688.0413888888888,59.74470520019531
mimic,erm,42,97.05666666666667,49.667823791503906
mimic,erm,42,26.814722222222215,37.869693756103516
mimic,erm,42,101.22111111111111,52.3045539855957
mimic,erm,42,75.52027777777778,50.27793884277344
mimic,erm,42,81.69555555555556,55.21562957763672
mimic,erm,42,67.10416666666666,48.85212707519531
mimic,erm,42,56.68222222222222,51.671504974365234
mimic,erm,42,26.90361111111111,46.09463119506836
mimic,erm,42,236.60638888888883,49.34326934814453
mimic,erm,42,72.4575,56.501182556152344
mimic,erm,42,144.6175,49.22002029418945
mimic,erm,42,71.00472222222223,53.56272888183594
mimic,erm,42,31.016666666666666,40.0019645690918
mimic,erm,42,30.267222222222223,48.090232849121094
mimic,erm,42,206.06055555555557,57.39588928222656
mimic,erm,42,317.15222222222224,51.22795486450195
mimic,erm,42,80.58166666666668,64.42527770996094
mimic,erm,42,28.598333333333333,52.901344299316406
mimic,erm,42,293.0494444444445,48.21672821044922
mimic,erm,42,47.2,52.49552536010742
mimic,erm,42,28.928333333333327,34.42427444458008
mimic,erm,42,36.44916666666666,46.368553161621094
mimic,erm,42,36.543055555555554,47.582847595214844
mimic,erm,42,118.10027777777779,51.47013473510742
mimic,erm,42,49.726666666666674,48.16960144042969
mimic,erm,42,25.197222222222223,49.690853118896484
mimic,erm,42,27.21555555555556,53.53786087036133
mimic,erm,42,82.51694444444445,55.98545837402344
mimic,erm,42,116.17722222222221,51.95039749145508
mimic,erm,42,43.12916666666666,38.58145523071289
mimic,erm,42,539.4258333333333,54.076873779296875
mimic,erm,42,61.562222222222225,57.41460418701172
mimic,erm,42,93.42722222222223,51.376670837402344
mimic,erm,42,29.043888888888887,51.24290084838867
mimic,erm,42,196.02194444444444,51.563167572021484
mimic,erm,42,118.73666666666668,51.50697708129883
mimic,erm,42,33.27388888888889,32.67743682861328
mimic,erm,42,98.75083333333333,51.19302749633789
mimic,erm,42,39.32944444444445,39.04985427856445
mimic,erm,42,25.446944444444448,50.97752380371094
mimic,erm,42,107.23666666666666,50.71660232543945
mimic,erm,42,57.716111111111104,51.12015914916992
mimic,erm,42,225.28555555555556,56.975303649902344
mimic,erm,42,485.7172222222222,49.81282424926758
mimic,erm,42,46.51083333333333,50.728885650634766
mimic,erm,42,36.01833333333334,47.21623229980469
mimic,erm,42,34.008611111111115,45.50636291503906
mimic,erm,42,75.34777777777778,57.582359313964844
mimic,erm,42,72.31583333333333,49.001827239990234
mimic,erm,42,43.34805555555555,42.449527740478516
mimic,erm,42,35.42611111111111,33.3127326965332
mimic,erm,42,25.41583333333333,39.72947692871094
mimic,erm,42,546.9772222222223,64.16091918945312
mimic,erm,42,46.363333333333344,51.67474365234375
mimic,erm,42,80.00416666666666,50.33898162841797
mimic,erm,42,33.471666666666664,31.75029754638672
mimic,erm,42,25.156111111111112,44.577518463134766
mimic,erm,42,24.679999999999993,40.072261810302734
mimic,erm,42,161.11944444444444,47.96980667114258
mimic,erm,42,29.036666666666665,50.81096267700195
mimic,erm,42,86.18444444444444,55.595726013183594
mimic,erm,42,44.488333333333344,52.28154373168945
mimic,erm,42,282.92527777777775,59.66145706176758
mimic,erm,42,46.86277777777778,54.17628860473633
mimic,erm,42,43.845555555555556,50.411827087402344
mimic,erm,42,30.603888888888886,27.99736976623535
mimic,erm,42,68.56472222222222,56.184791564941406
mimic,erm,42,83.04444444444444,51.014244079589844
mimic,erm,42,211.84527777777777,54.74818801879883
mimic,erm,42,29.299166666666665,43.670841217041016
mimic,erm,42,90.35611111111112,51.42984390258789
mimic,erm,42,104.00638888888888,52.844085693359375
mimic,erm,42,180.79527777777778,58.87685012817383
mimic,erm,42,489.7966666666666,63.44459533691406
mimic,erm,42,117.64527777777778,55.93656921386719
mimic,erm,42,29.509166666666665,29.94342041015625
mimic,erm,42,179.8113888888889,57.10341262817383
mimic,erm,42,45.88333333333333,50.47295379638672
mimic,erm,42,232.70499999999998,49.47252655029297
mimic,erm,42,35.63333333333334,46.88051223754883
mimic,erm,42,337.2969444444444,57.834617614746094
mimic,erm,42,549.27,52.55516052246094
mimic,erm,42,77.42138888888888,50.316673278808594
mimic,erm,42,54.716944444444444,49.44899368286133
mimic,erm,42,42.5975,45.39903259277344
mimic,erm,42,41.30722222222222,36.40496063232422
mimic,erm,42,99.04805555555556,52.348976135253906
mimic,erm,42,394.69888888888886,51.40642547607422
mimic,erm,42,36.51888888888889,33.44026184082031
mimic,erm,42,55.57944444444445,58.63621520996094
mimic,erm,42,142.8913888888889,48.11802673339844
mimic,erm,42,53.81111111111111,58.24174499511719
mimic,erm,42,191.62194444444447,52.12961196899414
mimic,erm,42,37.70027777777777,29.43634605407715
mimic,erm,42,35.216944444444444,31.86648941040039
mimic,erm,42,270.01194444444445,61.8256950378418
mimic,erm,42,61.435833333333335,51.4257698059082
mimic,erm,42,66.32388888888889,55.4849739074707
mimic,erm,42,90.84222222222223,62.549808502197266
mimic,erm,42,43.37805555555555,40.80510330200195
mimic,erm,42,34.06666666666667,33.32609558105469
mimic,erm,42,29.176666666666666,49.29961013793945
mimic,erm,42,147.19194444444446,56.84309005737305
mimic,erm,42,54.46527777777777,49.89088821411133
mimic,erm,42,25.875277777777775,39.03148651123047
mimic,erm,42,240.4488888888889,49.654090881347656
mimic,erm,42,69.35749999999999,49.89451599121094
mimic,erm,42,31.48694444444444,51.17041015625
mimic,erm,42,91.05555555555556,51.93426513671875
mimic,erm,42,102.19583333333335,60.227848052978516
mimic,erm,42,74.36666666666666,50.69993209838867
mimic,erm,42,97.68472222222222,51.32926559448242
mimic,erm,42,31.174722222222226,38.98755645751953
mimic,erm,42,98.9238888888889,49.37077713012695
mimic,erm,42,30.0925,51.3050422668457
mimic,erm,42,98.8852777777778,64.79145812988281
mimic,erm,42,28.259722222222223,22.831066131591797
mimic,erm,42,115.16222222222223,57.81461715698242
mimic,erm,42,38.87777777777778,35.868507385253906
mimic,erm,42,42.776666666666664,50.1967887878418
mimic,erm,42,27.655,51.50138473510742
mimic,erm,42,49.76583333333333,60.6451530456543
mimic,erm,42,302.52416666666664,61.66210174560547
mimic,erm,42,28.073611111111113,50.034446716308594
mimic,erm,42,218.7525,51.55607604980469
mimic,erm,42,49.0886111111111,49.90323257446289
mimic,erm,42,106.35138888888889,53.0654182434082
mimic,erm,42,28.121388888888887,43.66971969604492
mimic,erm,42,37.80638888888888,48.25611114501953
mimic,erm,42,28.004166666666666,41.519248962402344
mimic,erm,42,170.2713888888889,63.050254821777344
mimic,erm,42,44.80138888888889,51.20456314086914
mimic,erm,42,33.54611111111112,43.93480682373047
mimic,erm,42,1220.641111111111,56.21632385253906
mimic,erm,42,205.13333333333333,58.847049713134766
mimic,erm,42,70.14527777777778,52.14665222167969
mimic,erm,42,81.28999999999999,55.10160827636719
mimic,erm,42,26.90777777777777,36.893333435058594
mimic,erm,42,59.733333333333334,48.98384094238281
mimic,erm,42,63.1402777777778,51.27474594116211
mimic,erm,42,33.5325,32.92652130126953
mimic,erm,42,50.126666666666665,51.42915725708008
mimic,erm,42,36.62583333333333,33.5558967590332
mimic,erm,42,28.492222222222217,49.62514877319336
mimic,erm,42,49.273333333333326,48.935218811035156
mimic,erm,42,122.39916666666667,49.86123275756836
mimic,erm,42,26.61333333333333,36.02029800415039
mimic,erm,42,61.66944444444444,51.99412155151367
mimic,erm,42,53.47,51.36569595336914
mimic,erm,42,45.1263888888889,40.778141021728516
mimic,erm,42,260.8358333333333,68.17845916748047
mimic,erm,42,101.19416666666666,50.3845100402832
mimic,erm,42,77.06194444444445,49.5146598815918
mimic,erm,42,162.70916666666668,51.10700988769531
mimic,erm,42,90.81333333333333,51.76298141479492
mimic,erm,42,47.07805555555555,49.78524398803711
mimic,erm,42,570.1569444444444,52.279727935791016
mimic,erm,42,45.18444444444444,53.48444747924805
mimic,erm,42,68.59,51.932865142822266
mimic,erm,42,74.03611111111111,56.193599700927734
mimic,erm,42,116.67277777777778,54.13426208496094
mimic,erm,42,95.69472222222221,51.429969787597656
mimic,erm,42,398.3758333333334,56.51829147338867
mimic,erm,42,692.3855555555556,43.299861907958984
mimic,erm,42,54.30833333333334,55.145442962646484
mimic,erm,42,116.94638888888889,50.273048400878906
mimic,erm,42,152.3022222222222,49.323673248291016
mimic,erm,42,109.47749999999999,53.94047927856445
mimic,erm,42,89.28027777777777,50.126590728759766
mimic,erm,42,223.1152777777778,56.182640075683594
mimic,erm,42,34.463611111111106,32.89653396606445
mimic,erm,42,74.31472222222223,57.57389450073242
mimic,erm,42,63.11638888888889,62.32940673828125
mimic,erm,42,73.82583333333332,51.2637939453125
mimic,erm,42,34.140277777777776,32.99977111816406
mimic,erm,42,89.05999999999999,50.60232925415039
mimic,erm,42,47.94861111111111,49.66195297241211
mimic,erm,42,26.393611111111113,48.143550872802734
mimic,erm,42,34.764444444444436,35.03756332397461
mimic,erm,42,54.47583333333333,51.224246978759766
mimic,erm,42,68.97333333333333,51.861167907714844
mimic,erm,42,44.71722222222223,42.532989501953125
mimic,erm,42,25.04416666666667,25.053295135498047
mimic,erm,42,78.41861111111112,54.450279235839844
mimic,erm,42,42.723333333333336,42.09406661987305
mimic,erm,42,43.70722222222222,42.874778747558594
mimic,erm,42,82.79861111111111,49.69399642944336
mimic,erm,42,77.36611111111111,43.47217559814453
mimic,erm,42,83.44527777777778,56.23122024536133
mimic,erm,42,220.17222222222222,52.63988494873047
mimic,erm,42,45.04166666666667,42.962642669677734
mimic,erm,42,25.09361111111111,35.77616882324219
mimic,erm,42,119.04194444444445,58.42935562133789
mimic,erm,42,49.464166666666664,50.832881927490234
mimic,erm,42,64.02805555555555,49.51441955566406
mimic,erm,42,29.33138888888889,49.25271987915039
mimic,erm,42,44.156388888888884,50.8729133605957
mimic,erm,42,138.28416666666666,52.31085968017578
mimic,erm,42,27.248333333333342,49.53151321411133
mimic,erm,42,101.14138888888888,51.196834564208984
mimic,erm,42,108.22333333333333,54.36562728881836
mimic,erm,42,88.40527777777778,51.3531494140625
mimic,erm,42,136.07999999999998,51.008365631103516
mimic,erm,42,25.049999999999997,25.4223690032959
mimic,erm,42,62.156666666666666,50.06019973754883
mimic,erm,42,71.85361111111112,51.03406524658203
mimic,erm,42,33.304722222222225,35.75184631347656
mimic,erm,42,84.50444444444445,57.833831787109375
mimic,erm,42,95.19611111111112,63.86473846435547
mimic,erm,42,71.40694444444445,64.90251922607422
mimic,erm,42,315.03583333333336,51.891475677490234
mimic,erm,42,28.76555555555555,28.920848846435547
mimic,erm,42,143.97916666666669,49.53328323364258
mimic,erm,42,135.08944444444444,54.5654411315918
mimic,erm,42,178.5911111111111,56.12388229370117
mimic,erm,42,39.87833333333333,35.979331970214844
mimic,erm,42,115.93555555555555,56.93760681152344
mimic,erm,42,204.98000000000002,49.58046340942383
mimic,erm,42,74.29805555555555,52.884422302246094
mimic,erm,42,55.91083333333334,48.857975006103516
mimic,erm,42,40.83222222222223,39.37364196777344
mimic,erm,42,307.7994444444445,60.74605941772461
mimic,erm,42,82.12916666666666,54.125953674316406
mimic,erm,42,377.6933333333333,55.08090591430664
mimic,erm,42,30.376944444444444,51.37547302246094
mimic,erm,42,65.56583333333333,50.83694839477539
mimic,erm,42,37.290277777777774,33.853553771972656
mimic,erm,42,54.083333333333336,50.88039779663086
mimic,erm,42,98.4325,51.44632339477539
mimic,erm,42,124.32166666666666,51.473426818847656
mimic,erm,42,41.155833333333334,46.82130432128906
mimic,erm,42,61.884166666666665,57.3634033203125
mimic,erm,42,54.784444444444446,50.7152214050293
mimic,erm,42,371.18083333333334,55.48777389526367
mimic,erm,42,118.56583333333333,50.972900390625
mimic,erm,42,766.3211111111111,56.049896240234375
mimic,erm,42,104.28777777777776,50.018157958984375
mimic,erm,42,494.71277777777783,66.05604553222656
mimic,erm,42,327.8313888888889,50.17885971069336
mimic,erm,42,29.79361111111111,29.107891082763672
mimic,erm,42,81.15777777777778,52.17836380004883
mimic,erm,42,53.01111111111111,48.30744552612305
mimic,erm,42,103.00777777777779,50.64646530151367
mimic,erm,42,136.7602777777778,50.11418151855469
mimic,erm,42,34.279444444444444,47.29077911376953
mimic,erm,42,41.340833333333336,40.74831008911133
mimic,erm,42,27.08833333333334,49.813987731933594
mimic,erm,42,98.875,49.3460693359375
mimic,erm,42,38.16611111111111,35.536739349365234
mimic,erm,42,70.69027777777778,50.35903549194336
mimic,erm,42,61.86055555555556,60.80503463745117
mimic,erm,42,47.07083333333334,39.04206085205078
mimic,erm,42,98.4075,57.16367721557617
mimic,erm,42,43.615833333333335,42.53012466430664
mimic,erm,42,59.97277777777778,57.26266098022461
mimic,erm,42,287.13777777777784,62.60395431518555
mimic,erm,42,260.69972222222225,50.894832611083984
mimic,erm,42,97.44916666666666,50.560848236083984
mimic,erm,42,26.472499999999997,48.29973602294922
mimic,erm,42,46.05027777777778,42.87504959106445
mimic,erm,42,71.5777777777778,54.987815856933594
mimic,erm,42,75.88277777777778,49.32809066772461
mimic,erm,42,24.788611111111116,23.38809585571289
mimic,erm,42,24.541666666666664,24.63517951965332
mimic,erm,42,24.02777777777778,36.91880798339844
mimic,erm,42,207.74333333333334,48.78047561645508
mimic,erm,42,55.208333333333336,51.87342071533203
mimic,erm,42,274.24527777777786,61.69160079956055
mimic,erm,42,62.56777777777778,51.11985778808594
mimic,erm,42,50.00611111111111,49.43388748168945
mimic,erm,42,49.020833333333336,51.828433990478516
mimic,erm,42,101.09833333333333,49.41176986694336
mimic,erm,42,29.76611111111111,34.28876876831055
mimic,erm,42,319.4197222222222,55.22053527832031
mimic,erm,42,187.06194444444446,53.29628372192383
mimic,erm,42,96.53805555555556,51.23369598388672
mimic,erm,42,140.07722222222222,50.5418586730957
mimic,erm,42,33.88194444444444,36.558773040771484
mimic,erm,42,87.78027777777777,50.54861831665039
mimic,erm,42,71.12555555555555,53.20682907104492
mimic,erm,42,222.19305555555556,51.74016571044922
mimic,erm,42,30.788611111111116,28.181922912597656
mimic,erm,42,56.552777777777784,50.507118225097656
mimic,erm,42,86.35277777777779,55.4333381652832
mimic,erm,42,39.83361111111111,39.716739654541016
mimic,erm,42,80.41305555555554,44.824684143066406
mimic,erm,42,76.53555555555556,55.909751892089844
mimic,erm,42,102.33055555555556,52.787654876708984
mimic,erm,42,41.276666666666664,37.07870101928711
mimic,erm,42,66.96555555555557,49.509857177734375
mimic,erm,42,27.519722222222228,44.003543853759766
mimic,erm,42,26.128055555555555,34.95861053466797
mimic,erm,42,360.33888888888896,51.16035842895508
mimic,erm,42,39.725,37.143287658691406
mimic,erm,42,187.5822222222222,57.9411506652832
mimic,erm,42,46.443333333333335,51.003257751464844
mimic,erm,42,56.18444444444444,51.415496826171875
mimic,erm,42,48.56027777777777,64.95020294189453
mimic,erm,42,36.56055555555555,32.76962661743164
mimic,erm,42,98.04333333333335,50.71275329589844
mimic,erm,42,99.12777777777777,51.296024322509766
mimic,erm,42,41.825833333333335,41.26095199584961
mimic,erm,42,45.58416666666666,50.826011657714844
mimic,erm,42,28.32111111111111,48.766754150390625
mimic,erm,42,96.92083333333335,55.55256652832031
mimic,erm,42,232.76083333333332,63.69355010986328
mimic,erm,42,70.67527777777778,48.2786750793457
mimic,erm,42,30.13972222222222,28.202713012695312
mimic,erm,42,31.43888888888889,49.66691589355469
mimic,erm,42,24.075000000000003,30.224084854125977
mimic,erm,42,101.4625,51.26553726196289
mimic,erm,42,50.94555555555556,50.07483673095703
mimic,erm,42,28.54888888888889,50.13619613647461
mimic,erm,42,268.4197222222222,53.058406829833984
mimic,erm,42,218.85194444444443,50.38554000854492
mimic,erm,42,517.5422222222222,51.62569046020508
mimic,erm,42,96.82333333333335,53.34609603881836
mimic,erm,42,175.95305555555555,63.08245086669922
mimic,erm,42,28.468888888888888,51.55630111694336
mimic,erm,42,47.52222222222221,47.21604537963867
mimic,erm,42,31.600833333333334,31.195919036865234
mimic,erm,42,82.15361111111112,52.268028259277344
mimic,erm,42,72.24,48.57291030883789
mimic,erm,42,33.412499999999994,47.064476013183594
mimic,erm,42,169.36944444444444,51.693145751953125
mimic,erm,42,37.83416666666667,36.03571319580078
mimic,erm,42,47.42916666666666,50.208839416503906
mimic,erm,42,185.4325,56.081459045410156
mimic,erm,42,313.04083333333335,54.7348747253418
mimic,erm,42,80.25194444444445,49.49970626831055
mimic,erm,42,88.33000000000001,49.55842208862305
mimic,erm,42,89.1086111111111,50.89175033569336
mimic,erm,42,214.19694444444445,61.863426208496094
mimic,erm,42,39.969166666666666,36.85784149169922
mimic,erm,42,51.40111111111112,50.987884521484375
mimic,erm,42,27.717499999999998,50.52585983276367
mimic,erm,42,125.58138888888888,50.41291809082031
mimic,erm,42,45.98527777777778,50.59226608276367
mimic,erm,42,476.6561111111111,52.7073860168457
mimic,erm,42,28.889166666666668,43.09149169921875
mimic,erm,42,191.32055555555553,58.709999084472656
mimic,erm,42,63.08388888888889,49.431434631347656
mimic,erm,42,44.04194444444444,42.57067108154297
mimic,erm,42,102.0736111111111,44.90273666381836
mimic,erm,42,49.76,50.97801971435547
mimic,erm,42,74.30833333333335,52.305850982666016
mimic,erm,42,71.99833333333335,50.07303237915039
mimic,erm,42,39.73972222222222,38.05625534057617
mimic,erm,42,79.8775,51.04981994628906
mimic,erm,42,43.005833333333335,51.096736907958984
mimic,erm,42,50.68000000000001,50.858802795410156
mimic,erm,42,55.94916666666667,50.61513900756836
mimic,erm,42,42.555,42.79249954223633
mimic,erm,42,35.816944444444445,48.005088806152344
mimic,erm,42,45.18555555555555,52.59649658203125
mimic,erm,42,41.1425,32.578948974609375
mimic,erm,42,41.0225,38.358551025390625
mimic,erm,42,39.551944444444445,37.44646453857422
mimic,erm,42,24.285555555555554,25.1536808013916
mimic,erm,42,479.6441666666667,52.203311920166016
mimic,erm,42,163.0077777777778,64.33841705322266
mimic,erm,42,54.16416666666666,49.6287841796875
mimic,erm,42,40.391111111111115,39.270591735839844
mimic,erm,42,34.26583333333333,34.23816680908203
mimic,erm,42,24.564166666666665,52.36408996582031
mimic,erm,42,53.58527777777779,46.92683792114258
mimic,erm,42,50.55972222222222,58.26954650878906
mimic,erm,42,88.27305555555556,49.02582931518555
mimic,erm,42,49.829166666666666,61.83028030395508
mimic,erm,42,123.39722222222221,50.2393684387207
mimic,erm,42,47.07555555555556,52.431793212890625
mimic,erm,42,52.84583333333333,53.81377410888672
mimic,erm,42,42.1425,43.26051330566406
mimic,erm,42,750.6902777777777,49.132022857666016
mimic,erm,42,51.5475,52.969974517822266
mimic,erm,42,37.82527777777777,45.554107666015625
mimic,erm,42,39.218333333333334,38.652191162109375
mimic,erm,42,94.76305555555555,59.71768569946289
mimic,erm,42,67.37194444444444,54.92724609375
mimic,erm,42,25.028055555555557,49.62954330444336
mimic,erm,42,170.33888888888887,52.49408721923828
mimic,erm,42,250.95388888888888,55.55709457397461
mimic,erm,42,63.73555555555556,52.96369552612305
mimic,erm,42,380.40749999999997,51.237483978271484
mimic,erm,42,73.23305555555555,55.158721923828125
mimic,erm,42,74.26861111111111,49.21039581298828
mimic,erm,42,59.045277777777784,49.53857421875
mimic,erm,42,156.1822222222222,45.020206451416016
mimic,erm,42,88.30888888888889,57.221641540527344
mimic,erm,42,72.11222222222221,49.31129455566406
mimic,erm,42,28.238333333333337,42.6275520324707
mimic,erm,42,93.0311111111111,66.81144714355469
mimic,erm,42,28.95638888888889,38.23745346069336
mimic,erm,42,46.56388888888888,54.20037078857422
mimic,erm,42,30.8425,50.17540740966797
mimic,erm,42,52.55444444444444,49.57942581176758
mimic,erm,42,243.3436111111111,52.10357666015625
mimic,erm,42,50.752222222222215,49.17937469482422
mimic,erm,42,91.01249999999999,52.17936706542969
mimic,erm,42,80.75277777777778,50.72577667236328
mimic,erm,42,31.759166666666665,49.40929412841797
mimic,erm,42,34.76555555555555,35.791561126708984
mimic,erm,42,91.4036111111111,58.811214447021484
mimic,erm,42,269.85361111111115,60.98199462890625
mimic,erm,42,193.06083333333333,51.107261657714844
mimic,erm,42,45.2675,51.42047119140625
mimic,erm,42,51.161944444444444,60.95250701904297
mimic,erm,42,71.37361111111112,51.61294174194336
mimic,erm,42,107.54611111111112,57.386531829833984
mimic,erm,42,131.86944444444444,44.346065521240234
mimic,erm,42,55.621666666666684,48.88206481933594
mimic,erm,42,287.9111111111111,50.31110763549805
mimic,erm,42,112.87194444444444,50.41924285888672
mimic,erm,42,66.37916666666666,52.2274055480957
mimic,erm,42,97.17416666666668,60.01494216918945
mimic,erm,42,26.455000000000005,49.99946594238281
mimic,erm,42,148.22805555555556,48.59611511230469
mimic,erm,42,216.70583333333337,58.629249572753906
mimic,erm,42,294.24611111111113,44.802268981933594
mimic,erm,42,65.55666666666667,51.34588623046875
mimic,erm,42,205.76888888888888,59.714820861816406
mimic,erm,42,137.83277777777778,54.038333892822266
mimic,erm,42,41.044444444444444,39.48693084716797
mimic,erm,42,47.279444444444444,46.896942138671875
mimic,erm,42,26.320277777777775,48.88493347167969
mimic,erm,42,38.12055555555556,34.67655944824219
mimic,erm,42,126.5591666666667,50.34921646118164
mimic,erm,42,40.48444444444444,43.72874069213867
mimic,erm,42,32.27194444444444,49.845458984375
mimic,erm,42,53.80027777777777,49.54314041137695
mimic,erm,42,468.42777777777786,50.40640640258789
mimic,erm,42,172.0425,55.472530364990234
mimic,erm,42,336.1258333333334,51.53773498535156
mimic,erm,42,73.42138888888888,62.53971862792969
mimic,erm,42,25.79944444444445,38.182167053222656
mimic,erm,42,81.67916666666666,51.30142593383789
mimic,erm,42,28.565277777777776,26.320262908935547
mimic,erm,42,50.74277777777779,50.520172119140625
mimic,erm,42,31.335833333333333,29.2371826171875
mimic,erm,42,48.449999999999996,64.74090576171875
mimic,erm,42,37.12,45.13713073730469
mimic,erm,42,25.461388888888884,38.21818542480469
mimic,erm,42,167.1161111111111,52.78219223022461
mimic,erm,42,48.67277777777778,44.034305572509766
mimic,erm,42,114.51833333333332,51.1358528137207
mimic,erm,42,39.57083333333334,38.004154205322266
mimic,erm,42,128.23194444444445,49.716094970703125
mimic,erm,42,80.51527777777778,57.193138122558594
mimic,erm,42,53.42111111111112,47.95241165161133
mimic,erm,42,77.74055555555556,53.97237014770508
mimic,erm,42,39.06583333333334,47.59992218017578
mimic,erm,42,126.33666666666667,49.29229736328125
mimic,erm,42,53.54083333333334,53.08452606201172
mimic,erm,42,60.185555555555545,52.09995651245117
mimic,erm,42,63.56277777777778,58.07516860961914
mimic,erm,42,77.35333333333334,47.502906799316406
mimic,erm,42,36.51305555555555,33.52629089355469
mimic,erm,42,57.973055555555554,52.49246597290039
mimic,erm,42,27.488611111111112,51.141883850097656
mimic,erm,42,28.901111111111113,42.87264633178711
mimic,erm,42,106.60555555555555,46.07938766479492
mimic,erm,42,96.14722222222224,48.75749969482422
mimic,erm,42,69.32166666666667,61.85347366333008
mimic,erm,42,49.89638888888889,49.55244445800781
mimic,erm,42,179.91583333333335,47.89667892456055
mimic,erm,42,48.251111111111115,52.328704833984375
mimic,erm,42,60.85166666666667,51.83997344970703
mimic,erm,42,54.12444444444445,51.808414459228516
mimic,erm,42,45.918055555555554,51.52032470703125
mimic,erm,42,44.78194444444445,50.64265060424805
mimic,erm,42,65.95805555555555,50.790462493896484
mimic,erm,42,87.58305555555556,55.65772247314453
mimic,erm,42,46.318055555555546,42.2821044921875
mimic,erm,42,229.10944444444445,56.23365020751953
mimic,erm,42,34.41583333333333,46.52539825439453
mimic,erm,42,98.03722222222223,59.24216079711914
mimic,erm,42,97.61861111111111,60.92970275878906
mimic,erm,42,52.00694444444444,51.85611343383789
mimic,erm,42,63.36,51.76976013183594
mimic,erm,42,435.00694444444446,58.229881286621094
mimic,erm,42,117.4736111111111,53.310707092285156
mimic,erm,42,150.10583333333335,49.9940185546875
mimic,erm,42,73.33083333333333,51.92607498168945
mimic,erm,42,176.0402777777778,54.38738250732422
mimic,erm,42,126.95305555555555,54.716060638427734
mimic,erm,42,228.45888888888888,49.751197814941406
mimic,erm,42,34.564166666666665,42.873146057128906
mimic,erm,42,38.76472222222222,44.53166580200195
mimic,erm,42,53.939166666666665,50.50836944580078
mimic,erm,42,114.97166666666666,48.99620056152344
mimic,erm,42,27.815555555555555,48.47003936767578
mimic,erm,42,40.571666666666665,37.55397033691406
mimic,erm,42,72.25666666666666,61.13394546508789
mimic,erm,42,95.57805555555555,51.485538482666016
mimic,erm,42,51.42388888888889,49.81496810913086
mimic,erm,42,36.4225,34.72804260253906
mimic,erm,42,28.60333333333333,50.83985137939453
mimic,erm,42,38.31805555555556,34.10810852050781
mimic,erm,42,76.27166666666668,51.37135314941406
mimic,erm,42,78.84444444444445,55.64848327636719
mimic,erm,42,85.18805555555555,49.85542297363281
mimic,erm,42,104.55805555555557,45.109947204589844
mimic,erm,42,176.11777777777777,42.761531829833984
mimic,erm,42,105.95611111111111,54.7829704284668
mimic,erm,42,253.39944444444438,51.04148483276367
mimic,erm,42,78.03777777777778,56.79983139038086
mimic,erm,42,44.977222222222224,49.86787796020508
mimic,erm,42,29.661944444444444,28.055578231811523
mimic,erm,42,29.50472222222222,29.97820281982422
mimic,erm,42,50.77638888888889,49.46131134033203
mimic,erm,42,147.19,49.54722595214844
mimic,erm,42,135.46833333333333,59.044193267822266
mimic,erm,42,37.14944444444444,38.68716812133789
mimic,erm,42,28.82888888888889,48.56056213378906
mimic,erm,42,72.33555555555556,50.94438552856445
mimic,erm,42,33.10694444444444,46.6469612121582
mimic,erm,42,42.22805555555556,48.30132293701172
mimic,erm,42,54.81277777777778,51.85368347167969
mimic,erm,42,32.760555555555555,45.67625045776367
mimic,erm,42,52.05833333333334,53.57300567626953
mimic,erm,42,73.84222222222223,51.839317321777344
mimic,erm,42,30.755000000000003,29.031360626220703
mimic,erm,42,128.65555555555557,49.23640441894531
mimic,erm,42,50.2363888888889,52.64494705200195
mimic,erm,42,592.9005555555555,60.36308288574219
mimic,erm,42,29.486666666666665,31.978271484375
mimic,erm,42,25.705833333333338,28.804162979125977
mimic,erm,42,86.63055555555556,51.70967102050781
mimic,erm,42,212.09305555555554,50.484012603759766
mimic,erm,42,47.288611111111116,51.16346740722656
mimic,erm,42,310.01194444444445,53.78923797607422
mimic,erm,42,48.302777777777784,48.17863082885742
mimic,erm,42,76.33694444444444,50.88169479370117
mimic,erm,42,81.1036111111111,55.0106201171875
mimic,erm,42,188.09,52.17628479003906
mimic,erm,42,38.20916666666667,36.444576263427734
mimic,erm,42,31.061944444444443,27.10382080078125
mimic,erm,42,39.188333333333325,34.25229263305664
mimic,erm,42,145.89111111111112,49.20526123046875
mimic,erm,42,35.05638888888889,47.89736557006836
mimic,erm,42,268.7030555555556,57.39747619628906
mimic,erm,42,41.388333333333335,40.10097122192383
mimic,erm,42,178.4738888888889,56.32115936279297
mimic,erm,42,111.78472222222226,60.762699127197266
mimic,erm,42,251.03833333333333,51.677406311035156
mimic,erm,42,26.814166666666665,43.11640167236328
mimic,erm,42,87.95027777777779,52.96108627319336
mimic,erm,42,115.47666666666667,51.76796340942383
mimic,erm,42,128.3525,48.8558235168457
mimic,erm,42,33.656111111111116,46.98006820678711
mimic,erm,42,52.605000000000004,48.31871032714844
mimic,erm,42,53.7625,48.42528533935547
mimic,erm,42,31.356666666666662,40.50270462036133
mimic,erm,42,65.25861111111111,56.00584411621094
mimic,erm,42,54.44722222222222,52.20419692993164
mimic,erm,42,97.4966666666667,50.001773834228516
mimic,erm,42,90.8575,60.757484436035156
mimic,erm,42,26.520555555555564,38.63578414916992
mimic,erm,42,52.702222222222225,51.235652923583984
mimic,erm,42,25.640555555555554,29.569067001342773
mimic,erm,42,90.69277777777778,54.489871978759766
mimic,erm,42,145.28444444444443,49.79071807861328
mimic,erm,42,24.008055555555558,37.97938919067383
mimic,erm,42,29.828888888888887,24.005348205566406
mimic,erm,42,194.1475,56.132843017578125
mimic,erm,42,62.2863888888889,55.84571838378906
mimic,erm,42,36.004444444444445,46.72346496582031
mimic,erm,42,41.037222222222226,45.80179214477539
mimic,erm,42,28.89944444444444,46.65585708618164
mimic,erm,42,69.91777777777779,56.50123596191406
mimic,erm,42,58.17361111111111,56.274436950683594
mimic,erm,42,24.088055555555556,29.536958694458008
mimic,erm,42,25.759166666666665,45.46921157836914
mimic,erm,42,76.48805555555555,57.1879768371582
mimic,erm,42,41.52722222222223,41.34828186035156
mimic,erm,42,226.23722222222216,55.31666946411133
mimic,erm,42,37.92638888888889,35.56693649291992
mimic,erm,42,186.50138888888887,49.05018997192383
mimic,erm,42,143.38166666666666,49.389442443847656
mimic,erm,42,31.44222222222222,34.522281646728516
mimic,erm,42,27.57472222222222,31.305957794189453
mimic,erm,42,45.99166666666667,58.76824951171875
mimic,erm,42,71.42583333333334,62.01240158081055
mimic,erm,42,38.931666666666665,37.20452117919922
mimic,erm,42,32.00444444444444,34.5219841003418
mimic,erm,42,31.737499999999997,49.06916809082031
mimic,erm,42,26.40277777777778,48.87651062011719
mimic,erm,42,38.025555555555556,43.98218536376953
mimic,erm,42,34.690000000000005,31.444866180419922
mimic,erm,42,44.31555555555555,58.682701110839844
mimic,erm,42,30.106944444444437,38.728206634521484
mimic,erm,42,36.21944444444444,35.024112701416016
mimic,erm,42,49.14777777777778,51.15334701538086
mimic,erm,42,94.83888888888889,52.955474853515625
mimic,erm,42,49.74527777777777,58.70353317260742
mimic,erm,42,295.2597222222222,52.73844909667969
mimic,erm,42,28.415277777777785,32.447566986083984
mimic,erm,42,100.35416666666666,52.70756530761719
mimic,erm,42,138.97416666666666,52.65543746948242
mimic,erm,42,32.65361111111111,48.052337646484375
mimic,erm,42,49.92833333333333,50.4040412902832
mimic,erm,42,24.261388888888888,26.119670867919922
mimic,erm,42,77.26527777777778,50.05046081542969
mimic,erm,42,77.69416666666666,50.02057647705078
mimic,erm,42,43.94583333333333,51.44777297973633
mimic,erm,42,25.01305555555555,37.766151428222656
mimic,erm,42,48.88666666666667,51.1848030090332
mimic,erm,42,31.086666666666666,49.43719482421875
mimic,erm,42,26.48388888888889,42.778846740722656
mimic,erm,42,82.61916666666667,50.09853744506836
mimic,erm,42,36.45666666666668,45.02910614013672
mimic,erm,42,146.48944444444444,60.218505859375
mimic,erm,42,607.1277777777779,48.10527420043945
mimic,erm,42,44.99694444444444,51.40547561645508
mimic,erm,42,51.82166666666666,51.525657653808594
mimic,erm,42,36.95333333333333,49.277408599853516
mimic,erm,42,42.224722222222226,39.34372329711914
mimic,erm,42,58.734999999999985,49.158599853515625
mimic,erm,42,66.13138888888889,54.60493469238281
mimic,erm,42,69.84194444444444,52.52347946166992
mimic,erm,42,48.67916666666666,49.76533126831055
mimic,erm,42,131.26361111111112,58.24171447753906
mimic,erm,42,36.39833333333333,33.93246841430664
mimic,erm,42,24.55138888888889,46.65726852416992
mimic,erm,42,95.43666666666667,52.121089935302734
mimic,erm,42,200.2802777777778,47.95412826538086
mimic,erm,42,33.10805555555556,50.01179504394531
mimic,erm,42,72.15277777777779,51.45761489868164
mimic,erm,42,28.53777777777778,50.91825866699219
mimic,erm,42,68.3675,56.29273986816406
mimic,erm,42,128.28527777777776,55.745567321777344
mimic,erm,42,53.18722222222222,52.77149963378906
mimic,erm,42,120.59888888888888,56.01049041748047
mimic,erm,42,39.03666666666667,35.955589294433594
mimic,erm,42,103.61638888888889,52.0878791809082
mimic,erm,42,715.8688888888889,65.41011810302734
mimic,erm,42,34.859722222222224,28.99903678894043
mimic,erm,42,76.2786111111111,55.734989166259766
mimic,erm,42,37.79333333333332,37.91566848754883
mimic,erm,42,25.02305555555556,50.384925842285156
mimic,erm,42,106.50277777777778,59.512298583984375
mimic,erm,42,50.29416666666667,42.78667449951172
mimic,erm,42,47.96444444444444,49.3995361328125
mimic,erm,42,53.92333333333333,50.695472717285156
mimic,erm,42,24.161944444444444,26.362112045288086
mimic,erm,42,69.56805555555556,51.56650161743164
mimic,erm,42,281.32527777777784,53.0960807800293
mimic,erm,42,56.33972222222222,53.58348083496094
mimic,erm,42,32.156666666666666,36.5303955078125
mimic,erm,42,27.764166666666668,27.931663513183594
mimic,erm,42,26.076388888888886,51.121673583984375
mimic,erm,42,51.95527777777778,52.01626205444336
mimic,erm,42,68.75583333333333,52.39316940307617
mimic,erm,42,245.3055555555556,51.944541931152344
mimic,erm,42,210.83888888888887,51.38056564331055
mimic,erm,42,43.3475,39.38980484008789
mimic,erm,42,31.754444444444445,48.477081298828125
mimic,erm,42,37.20833333333333,45.232696533203125
mimic,erm,42,44.041666666666664,56.92067337036133
mimic,erm,42,550.3522222222223,61.15060043334961
mimic,erm,42,115.93833333333333,61.97016906738281
mimic,erm,42,251.34166666666664,62.75450134277344
mimic,erm,42,815.3919444444443,57.928001403808594
mimic,erm,42,46.92249999999999,52.469207763671875
mimic,erm,42,40.04361111111111,47.152137756347656
mimic,erm,42,101.94444444444444,51.62068176269531
mimic,erm,42,31.119444444444447,48.94612503051758
mimic,erm,42,44.07194444444444,42.39335632324219
mimic,erm,42,34.71333333333334,31.517520904541016
mimic,erm,42,105.50444444444446,52.405723571777344
mimic,erm,42,28.248888888888892,25.761682510375977
mimic,erm,42,47.38999999999999,51.84553146362305
mimic,erm,42,311.2269444444445,59.88587188720703
mimic,erm,42,128.00055555555556,57.07989501953125
mimic,erm,42,55.64388888888889,49.75634002685547
mimic,erm,42,88.17277777777778,58.43474197387695
mimic,erm,42,64.04638888888888,51.57988739013672
mimic,erm,42,91.84444444444445,52.44853591918945
mimic,erm,42,61.7238888888889,49.11130142211914
mimic,erm,42,177.28027777777777,51.101261138916016
mimic,erm,42,404.7077777777778,50.89113235473633
mimic,erm,42,25.384444444444444,36.063255310058594
mimic,erm,42,34.92166666666667,34.004302978515625
mimic,erm,42,255.46027777777775,55.74156188964844
mimic,erm,42,81.42611111111111,53.17483901977539
mimic,erm,42,105.845,50.38624954223633
mimic,erm,42,40.68361111111111,39.22675704956055
mimic,erm,42,27.632222222222225,36.16749572753906
mimic,erm,42,38.24583333333334,36.978904724121094
mimic,erm,42,74.87722222222223,54.89397430419922
mimic,erm,42,88.1675,50.72148513793945
mimic,erm,42,343.33750000000003,55.124698638916016
mimic,erm,42,33.599444444444444,48.9919319152832
mimic,erm,42,35.594722222222224,45.8391227722168
mimic,erm,42,96.4625,45.504356384277344
mimic,erm,42,25.816944444444438,49.460662841796875
mimic,erm,42,120.13111111111112,62.55623245239258
mimic,erm,42,137.49472222222224,53.09755325317383
mimic,erm,42,49.4025,51.33637619018555
mimic,erm,42,42.56722222222222,42.89304733276367
mimic,erm,42,73.94694444444444,59.31401824951172
mimic,erm,42,118.72500000000001,56.779605865478516
mimic,erm,42,25.988888888888887,22.749263763427734
mimic,erm,42,106.07111111111112,51.797611236572266
mimic,erm,42,51.02611111111112,49.186302185058594
mimic,erm,42,71.27416666666666,63.001220703125
mimic,erm,42,818.351388888889,51.419944763183594
mimic,erm,42,1410.9458333333334,55.53358459472656
mimic,erm,42,109.20916666666666,57.88521957397461
mimic,erm,42,1044.2494444444444,50.584320068359375
mimic,erm,42,89.55555555555556,50.58476257324219
mimic,erm,42,68.53555555555556,49.84937286376953
mimic,erm,42,43.62277777777778,42.38680648803711
mimic,erm,42,226.8055555555555,62.529449462890625
mimic,erm,42,35.32083333333333,47.19423294067383
mimic,erm,42,40.54666666666667,44.6146125793457
mimic,erm,42,131.91277777777776,48.339454650878906
mimic,erm,42,254.60722222222222,44.974300384521484
mimic,erm,42,45.96666666666666,51.98025131225586
mimic,erm,42,51.03222222222222,54.3798828125
mimic,erm,42,28.89388888888889,51.60426330566406
mimic,erm,42,66.49555555555557,60.95876693725586
mimic,erm,42,90.61472222222223,53.60460662841797
mimic,erm,42,83.49027777777778,66.75450134277344
mimic,erm,42,49.20666666666666,50.82579040527344
mimic,erm,42,27.2475,50.649410247802734
mimic,erm,42,44.308611111111105,42.927825927734375
mimic,erm,42,24.36805555555555,33.10607147216797
mimic,erm,42,25.53333333333333,38.06790542602539
mimic,erm,42,161.20388888888888,50.17000198364258
mimic,erm,42,53.60527777777778,48.60805130004883
mimic,erm,42,46.25027777777778,50.3875617980957
mimic,erm,42,78.15194444444444,50.13322067260742
mimic,erm,42,24.888888888888886,52.333282470703125
mimic,erm,42,147.80944444444444,57.11482620239258
mimic,erm,42,86.86777777777777,50.255008697509766
mimic,erm,42,57.94444444444445,55.556854248046875
mimic,erm,42,358.665,51.61571502685547
mimic,erm,42,41.577777777777776,36.963050842285156
mimic,erm,42,81.2788888888889,55.493431091308594
mimic,erm,42,50.75027777777778,49.2164421081543
mimic,erm,42,36.78333333333333,47.25123596191406
mimic,erm,42,117.54555555555555,66.26506805419922
mimic,erm,42,56.76722222222223,50.90441131591797
mimic,erm,42,96.40333333333334,54.067867279052734
mimic,erm,42,77.70027777777779,62.271480560302734
mimic,erm,42,26.627222222222215,25.533411026000977
mimic,erm,42,37.67583333333333,34.84341049194336
mimic,erm,42,144.14833333333334,48.89557647705078
mimic,erm,42,43.68138888888889,52.764320373535156
mimic,erm,42,35.978611111111114,35.029273986816406
mimic,erm,42,33.96055555555555,32.97291946411133
mimic,erm,42,31.793055555555554,47.61984634399414
mimic,erm,42,136.505,47.86775207519531
mimic,erm,42,122.54805555555555,51.392372131347656
mimic,erm,42,1743.1347222222223,61.26094436645508
mimic,erm,42,71.10138888888889,43.36516189575195
mimic,erm,42,39.504999999999995,42.57086944580078
mimic,erm,42,39.526944444444446,34.736968994140625
mimic,erm,42,147.9436111111111,51.77836608886719
mimic,erm,42,85.98444444444445,52.28855514526367
mimic,erm,42,85.42972222222222,48.77926254272461
mimic,erm,42,30.604444444444447,47.78445053100586
mimic,erm,42,95.79027777777777,50.183448791503906
mimic,erm,42,51.66972222222223,50.68189239501953
mimic,erm,42,68.75972222222222,52.687721252441406
mimic,erm,42,342.2369444444444,58.67219924926758
mimic,erm,42,66.52277777777779,50.27477264404297
mimic,erm,42,62.91444444444445,51.87165451049805
mimic,erm,42,78.45194444444444,55.56321716308594
mimic,erm,42,26.066944444444445,38.49063491821289
mimic,erm,42,66.07916666666667,51.85834503173828
mimic,erm,42,53.757222222222225,52.09089279174805
mimic,erm,42,162.74166666666667,51.72383499145508
mimic,erm,42,160.3061111111111,56.51917266845703
mimic,erm,42,103.58500000000001,49.16222381591797
mimic,erm,42,66.04944444444445,32.46059036254883
mimic,erm,42,54.623333333333335,50.28936004638672
mimic,erm,42,179.19222222222223,55.045562744140625
mimic,erm,42,122.78194444444443,56.722049713134766
mimic,erm,42,36.370555555555555,44.76136016845703
mimic,erm,42,59.81444444444445,49.70935821533203
mimic,erm,42,50.65694444444445,53.63414001464844
mimic,erm,42,280.6325,52.00319290161133
mimic,erm,42,291.6402777777778,50.11018371582031
mimic,erm,42,82.58805555555556,55.4813117980957
mimic,erm,42,111.55055555555555,51.06427001953125
mimic,erm,42,77.29416666666667,50.48611068725586
mimic,erm,42,375.7747222222222,49.08489227294922
mimic,erm,42,70.47055555555556,49.2729606628418
mimic,erm,42,38.90777777777777,43.16667556762695
mimic,erm,42,263.67861111111114,51.399452209472656
mimic,erm,42,56.17,52.016639709472656
mimic,erm,42,107.61722222222222,51.83153533935547
mimic,erm,42,50.004444444444445,50.759098052978516
mimic,erm,42,113.69333333333333,50.38561248779297
mimic,erm,42,69.18111111111111,51.10374450683594
mimic,erm,42,112.13916666666665,52.41011428833008
mimic,erm,42,96.90333333333334,50.3873176574707
mimic,erm,42,73.20194444444444,52.33989715576172
mimic,erm,42,77.78361111111111,50.98843002319336
mimic,erm,42,89.26416666666667,50.46269607543945
mimic,erm,42,38.30500000000001,33.49311065673828
mimic,erm,42,48.783888888888896,51.958858489990234
mimic,erm,42,31.362777777777787,49.66349792480469
mimic,erm,42,53.38527777777777,49.98859786987305
mimic,erm,42,113.82638888888889,59.85002899169922
mimic,erm,42,29.074444444444445,53.52647399902344
mimic,erm,42,43.66694444444444,42.68618392944336
mimic,erm,42,25.820277777777783,43.19176483154297
mimic,erm,42,81.50277777777778,55.80412673950195
mimic,erm,42,272.24500000000006,55.23107147216797
mimic,erm,42,96.00083333333333,50.94474411010742
mimic,erm,42,94.8436111111111,50.73102951049805
mimic,erm,42,106.0863888888889,50.440345764160156
mimic,erm,42,28.994999999999997,33.61182403564453
mimic,erm,42,98.17222222222222,48.73554611206055
mimic,erm,42,28.3225,42.187889099121094
mimic,erm,42,54.58222222222222,51.3222541809082
mimic,erm,42,26.80027777777778,46.264617919921875
mimic,erm,42,137.56277777777777,49.385215759277344
mimic,erm,42,33.33305555555555,50.278648376464844
mimic,erm,42,67.13583333333334,49.1396369934082
mimic,erm,42,99.46333333333335,50.3875732421875
mimic,erm,42,67.47999999999999,52.334110260009766
mimic,erm,42,45.24194444444444,41.7347526550293
mimic,erm,42,84.47888888888889,51.41919708251953
mimic,erm,42,64.49472222222222,56.193519592285156
mimic,erm,42,464.5636111111111,49.40316390991211
mimic,erm,42,138.97611111111112,52.07746124267578
mimic,erm,42,40.156111111111116,37.269439697265625
mimic,erm,42,49.32333333333334,52.91556167602539
mimic,erm,42,210.06527777777777,49.57307052612305
mimic,erm,42,60.673055555555564,53.351810455322266
mimic,erm,42,58.80416666666666,50.45185089111328
mimic,erm,42,1207.8925,61.88267135620117
mimic,erm,42,40.381388888888885,38.51847457885742
mimic,erm,42,116.22361111111111,50.176422119140625
mimic,erm,42,27.566388888888888,39.7787971496582
mimic,erm,42,24.633333333333333,48.99833297729492
mimic,erm,42,275.15166666666664,59.09575271606445
mimic,erm,42,27.435833333333342,26.261558532714844
mimic,erm,42,95.91666666666666,54.00236511230469
mimic,erm,42,123.19277777777778,63.00848388671875
mimic,erm,42,82.94916666666667,57.39399337768555
mimic,erm,42,48.94055555555554,41.22187805175781
mimic,erm,42,59.961666666666666,48.025386810302734
mimic,erm,42,42.92333333333333,47.124847412109375
mimic,erm,42,120.5141666666667,51.97962951660156
mimic,erm,42,732.8044444444445,57.4235725402832
mimic,erm,42,115.67055555555555,59.03157043457031
mimic,erm,42,87.38055555555556,55.675933837890625
mimic,erm,42,43.06805555555555,38.990989685058594
mimic,erm,42,186.53944444444446,54.079341888427734
mimic,erm,42,116.28722222222223,52.69314956665039
mimic,erm,42,108.2275,58.969913482666016
mimic,erm,42,210.60250000000002,57.05815887451172
mimic,erm,42,27.425833333333333,39.875728607177734
mimic,erm,42,34.55388888888889,31.774459838867188
mimic,erm,42,137.26416666666665,52.23876190185547
mimic,erm,42,53.566388888888895,51.07437515258789
mimic,erm,42,72.86472222222221,51.39433288574219
mimic,erm,42,68.62222222222222,52.09396743774414
mimic,erm,42,123.68944444444445,51.492095947265625
mimic,erm,42,47.96166666666666,48.882957458496094
mimic,erm,42,27.534999999999997,47.68330383300781
mimic,erm,42,34.89972222222222,48.1952018737793
mimic,erm,42,74.44944444444444,41.43740463256836
mimic,erm,42,44.723888888888894,42.779052734375
mimic,erm,42,121.19277777777779,52.44501876831055
mimic,erm,42,78.53638888888888,50.082786560058594
mimic,erm,42,142.55638888888888,46.35149002075195
mimic,erm,42,437.2705555555556,60.50002670288086
mimic,erm,42,78.61444444444444,52.98050308227539
mimic,erm,42,135.6638888888889,55.94319534301758
mimic,erm,42,27.044444444444448,39.18582534790039
mimic,erm,42,142.74638888888887,59.198543548583984
mimic,erm,42,59.879444444444445,50.24595642089844
mimic,erm,42,40.72416666666667,49.88304138183594
mimic,erm,42,27.215000000000003,50.179935455322266
mimic,erm,42,49.87138888888889,56.7115364074707
mimic,erm,42,45.98555555555555,57.40947723388672
mimic,erm,42,31.65972222222222,49.4142951965332
mimic,erm,42,63.557500000000005,51.73482131958008
mimic,erm,42,71.07861111111112,53.52405548095703
mimic,erm,42,52.76805555555555,49.31184387207031
mimic,erm,42,76.18944444444443,56.570838928222656
mimic,erm,42,295.9922222222222,56.1413459777832
mimic,erm,42,47.35444444444445,50.02927780151367
mimic,erm,42,24.683055555555555,38.935707092285156
mimic,erm,42,64.3863888888889,59.65439987182617
mimic,erm,42,24.810833333333342,23.236038208007812
mimic,erm,42,24.345,42.980045318603516
mimic,erm,42,85.34277777777777,54.67988586425781
mimic,erm,42,72.30166666666666,52.24900817871094
mimic,erm,42,164.00666666666666,49.45536804199219
mimic,erm,42,48.650555555555556,57.65198516845703
mimic,erm,42,33.81,47.504825592041016
mimic,erm,42,61.57083333333334,57.45896530151367
eicu,erm,42,70.96666666666667,50.41875076293945
eicu,erm,42,62.75,53.23664093017578
eicu,erm,42,48.916666666666664,46.597923278808594
eicu,erm,42,44.68333333333333,55.292720794677734
eicu,erm,42,32.03333333333333,40.40398025512695
eicu,erm,42,44.75,50.82907485961914
eicu,erm,42,54.25,55.19520950317383
eicu,erm,42,66.11666666666666,64.34007263183594
eicu,erm,42,125.13333333333334,47.728233337402344
eicu,erm,42,26.35,23.319185256958008
eicu,erm,42,229.28333333333333,50.32353591918945
eicu,erm,42,49.95,50.0302619934082
eicu,erm,42,25.466666666666665,25.009639739990234
eicu,erm,42,36.516666666666666,34.723270416259766
eicu,erm,42,72.76666666666667,50.352718353271484
eicu,erm,42,42.56666666666667,43.826873779296875
eicu,erm,42,401.55,52.322654724121094
eicu,erm,42,68.5,47.67854690551758
eicu,erm,42,31.533333333333335,32.216617584228516
eicu,erm,42,46.56666666666667,50.98877716064453
eicu,erm,42,28.0,38.695796966552734
eicu,erm,42,42.25,43.33833312988281
eicu,erm,42,47.2,51.45799255371094
eicu,erm,42,58.5,50.80518341064453
eicu,erm,42,64.13333333333334,51.23490524291992
eicu,erm,42,84.25,52.75242614746094
eicu,erm,42,40.75,57.07236099243164
eicu,erm,42,53.68333333333333,57.63159942626953
eicu,erm,42,32.71666666666667,53.16804504394531
eicu,erm,42,35.85,49.2340202331543
eicu,erm,42,42.583333333333336,41.9810905456543
eicu,erm,42,107.16666666666667,50.96186065673828
eicu,erm,42,46.43333333333333,51.02067947387695
eicu,erm,42,164.66666666666666,52.19559860229492
eicu,erm,42,58.233333333333334,55.562355041503906
eicu,erm,42,79.01666666666667,43.80050277709961
eicu,erm,42,90.55,55.16595458984375
eicu,erm,42,29.5,29.757368087768555
eicu,erm,42,50.96666666666667,48.942649841308594
eicu,erm,42,26.8,27.253721237182617
eicu,erm,42,39.68333333333333,55.8011474609375
eicu,erm,42,76.9,50.05574417114258
eicu,erm,42,82.35,50.52875900268555
eicu,erm,42,229.46666666666667,41.85627365112305
eicu,erm,42,358.8666666666667,56.64706802368164
eicu,erm,42,231.25,49.00519943237305
eicu,erm,42,53.71666666666667,55.907962799072266
eicu,erm,42,166.55,49.98265075683594
eicu,erm,42,63.3,51.61630630493164
eicu,erm,42,53.56666666666667,54.122642517089844
eicu,erm,42,73.56666666666666,50.8557014465332
eicu,erm,42,39.5,37.415401458740234
eicu,erm,42,26.383333333333333,44.986358642578125
eicu,erm,42,27.65,53.776123046875
eicu,erm,42,74.15,53.83916091918945
eicu,erm,42,64.18333333333334,56.184085845947266
eicu,erm,42,61.916666666666664,59.634071350097656
eicu,erm,42,67.38333333333334,61.702064514160156
eicu,erm,42,256.46666666666664,55.043052673339844
eicu,erm,42,36.983333333333334,34.50508499145508
eicu,erm,42,87.65,51.87978744506836
eicu,erm,42,44.7,43.435821533203125
eicu,erm,42,38.3,52.806304931640625
eicu,erm,42,722.95,50.671051025390625
eicu,erm,42,66.88333333333334,51.104652404785156
eicu,erm,42,52.416666666666664,57.806148529052734
eicu,erm,42,41.5,52.54263687133789
eicu,erm,42,136.51666666666668,51.03791046142578
eicu,erm,42,35.483333333333334,34.29325485229492
eicu,erm,42,199.96666666666667,59.04788589477539
eicu,erm,42,44.68333333333333,42.20172119140625
eicu,erm,42,67.05,49.542152404785156
eicu,erm,42,30.133333333333333,30.662317276000977
eicu,erm,42,71.48333333333333,47.37663269042969
eicu,erm,42,67.5,57.00508499145508
eicu,erm,42,45.3,54.57609176635742
eicu,erm,42,50.95,50.29126739501953
eicu,erm,42,54.56666666666667,50.71513366699219
eicu,erm,42,227.1,41.84599685668945
eicu,erm,42,268.05,52.87950134277344
eicu,erm,42,59.3,48.157657623291016
eicu,erm,42,88.15,59.321956634521484
eicu,erm,42,155.11666666666667,56.15140151977539
eicu,erm,42,165.86666666666667,49.24659729003906
eicu,erm,42,70.66666666666667,52.11614990234375
eicu,erm,42,42.9,44.7578239440918
eicu,erm,42,75.33333333333333,51.276466369628906
eicu,erm,42,54.75,45.75849533081055
eicu,erm,42,121.43333333333334,47.851558685302734
eicu,erm,42,26.333333333333332,51.89784240722656
eicu,erm,42,182.6,60.93877029418945
eicu,erm,42,236.95,50.825172424316406
eicu,erm,42,193.51666666666668,50.9858512878418
eicu,erm,42,40.266666666666666,40.31856155395508
eicu,erm,42,30.4,30.547571182250977
eicu,erm,42,27.633333333333333,37.13276672363281
eicu,erm,42,58.28333333333333,57.36674118041992
eicu,erm,42,29.833333333333332,30.041933059692383
eicu,erm,42,88.16666666666667,49.93107986450195
eicu,erm,42,39.8,38.8096809387207
eicu,erm,42,24.35,52.42937469482422
eicu,erm,42,58.233333333333334,50.971412658691406
eicu,erm,42,94.31666666666666,52.59926986694336
eicu,erm,42,37.56666666666667,34.64248275756836
eicu,erm,42,84.88333333333334,50.265472412109375
eicu,erm,42,24.433333333333334,37.617244720458984
eicu,erm,42,96.65,52.8122444152832
eicu,erm,42,38.0,53.359989166259766
eicu,erm,42,42.166666666666664,42.22649002075195
eicu,erm,42,74.36666666666666,51.0057487487793
eicu,erm,42,50.86666666666667,49.05976104736328
eicu,erm,42,31.183333333333334,61.037818908691406
eicu,erm,42,29.183333333333334,43.00126266479492
eicu,erm,42,50.9,42.12257766723633
eicu,erm,42,47.53333333333333,60.13609313964844
eicu,erm,42,66.91666666666667,44.25508117675781
eicu,erm,42,43.05,41.83510971069336
eicu,erm,42,196.01666666666668,48.49353790283203
eicu,erm,42,50.333333333333336,50.09834289550781
eicu,erm,42,123.83333333333333,52.71458435058594
eicu,erm,42,52.583333333333336,42.912601470947266
eicu,erm,42,29.883333333333333,47.54816818237305
eicu,erm,42,40.083333333333336,41.22087097167969
eicu,erm,42,238.25,58.598976135253906
eicu,erm,42,68.33333333333333,50.543739318847656
eicu,erm,42,63.983333333333334,42.364593505859375
eicu,erm,42,26.216666666666665,42.5975341796875
eicu,erm,42,29.516666666666666,25.666706085205078
eicu,erm,42,25.1,60.94166564941406
eicu,erm,42,48.65,49.44007110595703
eicu,erm,42,506.9166666666667,49.750205993652344
eicu,erm,42,38.666666666666664,43.97181701660156
eicu,erm,42,61.6,51.045021057128906
eicu,erm,42,65.06666666666666,51.105918884277344
eicu,erm,42,41.266666666666666,39.88097381591797
eicu,erm,42,306.28333333333336,49.99629211425781
eicu,erm,42,38.083333333333336,37.144378662109375
eicu,erm,42,105.81666666666666,52.015403747558594
eicu,erm,42,230.8,57.48542404174805
eicu,erm,42,39.78333333333333,38.12312316894531
eicu,erm,42,126.83333333333333,49.63679885864258
eicu,erm,42,214.05,49.99590301513672
eicu,erm,42,158.91666666666666,41.396568298339844
eicu,erm,42,26.716666666666665,22.90058708190918
eicu,erm,42,26.95,38.356937408447266
eicu,erm,42,48.416666666666664,44.18440246582031
eicu,erm,42,139.98333333333332,46.335079193115234
eicu,erm,42,40.45,56.579925537109375
eicu,erm,42,27.933333333333334,28.991134643554688
eicu,erm,42,27.866666666666667,40.3735466003418
eicu,erm,42,24.05,38.759552001953125
eicu,erm,42,262.1166666666667,52.111602783203125
eicu,erm,42,63.4,51.95042419433594
eicu,erm,42,275.3666666666667,53.48542022705078
eicu,erm,42,73.78333333333333,39.11646270751953
eicu,erm,42,41.7,47.56006622314453
eicu,erm,42,53.5,55.40447235107422
eicu,erm,42,37.083333333333336,53.160118103027344
eicu,erm,42,24.233333333333334,23.829639434814453
eicu,erm,42,50.4,42.909271240234375
eicu,erm,42,57.81666666666667,52.21830749511719
eicu,erm,42,259.53333333333336,51.277339935302734
eicu,erm,42,25.733333333333334,26.166479110717773
eicu,erm,42,44.583333333333336,51.5468635559082
eicu,erm,42,80.66666666666667,52.894405364990234
eicu,erm,42,74.48333333333333,53.33854293823242
eicu,erm,42,28.3,23.1165828704834
eicu,erm,42,72.28333333333333,49.90217590332031
eicu,erm,42,138.61666666666667,57.37013626098633
eicu,erm,42,97.0,51.59114456176758
eicu,erm,42,34.65,52.56482696533203
eicu,erm,42,40.53333333333333,55.85466384887695
eicu,erm,42,42.81666666666667,52.05154037475586
eicu,erm,42,236.36666666666667,41.00220489501953
eicu,erm,42,230.78333333333333,48.81672286987305
eicu,erm,42,47.7,48.69502258300781
eicu,erm,42,92.18333333333334,52.02384567260742
eicu,erm,42,29.716666666666665,28.36296844482422
eicu,erm,42,69.3,50.545127868652344
eicu,erm,42,29.1,46.16294860839844
eicu,erm,42,303.26666666666665,45.08619689941406
eicu,erm,42,283.05,54.61280822753906
eicu,erm,42,76.08333333333333,50.16944122314453
eicu,erm,42,28.466666666666665,53.91088104248047
eicu,erm,42,46.8,44.225440979003906
eicu,erm,42,35.983333333333334,36.3484001159668
eicu,erm,42,30.166666666666668,27.591346740722656
eicu,erm,42,149.3,57.328041076660156
eicu,erm,42,52.61666666666667,47.0145263671875
eicu,erm,42,120.91666666666667,50.851226806640625
eicu,erm,42,53.95,49.58931350708008
eicu,erm,42,117.33333333333333,50.08556365966797
eicu,erm,42,31.783333333333335,47.96611404418945
eicu,erm,42,28.366666666666667,26.505537033081055
eicu,erm,42,64.25,51.3096809387207
eicu,erm,42,362.2,54.101566314697266
eicu,erm,42,29.916666666666668,55.83869934082031
eicu,erm,42,116.21666666666667,56.11380386352539
eicu,erm,42,47.28333333333333,56.62294006347656
eicu,erm,42,42.916666666666664,52.85078811645508
eicu,erm,42,231.15,54.05227279663086
eicu,erm,42,41.583333333333336,48.90677261352539
eicu,erm,42,67.88333333333334,42.32965087890625
eicu,erm,42,49.25,50.757728576660156
eicu,erm,42,61.983333333333334,51.447471618652344
eicu,erm,42,24.833333333333332,38.09438705444336
eicu,erm,42,51.0,52.794864654541016
eicu,erm,42,58.916666666666664,49.982810974121094
eicu,erm,42,252.83333333333334,51.807254791259766
eicu,erm,42,32.6,30.356801986694336
eicu,erm,42,141.36666666666667,46.48802947998047
eicu,erm,42,66.28333333333333,49.92459487915039
eicu,erm,42,68.36666666666666,51.623756408691406
eicu,erm,42,62.61666666666667,42.073604583740234
eicu,erm,42,45.05,50.15182876586914
eicu,erm,42,36.61666666666667,33.26323318481445
eicu,erm,42,43.13333333333333,50.3001594543457
eicu,erm,42,121.51666666666667,50.95309066772461
eicu,erm,42,46.6,48.65141677856445
eicu,erm,42,146.55,49.17218780517578
eicu,erm,42,94.18333333333334,51.059600830078125
eicu,erm,42,28.55,32.28241729736328
eicu,erm,42,137.08333333333334,57.47987365722656
eicu,erm,42,80.88333333333334,47.884090423583984
eicu,erm,42,108.66666666666667,62.303802490234375
eicu,erm,42,89.91666666666667,50.22322082519531
eicu,erm,42,38.516666666666666,40.74936294555664
eicu,erm,42,152.48333333333332,54.838191986083984
eicu,erm,42,371.1,51.678462982177734
eicu,erm,42,111.08333333333333,52.14314270019531
eicu,erm,42,117.38333333333334,51.72957992553711
eicu,erm,42,100.83333333333333,47.73750686645508
eicu,erm,42,25.0,46.74224090576172
eicu,erm,42,25.0,24.935863494873047
eicu,erm,42,107.53333333333333,50.979705810546875
eicu,erm,42,48.8,51.40230178833008
eicu,erm,42,46.45,48.99524688720703
eicu,erm,42,57.06666666666667,48.142059326171875
eicu,erm,42,58.5,57.10634994506836
eicu,erm,42,60.43333333333333,52.603267669677734
eicu,erm,42,35.0,34.611122131347656
eicu,erm,42,114.75,49.917396545410156
eicu,erm,42,46.53333333333333,48.326541900634766
eicu,erm,42,63.36666666666667,41.78764724731445
eicu,erm,42,102.08333333333333,51.51757049560547
eicu,erm,42,28.75,52.1484260559082
eicu,erm,42,24.15,25.718788146972656
eicu,erm,42,35.36666666666667,36.055763244628906
eicu,erm,42,24.133333333333333,54.38960266113281
eicu,erm,42,39.25,42.173622131347656
eicu,erm,42,77.83333333333333,42.63505172729492
eicu,erm,42,94.61666666666666,51.19272994995117
eicu,erm,42,57.93333333333333,44.32492446899414
eicu,erm,42,27.766666666666666,54.19460678100586
eicu,erm,42,142.68333333333334,48.53236389160156
eicu,erm,42,409.7,51.2227897644043
eicu,erm,42,38.65,38.073123931884766
eicu,erm,42,73.51666666666667,50.8319206237793
eicu,erm,42,130.85,55.44539260864258
eicu,erm,42,56.45,51.18682861328125
eicu,erm,42,28.5,27.958175659179688
eicu,erm,42,40.75,41.30516815185547
eicu,erm,42,26.116666666666667,38.92319107055664
eicu,erm,42,45.516666666666666,43.32295608520508
eicu,erm,42,270.1666666666667,56.46480941772461
eicu,erm,42,50.266666666666666,54.434547424316406
eicu,erm,42,36.983333333333334,34.232730865478516
eicu,erm,42,37.25,52.15908432006836
eicu,erm,42,67.41666666666667,54.236045837402344
eicu,erm,42,70.65,48.4459114074707
eicu,erm,42,43.0,52.53807830810547
eicu,erm,42,27.683333333333334,54.099544525146484
eicu,erm,42,79.31666666666666,54.012203216552734
eicu,erm,42,62.083333333333336,59.217777252197266
eicu,erm,42,510.6,51.515892028808594
eicu,erm,42,78.7,55.49507522583008
eicu,erm,42,26.783333333333335,57.674278259277344
eicu,erm,42,91.46666666666667,52.48991394042969
eicu,erm,42,62.016666666666666,43.61906814575195
eicu,erm,42,75.0,51.434444427490234
eicu,erm,42,34.06666666666667,50.94112777709961
eicu,erm,42,40.36666666666667,55.104068756103516
eicu,erm,42,74.38333333333334,48.9152946472168
eicu,erm,42,41.3,40.95849609375
eicu,erm,42,265.0833333333333,49.85367965698242
eicu,erm,42,38.016666666666666,36.91875457763672
eicu,erm,42,79.48333333333333,48.629947662353516
eicu,erm,42,24.966666666666665,22.812379837036133
eicu,erm,42,117.01666666666667,53.39486312866211
eicu,erm,42,65.6,49.543212890625
eicu,erm,42,171.15,53.96188735961914
eicu,erm,42,76.76666666666667,41.03662109375
eicu,erm,42,35.36666666666667,31.97521209716797
eicu,erm,42,60.916666666666664,51.86914825439453
eicu,erm,42,47.06666666666667,50.62665557861328
eicu,erm,42,35.71666666666667,35.11025619506836
eicu,erm,42,423.8666666666667,50.13016128540039
eicu,erm,42,27.716666666666665,57.339332580566406
eicu,erm,42,34.63333333333333,52.69197082519531
eicu,erm,42,24.45,25.65126609802246
eicu,erm,42,67.4,51.49472427368164
eicu,erm,42,30.433333333333334,51.19693374633789
eicu,erm,42,65.86666666666666,46.83013916015625
eicu,erm,42,53.833333333333336,44.205833435058594
eicu,erm,42,30.433333333333334,55.93341827392578
eicu,erm,42,72.51666666666667,50.48545837402344
eicu,erm,42,49.916666666666664,47.83411407470703
eicu,erm,42,150.3,52.437984466552734
eicu,erm,42,133.28333333333333,52.425018310546875
eicu,erm,42,48.46666666666667,49.37619400024414
eicu,erm,42,142.63333333333333,58.847503662109375
eicu,erm,42,34.35,57.744266510009766
eicu,erm,42,47.93333333333333,48.44643020629883
eicu,erm,42,33.53333333333333,54.087852478027344
eicu,erm,42,25.583333333333332,34.81969451904297
eicu,erm,42,357.2,44.10120391845703
eicu,erm,42,67.88333333333334,50.919189453125
eicu,erm,42,42.13333333333333,56.18089294433594
eicu,erm,42,70.1,50.615299224853516
eicu,erm,42,41.666666666666664,49.35514450073242
eicu,erm,42,26.433333333333334,40.6528434753418
eicu,erm,42,33.61666666666667,31.923694610595703
eicu,erm,42,116.6,44.9141960144043
eicu,erm,42,72.5,53.8293571472168
eicu,erm,42,42.6,42.17510223388672
eicu,erm,42,92.33333333333333,54.67255783081055
eicu,erm,42,55.266666666666666,49.52957534790039
eicu,erm,42,39.56666666666667,36.21506881713867
eicu,erm,42,35.75,42.6749382019043
eicu,erm,42,42.18333333333333,44.28483963012695
eicu,erm,42,101.68333333333334,51.900997161865234
eicu,erm,42,106.81666666666666,52.307044982910156
eicu,erm,42,26.983333333333334,27.325735092163086
eicu,erm,42,44.666666666666664,49.30928039550781
eicu,erm,42,27.716666666666665,49.211666107177734
eicu,erm,42,91.38333333333334,42.254398345947266
eicu,erm,42,30.95,51.848114013671875
eicu,erm,42,44.083333333333336,53.51069259643555
eicu,erm,42,82.58333333333333,51.75471496582031
eicu,erm,42,57.416666666666664,55.2448844909668
eicu,erm,42,60.15,52.624298095703125
eicu,erm,42,154.21666666666667,59.16232681274414
eicu,erm,42,40.5,52.555938720703125
eicu,erm,42,93.85,42.368751525878906
eicu,erm,42,64.4,49.256195068359375
eicu,erm,42,90.56666666666666,51.983646392822266
eicu,erm,42,33.1,32.67478561401367
eicu,erm,42,68.48333333333333,50.269554138183594
eicu,erm,42,97.38333333333334,52.884307861328125
eicu,erm,42,74.5,46.36178970336914
eicu,erm,42,49.083333333333336,50.77853775024414
eicu,erm,42,29.833333333333332,47.62097930908203
eicu,erm,42,29.216666666666665,54.91529846191406
eicu,erm,42,441.78333333333336,42.82900619506836
eicu,erm,42,330.26666666666665,41.35942840576172
eicu,erm,42,74.9,51.92662048339844
eicu,erm,42,146.78333333333333,49.672245025634766
eicu,erm,42,556.75,61.33859634399414
eicu,erm,42,96.13333333333334,46.773555755615234
eicu,erm,42,121.51666666666667,51.87395095825195
eicu,erm,42,62.983333333333334,57.24888229370117
eicu,erm,42,26.483333333333334,43.904361724853516
eicu,erm,42,439.1166666666667,56.16012191772461
eicu,erm,42,51.35,44.83879089355469
eicu,erm,42,71.6,49.59061813354492
eicu,erm,42,58.11666666666667,59.40191650390625
eicu,erm,42,45.78333333333333,50.607322692871094
eicu,erm,42,49.46666666666667,48.60356521606445
eicu,erm,42,69.4,42.185699462890625
eicu,erm,42,28.516666666666666,53.481327056884766
eicu,erm,42,61.85,50.211280822753906
eicu,erm,42,142.13333333333333,52.65882873535156
eicu,erm,42,53.63333333333333,55.01021957397461
eicu,erm,42,43.516666666666666,55.126277923583984
eicu,erm,42,94.6,42.064998626708984
eicu,erm,42,30.35,25.252256393432617
eicu,erm,42,50.11666666666667,62.687774658203125
eicu,erm,42,44.233333333333334,51.441795349121094
eicu,erm,42,25.8,26.07173728942871
eicu,erm,42,38.583333333333336,35.50806427001953
eicu,erm,42,40.8,55.44316101074219
eicu,erm,42,913.0166666666667,53.565120697021484
eicu,erm,42,79.53333333333333,49.67908477783203
eicu,erm,42,27.35,26.547407150268555
eicu,erm,42,40.5,41.656639099121094
eicu,erm,42,24.983333333333334,47.701576232910156
eicu,erm,42,47.93333333333333,56.90675735473633
eicu,erm,42,205.38333333333333,64.28678131103516
eicu,erm,42,31.616666666666667,53.5706901550293
eicu,erm,42,28.666666666666668,42.33119201660156
eicu,erm,42,127.48333333333333,55.65499496459961
eicu,erm,42,123.75,56.59080123901367
eicu,erm,42,273.4166666666667,51.56427001953125
eicu,erm,42,163.83333333333334,49.6575813293457
eicu,erm,42,50.46666666666667,48.90572738647461
eicu,erm,42,195.16666666666666,60.09273147583008
eicu,erm,42,168.38333333333333,41.27201843261719
eicu,erm,42,37.4,35.17253875732422
eicu,erm,42,53.35,49.377479553222656
eicu,erm,42,234.55,55.97087097167969
eicu,erm,42,46.666666666666664,50.2351188659668
eicu,erm,42,119.41666666666667,57.6422233581543
eicu,erm,42,261.6166666666667,65.16549682617188
eicu,erm,42,30.65,29.097463607788086
eicu,erm,42,48.61666666666667,45.11207962036133
eicu,erm,42,391.8833333333333,57.46958541870117
eicu,erm,42,138.58333333333334,51.122867584228516
eicu,erm,42,88.15,54.985172271728516
eicu,erm,42,44.86666666666667,51.560386657714844
eicu,erm,42,38.81666666666667,36.83655548095703
eicu,erm,42,39.9,40.53802490234375
eicu,erm,42,173.98333333333332,54.31688690185547
eicu,erm,42,44.516666666666666,42.37040328979492
eicu,erm,42,47.016666666666666,49.26530075073242
eicu,erm,42,94.55,50.69639587402344
eicu,erm,42,68.63333333333334,49.06211471557617
eicu,erm,42,32.63333333333333,45.18826675415039
eicu,erm,42,32.083333333333336,32.24606704711914
eicu,erm,42,186.56666666666666,42.05864334106445
eicu,erm,42,480.3,51.827301025390625
eicu,erm,42,54.5,54.3485221862793
eicu,erm,42,35.13333333333333,32.809051513671875
eicu,erm,42,26.5,33.761478424072266
eicu,erm,42,33.93333333333333,34.23355484008789
eicu,erm,42,41.25,41.53507614135742
eicu,erm,42,32.1,48.47452163696289
eicu,erm,42,24.1,23.341106414794922
eicu,erm,42,386.26666666666665,50.2502326965332
eicu,erm,42,25.166666666666668,41.40776062011719
eicu,erm,42,26.15,24.243928909301758
eicu,erm,42,279.1333333333333,52.64613723754883
eicu,erm,42,36.9,46.96355438232422
eicu,erm,42,88.75,58.0258674621582
eicu,erm,42,27.8,28.641965866088867
eicu,erm,42,59.55,49.14455032348633
eicu,erm,42,24.333333333333332,50.46681594848633
eicu,erm,42,62.86666666666667,49.70771408081055
eicu,erm,42,94.33333333333333,48.08115005493164
eicu,erm,42,85.88333333333334,41.724056243896484
eicu,erm,42,86.81666666666666,51.27753829956055
eicu,erm,42,30.183333333333334,51.98073196411133
eicu,erm,42,50.5,46.38337326049805
eicu,erm,42,202.56666666666666,57.055973052978516
eicu,erm,42,92.23333333333333,51.46293258666992
eicu,erm,42,25.883333333333333,60.573856353759766
eicu,erm,42,165.1,56.06556701660156
eicu,erm,42,80.75,48.68050003051758
eicu,erm,42,67.2,51.09804153442383
eicu,erm,42,45.7,41.866371154785156
eicu,erm,42,276.8333333333333,51.11578369140625
eicu,erm,42,70.0,51.54552459716797
eicu,erm,42,92.98333333333333,42.7822380065918
eicu,erm,42,59.31666666666667,51.34290313720703
eicu,erm,42,56.78333333333333,51.2002067565918
eicu,erm,42,54.95,48.629520416259766
eicu,erm,42,48.56666666666667,41.2964973449707
eicu,erm,42,36.75,32.63351058959961
eicu,erm,42,140.68333333333334,54.47376251220703
eicu,erm,42,44.8,53.090110778808594
eicu,erm,42,62.3,54.58356475830078
eicu,erm,42,62.75,55.23225021362305
eicu,erm,42,46.61666666666667,48.98896408081055
eicu,erm,42,72.56666666666666,49.34246826171875
eicu,erm,42,88.36666666666666,42.70114517211914
eicu,erm,42,45.4,47.80564498901367
eicu,erm,42,45.9,51.12162399291992
eicu,erm,42,50.166666666666664,42.71862030029297
eicu,erm,42,35.36666666666667,55.119319915771484
eicu,erm,42,116.36666666666666,55.8176155090332
eicu,erm,42,279.0,54.12343215942383
eicu,erm,42,67.61666666666666,51.608638763427734
eicu,erm,42,165.68333333333334,47.606563568115234
eicu,erm,42,62.31666666666667,54.130714416503906
eicu,erm,42,255.51666666666668,51.333343505859375
eicu,erm,42,32.86666666666667,52.97819900512695
eicu,erm,42,39.53333333333333,39.137107849121094
eicu,erm,42,26.583333333333332,27.429399490356445
eicu,erm,42,27.533333333333335,30.344791412353516
eicu,erm,42,96.11666666666666,55.487586975097656
eicu,erm,42,142.03333333333333,48.89888381958008
eicu,erm,42,87.98333333333333,50.93558120727539
eicu,erm,42,62.03333333333333,50.119205474853516
eicu,erm,42,31.883333333333333,29.726364135742188
eicu,erm,42,26.75,53.59678268432617
eicu,erm,42,238.55,50.39516830444336
eicu,erm,42,46.916666666666664,43.08543395996094
eicu,erm,42,99.33333333333333,40.83319091796875
eicu,erm,42,65.3,54.26658248901367
eicu,erm,42,39.2,39.003662109375
eicu,erm,42,92.38333333333334,52.30112075805664
eicu,erm,42,32.71666666666667,54.053009033203125
eicu,erm,42,272.78333333333336,53.552635192871094
eicu,erm,42,175.75,51.383975982666016
eicu,erm,42,26.316666666666666,26.8049259185791
eicu,erm,42,84.45,48.67558288574219
eicu,erm,42,39.35,38.867164611816406
eicu,erm,42,51.766666666666666,51.617069244384766
eicu,erm,42,45.333333333333336,47.6676025390625
eicu,erm,42,96.5,48.525386810302734
eicu,erm,42,729.7,56.99031448364258
eicu,erm,42,57.85,43.20893096923828
eicu,erm,42,77.48333333333333,49.21233367919922
eicu,erm,42,30.083333333333332,28.053388595581055
eicu,erm,42,24.433333333333334,37.07952880859375
eicu,erm,42,704.3833333333333,44.41358947753906
eicu,erm,42,42.46666666666667,41.84160614013672
eicu,erm,42,325.76666666666665,63.37788391113281
eicu,erm,42,47.11666666666667,52.86961364746094
eicu,erm,42,43.4,41.44186782836914
eicu,erm,42,42.88333333333333,49.17438888549805
eicu,erm,42,86.13333333333334,41.48686218261719
eicu,erm,42,52.233333333333334,40.72350311279297
eicu,erm,42,46.63333333333333,41.82913589477539
eicu,erm,42,43.5,43.195884704589844
eicu,erm,42,95.48333333333333,50.988826751708984
eicu,erm,42,64.51666666666667,42.85409164428711
eicu,erm,42,118.11666666666666,50.81375503540039
eicu,erm,42,30.833333333333332,56.31522750854492
eicu,erm,42,46.766666666666666,43.20938491821289
eicu,erm,42,112.98333333333333,52.548484802246094
eicu,erm,42,28.316666666666666,26.303163528442383
eicu,erm,42,52.516666666666666,49.53993606567383
eicu,erm,42,40.6,53.15473175048828
eicu,erm,42,82.26666666666667,52.63166046142578
eicu,erm,42,35.96666666666667,33.87982177734375
eicu,erm,42,69.8,49.68395233154297
eicu,erm,42,42.25,56.672969818115234
eicu,erm,42,109.61666666666666,59.769100189208984
eicu,erm,42,175.08333333333334,58.32315444946289
eicu,erm,42,27.0,24.55176544189453
eicu,erm,42,45.083333333333336,48.225154876708984
eicu,erm,42,214.11666666666667,44.827415466308594
eicu,erm,42,39.6,36.912967681884766
eicu,erm,42,43.18333333333333,43.39200210571289
eicu,erm,42,105.16666666666667,54.87263107299805
eicu,erm,42,52.21666666666667,48.22266387939453
eicu,erm,42,124.68333333333334,47.35627746582031
eicu,erm,42,35.56666666666667,35.18122482299805
eicu,erm,42,39.516666666666666,38.182586669921875
eicu,erm,42,38.083333333333336,35.328975677490234
eicu,erm,42,185.96666666666667,52.16576385498047
eicu,erm,42,29.75,45.070770263671875
eicu,erm,42,60.28333333333333,51.90727615356445
eicu,erm,42,24.8,35.95328140258789
eicu,erm,42,164.28333333333333,50.032623291015625
eicu,erm,42,73.81666666666666,50.67259979248047
eicu,erm,42,24.65,51.4428596496582
eicu,erm,42,29.116666666666667,28.79227066040039
eicu,erm,42,122.2,52.65693283081055
eicu,erm,42,85.65,51.027366638183594
eicu,erm,42,30.716666666666665,31.411205291748047
eicu,erm,42,44.916666666666664,42.2471809387207
eicu,erm,42,49.266666666666666,48.2599983215332
eicu,erm,42,49.0,49.73705291748047
eicu,erm,42,27.833333333333332,54.80449295043945
eicu,erm,42,26.0,50.38776779174805
eicu,erm,42,81.26666666666667,55.50108337402344
eicu,erm,42,64.35,44.96733093261719
eicu,erm,42,77.6,48.24293518066406
eicu,erm,42,50.06666666666667,50.41921615600586
eicu,erm,42,34.45,32.90835952758789
eicu,erm,42,66.55,50.47641372680664
eicu,erm,42,94.91666666666667,41.597782135009766
eicu,erm,42,30.85,36.98543167114258
eicu,erm,42,35.45,34.50774383544922
eicu,erm,42,46.666666666666664,49.94834899902344
eicu,erm,42,38.96666666666667,50.2875862121582
eicu,erm,42,26.05,53.3098258972168
eicu,erm,42,68.75,51.64856719970703
eicu,erm,42,69.83333333333333,47.79844284057617
eicu,erm,42,40.6,41.55887222290039
eicu,erm,42,162.31666666666666,49.007476806640625
eicu,erm,42,75.3,40.063568115234375
eicu,erm,42,61.583333333333336,51.317813873291016
eicu,erm,42,569.0666666666667,51.03416442871094
eicu,erm,42,41.9,54.72660827636719
eicu,erm,42,56.583333333333336,53.736881256103516
eicu,erm,42,65.7,51.03573989868164
eicu,erm,42,154.25,59.158111572265625
eicu,erm,42,71.43333333333334,47.986175537109375
eicu,erm,42,90.58333333333333,48.7264289855957
eicu,erm,42,87.85,55.262290954589844
eicu,erm,42,93.98333333333333,48.16130447387695
eicu,erm,42,62.5,51.12159729003906
eicu,erm,42,30.75,29.53382682800293
eicu,erm,42,38.13333333333333,34.76115036010742
eicu,erm,42,217.18333333333334,48.80467987060547
eicu,erm,42,137.53333333333333,50.53015899658203
eicu,erm,42,70.38333333333334,41.22599411010742
eicu,erm,42,59.666666666666664,46.995765686035156
eicu,erm,42,94.08333333333333,52.38656234741211
eicu,erm,42,96.61666666666666,57.193607330322266
eicu,erm,42,245.91666666666666,53.00198745727539
eicu,erm,42,58.55,51.30035400390625
eicu,erm,42,123.05,55.816749572753906
eicu,erm,42,41.3,54.050724029541016
eicu,erm,42,48.31666666666667,51.87002944946289
eicu,erm,42,44.916666666666664,49.93804931640625
eicu,erm,42,48.96666666666667,51.465484619140625
eicu,erm,42,48.766666666666666,51.21647644042969
eicu,erm,42,52.11666666666667,43.87294006347656
eicu,erm,42,43.71666666666667,51.527713775634766
eicu,erm,42,114.65,50.8858528137207
eicu,erm,42,26.333333333333332,24.85331916809082
eicu,erm,42,141.88333333333333,50.717315673828125
eicu,erm,42,262.55,51.54591369628906
eicu,erm,42,41.86666666666667,42.291282653808594
eicu,erm,42,64.96666666666667,50.93030548095703
eicu,erm,42,657.9333333333333,50.70625686645508
eicu,erm,42,170.66666666666666,50.733768463134766
eicu,erm,42,696.9666666666667,51.548858642578125
eicu,erm,42,64.8,51.84414291381836
eicu,erm,42,128.48333333333332,42.9471321105957
eicu,erm,42,97.95,55.67158508300781
eicu,erm,42,70.28333333333333,47.587745666503906
eicu,erm,42,78.2,50.19807052612305
eicu,erm,42,44.96666666666667,51.97754669189453
eicu,erm,42,46.15,49.92753219604492
eicu,erm,42,25.266666666666666,50.1047248840332
eicu,erm,42,58.9,51.26216125488281
eicu,erm,42,119.95,49.519561767578125
eicu,erm,42,25.9,44.93777084350586
eicu,erm,42,32.05,31.400650024414062
eicu,erm,42,33.0,52.64194107055664
eicu,erm,42,127.85,50.62881088256836
eicu,erm,42,27.666666666666668,37.59077453613281
eicu,erm,42,72.45,51.49399948120117
eicu,erm,42,115.98333333333333,50.687904357910156
eicu,erm,42,77.8,54.96525955200195
eicu,erm,42,34.0,54.96227264404297
eicu,erm,42,394.3,55.24394226074219
eicu,erm,42,69.28333333333333,51.367332458496094
eicu,erm,42,28.2,33.890052795410156
eicu,erm,42,86.33333333333333,53.92316436767578
eicu,erm,42,77.38333333333334,55.32628631591797
eicu,erm,42,193.8,53.963905334472656
eicu,erm,42,37.666666666666664,35.76443099975586
eicu,erm,42,24.2,32.67013168334961
eicu,erm,42,56.68333333333333,55.78067398071289
eicu,erm,42,61.0,49.466041564941406
eicu,erm,42,25.633333333333333,29.962724685668945
eicu,erm,42,36.666666666666664,34.116947174072266
eicu,erm,42,116.33333333333333,49.60219955444336
eicu,erm,42,24.8,25.216917037963867
eicu,erm,42,162.35,43.351593017578125
eicu,erm,42,220.18333333333334,50.17197799682617
eicu,erm,42,66.9,51.69817352294922
eicu,erm,42,208.11666666666667,51.766326904296875
eicu,erm,42,31.666666666666668,56.956729888916016
eicu,erm,42,189.16666666666666,52.897491455078125
eicu,erm,42,30.816666666666666,50.525150299072266
eicu,erm,42,56.78333333333333,50.68777084350586
eicu,erm,42,62.21666666666667,53.100955963134766
eicu,erm,42,35.93333333333333,53.525535583496094
eicu,erm,42,48.733333333333334,42.51522445678711
eicu,erm,42,270.45,52.382530212402344
eicu,erm,42,45.31666666666667,50.53502655029297
eicu,erm,42,40.36666666666667,53.598724365234375
eicu,erm,42,96.88333333333334,46.91545867919922
eicu,erm,42,135.0,57.87626266479492
eicu,erm,42,84.28333333333333,49.34642791748047
eicu,erm,42,93.28333333333333,50.41340637207031
eicu,erm,42,24.3,25.355085372924805
eicu,erm,42,118.1,51.23331069946289
eicu,erm,42,38.5,35.90489959716797
eicu,erm,42,33.06666666666667,53.79741668701172
eicu,erm,42,634.7,48.35129165649414
eicu,erm,42,48.2,50.76461410522461
eicu,erm,42,25.55,53.7413444519043
eicu,erm,42,88.06666666666666,42.603126525878906
eicu,erm,42,39.81666666666667,37.66960525512695
eicu,erm,42,63.266666666666666,51.20077896118164
eicu,erm,42,38.583333333333336,37.32455062866211
eicu,erm,42,198.6,46.180267333984375
eicu,erm,42,37.9,35.89111328125
eicu,erm,42,95.51666666666667,48.75179672241211
eicu,erm,42,52.083333333333336,41.9066162109375
eicu,erm,42,37.416666666666664,36.719024658203125
eicu,erm,42,130.13333333333333,49.198402404785156
eicu,erm,42,26.033333333333335,50.66321563720703
eicu,erm,42,34.96666666666667,30.55228042602539
eicu,erm,42,35.3,36.150115966796875
eicu,erm,42,76.11666666666666,53.12506866455078
eicu,erm,42,121.91666666666667,49.68758010864258
eicu,erm,42,36.56666666666667,31.688888549804688
eicu,erm,42,39.2,52.66096496582031
eicu,erm,42,38.43333333333333,38.3579216003418
eicu,erm,42,64.68333333333334,52.127967834472656
eicu,erm,42,105.33333333333333,52.04452133178711
eicu,erm,42,28.066666666666666,50.66838836669922
eicu,erm,42,69.45,46.481407165527344
eicu,erm,42,50.733333333333334,48.24172592163086
eicu,erm,42,83.35,51.617733001708984
eicu,erm,42,32.81666666666667,31.716873168945312
eicu,erm,42,40.5,39.93966293334961
eicu,erm,42,123.15,49.9201774597168
eicu,erm,42,95.08333333333333,49.99302291870117
eicu,erm,42,235.91666666666666,52.37177658081055
eicu,erm,42,24.4,52.692752838134766
eicu,erm,42,25.833333333333332,24.53238868713379
eicu,erm,42,40.4,39.24270248413086
eicu,erm,42,38.733333333333334,55.76519012451172
eicu,erm,42,82.88333333333334,40.73749923706055
eicu,erm,42,28.266666666666666,52.64836502075195
eicu,erm,42,47.3,52.24998474121094
eicu,erm,42,131.43333333333334,51.308406829833984
eicu,erm,42,25.9,25.57537269592285
eicu,erm,42,69.63333333333334,54.70856857299805
eicu,erm,42,139.58333333333334,48.470298767089844
eicu,erm,42,36.21666666666667,53.20414352416992
eicu,erm,42,24.583333333333332,50.769622802734375
eicu,erm,42,66.56666666666666,52.45376205444336
eicu,erm,42,526.4666666666667,56.73614501953125
eicu,erm,42,52.28333333333333,50.65094757080078
eicu,erm,42,26.716666666666665,50.815162658691406
eicu,erm,42,32.483333333333334,31.47799301147461
eicu,erm,42,32.083333333333336,50.348052978515625
eicu,erm,42,67.81666666666666,48.70665740966797
eicu,erm,42,42.36666666666667,44.12989044189453
eicu,erm,42,63.13333333333333,50.2515754699707
eicu,erm,42,126.91666666666667,41.93025207519531
eicu,erm,42,62.85,49.131614685058594
eicu,erm,42,266.6666666666667,58.06122589111328
eicu,erm,42,383.15,51.241580963134766
eicu,erm,42,34.21666666666667,31.743545532226562
eicu,erm,42,96.38333333333334,41.92776870727539
eicu,erm,42,72.88333333333334,58.74460220336914
eicu,erm,42,58.083333333333336,46.65559768676758
eicu,erm,42,165.76666666666668,58.54318618774414
eicu,erm,42,127.51666666666667,48.23371124267578
eicu,erm,42,41.85,52.4051628112793
eicu,erm,42,152.5,61.44674301147461
eicu,erm,42,31.35,49.248836517333984
eicu,erm,42,213.75,57.20457077026367
eicu,erm,42,25.3,46.73655319213867
eicu,erm,42,165.16666666666666,41.6757926940918
eicu,erm,42,30.4,50.05385971069336
eicu,erm,42,47.71666666666667,50.8208122253418
eicu,erm,42,113.81666666666666,45.99279022216797
eicu,erm,42,239.71666666666667,51.41931915283203
eicu,erm,42,70.76666666666667,42.29703140258789
eicu,erm,42,98.41666666666667,51.45195007324219
eicu,erm,42,69.91666666666667,50.320980072021484
eicu,erm,42,396.2,53.072227478027344
eicu,erm,42,141.56666666666666,49.86207962036133
eicu,erm,42,41.96666666666667,42.97547149658203
eicu,erm,42,43.21666666666667,54.38276290893555
eicu,erm,42,72.4,52.056182861328125
eicu,erm,42,33.13333333333333,55.67325973510742
eicu,erm,42,29.083333333333332,26.78667449951172
eicu,erm,42,31.033333333333335,53.96749496459961
eicu,erm,42,25.283333333333335,25.90898323059082
eicu,erm,42,83.33333333333333,43.474464416503906
eicu,erm,42,337.1166666666667,50.33782958984375
eicu,erm,42,32.016666666666666,55.40637969970703
eicu,erm,42,26.45,28.1127986907959
eicu,erm,42,571.3166666666667,51.377220153808594
eicu,erm,42,58.43333333333333,42.9017333984375
eicu,erm,42,27.0,25.8333740234375
eicu,erm,42,59.38333333333333,51.89097213745117
eicu,erm,42,76.65,56.38203430175781
eicu,erm,42,511.9166666666667,47.08854675292969
eicu,erm,42,494.26666666666665,52.66913986206055
eicu,erm,42,38.4,52.81452941894531
eicu,erm,42,46.7,48.1978874206543
eicu,erm,42,39.53333333333333,42.82483673095703
eicu,erm,42,36.95,37.06893539428711
eicu,erm,42,51.6,51.833927154541016
eicu,erm,42,121.38333333333334,59.55282211303711
eicu,erm,42,26.366666666666667,35.860958099365234
eicu,erm,42,84.73333333333333,43.759742736816406
eicu,erm,42,31.45,29.311708450317383
eicu,erm,42,75.91666666666667,58.64867401123047
eicu,erm,42,27.0,30.000802993774414
eicu,erm,42,31.016666666666666,32.47965621948242
eicu,erm,42,49.11666666666667,51.42284393310547
eicu,erm,42,39.516666666666666,33.12694549560547
eicu,erm,42,37.36666666666667,33.53721618652344
eicu,erm,42,44.983333333333334,41.852638244628906
eicu,erm,42,53.81666666666667,50.38948440551758
eicu,erm,42,44.68333333333333,41.205833435058594
eicu,erm,42,25.933333333333334,51.48843002319336
eicu,erm,42,216.41666666666666,51.110477447509766
eicu,erm,42,39.81666666666667,55.33015441894531
eicu,erm,42,55.416666666666664,50.732215881347656
eicu,erm,42,49.65,49.17569351196289
eicu,erm,42,196.45,58.365882873535156
eicu,erm,42,94.66666666666667,52.35287094116211
eicu,erm,42,165.55,53.61723709106445
eicu,erm,42,182.8,50.331687927246094
eicu,erm,42,72.91666666666667,54.88443374633789
eicu,erm,42,114.0,49.297237396240234
eicu,erm,42,213.63333333333333,53.763404846191406
eicu,erm,42,27.333333333333332,26.774255752563477
eicu,erm,42,38.2,36.55805587768555
eicu,erm,42,52.43333333333333,41.75260925292969
eicu,erm,42,212.65,54.65493392944336
eicu,erm,42,67.86666666666666,54.285850524902344
eicu,erm,42,95.83333333333333,56.3947868347168
eicu,erm,42,48.38333333333333,49.134578704833984
eicu,erm,42,44.78333333333333,48.8681640625
eicu,erm,42,47.0,51.96645736694336
eicu,erm,42,112.68333333333334,56.63296890258789
eicu,erm,42,41.75,42.624755859375
eicu,erm,42,72.95,51.55331802368164
eicu,erm,42,74.3,53.5712890625
eicu,erm,42,118.26666666666667,52.71458435058594
eicu,erm,42,1411.0666666666666,54.348995208740234
eicu,erm,42,46.21666666666667,41.942806243896484
eicu,erm,42,99.76666666666667,53.685096740722656
eicu,erm,42,30.566666666666666,34.77256774902344
eicu,erm,42,77.1,50.12985610961914
eicu,erm,42,48.916666666666664,50.148719787597656
eicu,erm,42,40.7,48.381656646728516
eicu,erm,42,67.85,53.77197265625
eicu,erm,42,46.166666666666664,49.031341552734375
eicu,erm,42,39.333333333333336,43.28192138671875
eicu,erm,42,44.38333333333333,51.00395202636719
eicu,erm,42,35.78333333333333,49.56206512451172
eicu,erm,42,39.583333333333336,38.9130744934082
eicu,erm,42,30.183333333333334,46.38631057739258
eicu,erm,42,37.6,34.44497299194336
eicu,erm,42,44.016666666666666,50.126686096191406
eicu,erm,42,48.86666666666667,50.12795639038086
eicu,erm,42,300.7,60.11819839477539
eicu,erm,42,43.5,38.96186447143555
eicu,erm,42,47.166666666666664,49.85417556762695
eicu,erm,42,33.53333333333333,59.88218307495117
eicu,erm,42,24.966666666666665,24.816265106201172
eicu,erm,42,24.916666666666668,35.23354721069336
eicu,erm,42,37.36666666666667,34.97536087036133
eicu,erm,42,51.38333333333333,49.088966369628906
eicu,erm,42,29.166666666666668,48.27505874633789
eicu,erm,42,29.3,28.726852416992188
eicu,erm,42,1019.5333333333333,42.8553581237793
eicu,erm,42,39.65,56.899356842041016
eicu,erm,42,72.18333333333334,52.123165130615234
eicu,erm,42,52.916666666666664,56.06360626220703
eicu,erm,42,25.666666666666668,39.27771759033203
eicu,erm,42,35.31666666666667,53.39685821533203
eicu,erm,42,35.25,32.97245788574219
eicu,erm,42,42.71666666666667,41.94007110595703
eicu,erm,42,49.333333333333336,42.592315673828125
eicu,erm,42,59.833333333333336,56.3384895324707
eicu,erm,42,83.53333333333333,50.4296875
eicu,erm,42,123.36666666666666,50.67475891113281
eicu,erm,42,73.41666666666667,49.30361557006836
eicu,erm,42,43.483333333333334,47.473487854003906
eicu,erm,42,31.5,48.62178421020508
eicu,erm,42,45.3,49.553314208984375
eicu,erm,42,298.01666666666665,51.61357116699219
eicu,erm,42,70.1,50.252662658691406
eicu,erm,42,47.4,50.92750549316406
eicu,erm,42,51.31666666666667,53.34151077270508
eicu,erm,42,28.95,44.02840042114258
eicu,erm,42,170.0,53.030059814453125
eicu,erm,42,46.0,41.2480583190918
eicu,erm,42,29.9,29.41019058227539
eicu,erm,42,287.93333333333334,49.0325813293457
eicu,erm,42,65.3,41.72981262207031
eicu,erm,42,38.96666666666667,32.64220428466797
eicu,erm,42,102.43333333333334,53.53036117553711
eicu,erm,42,69.01666666666667,50.818092346191406
eicu,erm,42,26.833333333333332,27.17034912109375
eicu,erm,42,62.03333333333333,54.89527893066406
eicu,erm,42,53.96666666666667,43.300758361816406
eicu,erm,42,51.36666666666667,41.27317810058594
eicu,erm,42,382.56666666666666,50.54231262207031
eicu,erm,42,223.45,52.89970016479492
eicu,erm,42,43.083333333333336,41.28279495239258
eicu,erm,42,373.05,55.574466705322266
eicu,erm,42,90.0,49.54863739013672
eicu,erm,42,30.75,48.98057556152344
eicu,erm,42,120.15,60.07790756225586
eicu,erm,42,117.91666666666667,51.172447204589844
eicu,erm,42,27.883333333333333,41.52225875854492
eicu,erm,42,71.98333333333333,50.585819244384766
eicu,erm,42,72.33333333333333,42.354515075683594
eicu,erm,42,40.21666666666667,40.17548370361328
eicu,erm,42,39.416666666666664,39.59421920776367
eicu,erm,42,110.58333333333333,53.821014404296875
eicu,erm,42,117.95,51.38733673095703
eicu,erm,42,28.0,50.031795501708984
eicu,erm,42,151.06666666666666,47.058677673339844
eicu,erm,42,31.466666666666665,30.8775691986084
eicu,erm,42,101.01666666666667,57.61689758300781
eicu,erm,42,91.18333333333334,52.05481719970703
eicu,erm,42,71.25,48.70467758178711
eicu,erm,42,45.416666666666664,51.68637466430664
eicu,erm,42,33.4,48.363800048828125
eicu,erm,42,42.46666666666667,43.57078552246094
eicu,erm,42,25.216666666666665,24.144926071166992
eicu,erm,42,43.333333333333336,41.943111419677734
eicu,erm,42,249.33333333333334,51.286888122558594
eicu,erm,42,400.95,53.06867980957031
eicu,erm,42,142.35,41.59767150878906
eicu,erm,42,41.333333333333336,49.46286392211914
eicu,erm,42,50.9,45.6968879699707
eicu,erm,42,39.56666666666667,50.10844421386719
eicu,erm,42,165.83333333333334,49.738250732421875
eicu,erm,42,37.81666666666667,35.77586364746094
eicu,erm,42,33.55,31.762054443359375
eicu,erm,42,58.63333333333333,50.445777893066406
eicu,erm,42,33.5,54.98330307006836
eicu,erm,42,172.31666666666666,58.4201774597168
eicu,erm,42,120.0,48.93243408203125
eicu,erm,42,26.016666666666666,56.745094299316406
eicu,erm,42,47.75,49.63914108276367
eicu,erm,42,85.86666666666666,49.87714385986328
eicu,erm,42,24.283333333333335,55.9041633605957
eicu,erm,42,184.96666666666667,60.923118591308594
eicu,erm,42,109.65,53.850250244140625
eicu,erm,42,29.5,30.14631462097168
eicu,erm,42,64.06666666666666,47.569122314453125
eicu,erm,42,25.9,26.037506103515625
eicu,erm,42,100.5,40.70815658569336
eicu,erm,42,46.38333333333333,50.30432891845703
eicu,erm,42,30.666666666666668,44.59597396850586
eicu,erm,42,29.05,51.62590408325195
eicu,erm,42,44.083333333333336,44.28767776489258
eicu,erm,42,25.233333333333334,29.816625595092773
eicu,erm,42,712.2333333333333,59.701908111572266
eicu,erm,42,143.01666666666668,52.634220123291016
eicu,erm,42,29.85,50.41978073120117
eicu,erm,42,28.2,52.16657638549805
eicu,erm,42,71.35,41.546817779541016
eicu,erm,42,45.85,56.41279602050781
eicu,erm,42,64.76666666666667,55.331817626953125
eicu,erm,42,26.0,53.71670913696289
eicu,erm,42,195.23333333333332,52.1679573059082
eicu,erm,42,28.35,24.96489906311035
eicu,erm,42,94.2,49.8219108581543
eicu,erm,42,161.81666666666666,45.587684631347656
eicu,erm,42,34.666666666666664,33.5152702331543
eicu,erm,42,24.8,23.59933090209961
eicu,erm,42,25.683333333333334,27.009363174438477
eicu,erm,42,102.98333333333333,43.76801300048828
eicu,erm,42,72.13333333333334,53.285400390625
eicu,erm,42,64.83333333333333,43.24767303466797
eicu,erm,42,94.83333333333333,50.48332595825195
eicu,erm,42,225.41666666666666,47.47148513793945
eicu,erm,42,60.81666666666667,51.640018463134766
eicu,erm,42,49.233333333333334,49.780364990234375
eicu,erm,42,26.833333333333332,56.22039031982422
eicu,erm,42,51.86666666666667,43.393951416015625
eicu,erm,42,26.033333333333335,25.669795989990234
eicu,erm,42,215.23333333333332,53.33937072753906
eicu,erm,42,79.0,53.35531997680664
eicu,erm,42,39.55,34.5411491394043
eicu,erm,42,168.13333333333333,62.15067672729492
eicu,erm,42,41.483333333333334,50.13873291015625
eicu,erm,42,79.0,48.3814697265625
eicu,erm,42,165.0,48.892330169677734
eicu,erm,42,37.75,55.66026306152344
eicu,erm,42,41.36666666666667,48.92067337036133
eicu,erm,42,39.833333333333336,57.98062515258789
eicu,erm,42,34.56666666666667,33.88459396362305
eicu,erm,42,108.25,56.433937072753906
eicu,erm,42,70.26666666666667,52.05950927734375
eicu,erm,42,26.833333333333332,24.686986923217773
eicu,erm,42,313.0833333333333,50.99109649658203
eicu,erm,42,69.51666666666667,49.6634521484375
eicu,erm,42,83.71666666666667,47.180931091308594
eicu,erm,42,148.53333333333333,54.72092056274414
eicu,erm,42,47.88333333333333,52.69290542602539
eicu,erm,42,46.0,49.70134353637695
eicu,erm,42,57.833333333333336,50.39397048950195
eicu,erm,42,43.21666666666667,42.922203063964844
eicu,erm,42,67.26666666666667,50.76387405395508
eicu,erm,42,40.31666666666667,53.62252426147461
eicu,erm,42,171.18333333333334,46.49617004394531
eicu,erm,42,202.61666666666667,51.02389144897461
eicu,erm,42,46.81666666666667,45.47377395629883
eicu,erm,42,98.1,58.842166900634766
eicu,erm,42,45.28333333333333,41.305240631103516
eicu,erm,42,492.1333333333333,43.80739212036133
eicu,erm,42,40.31666666666667,64.71561431884766
eicu,erm,42,54.833333333333336,58.33079147338867
eicu,erm,42,149.48333333333332,57.320865631103516
eicu,erm,42,30.933333333333334,54.97673797607422
eicu,erm,42,53.9,53.9560432434082
eicu,erm,42,208.1,52.23381423950195
eicu,erm,42,432.3,50.38545227050781
eicu,erm,42,66.25,50.88087844848633
eicu,erm,42,30.333333333333332,36.200653076171875
eicu,erm,42,44.016666666666666,47.431495666503906
eicu,erm,42,40.95,39.341068267822266
eicu,erm,42,24.733333333333334,42.918861389160156
eicu,erm,42,24.633333333333333,62.23127746582031
eicu,erm,42,35.0,54.676116943359375
eicu,erm,42,143.8,61.65095901489258
eicu,erm,42,250.68333333333334,43.130401611328125
eicu,erm,42,125.2,44.196964263916016
eicu,erm,42,35.083333333333336,34.4560546875
eicu,erm,42,43.85,52.28144073486328
eicu,erm,42,35.65,36.1180305480957
eicu,erm,42,69.06666666666666,51.19078826904297
eicu,erm,42,75.16666666666667,55.07577133178711
eicu,erm,42,95.21666666666667,42.72730255126953
eicu,erm,42,66.13333333333334,51.21448516845703
eicu,erm,42,24.666666666666668,25.116729736328125
eicu,erm,42,36.13333333333333,32.841957092285156
eicu,erm,42,58.06666666666667,50.721248626708984
eicu,erm,42,67.33333333333333,51.540863037109375
eicu,erm,42,49.666666666666664,53.048858642578125
eicu,erm,42,33.0,55.53636169433594
eicu,erm,42,92.3,42.604644775390625
eicu,erm,42,117.78333333333333,51.320133209228516
eicu,erm,42,37.1,34.44826126098633
eicu,erm,42,38.083333333333336,49.858299255371094
eicu,erm,42,30.033333333333335,28.99396514892578
eicu,erm,42,73.5,42.98435592651367
eicu,erm,42,155.03333333333333,50.51436233520508
eicu,erm,42,101.53333333333333,40.47328567504883
eicu,erm,42,34.3,53.00801086425781
eicu,erm,42,25.166666666666668,21.812641143798828
eicu,erm,42,139.25,51.54076385498047
eicu,erm,42,31.6,59.13447952270508
eicu,erm,42,143.65,53.72526931762695
eicu,erm,42,146.33333333333334,60.01005554199219
eicu,erm,42,33.61666666666667,31.841205596923828
eicu,erm,42,26.466666666666665,51.55711364746094
eicu,erm,42,32.1,51.6335563659668
eicu,erm,42,42.15,65.73139190673828
eicu,erm,42,44.916666666666664,49.575782775878906
eicu,erm,42,90.55,49.27064514160156
eicu,erm,42,92.3,51.130123138427734
eicu,erm,42,29.1,24.103168487548828
eicu,erm,42,29.75,41.099143981933594
eicu,erm,42,47.93333333333333,45.6037712097168
eicu,erm,42,116.68333333333334,48.97062683105469
eicu,erm,42,29.883333333333333,50.006858825683594
eicu,erm,42,119.05,50.20319747924805
eicu,erm,42,461.6,45.95872116088867
eicu,erm,42,34.266666666666666,34.916141510009766
eicu,erm,42,55.766666666666666,52.214576721191406
eicu,erm,42,68.23333333333333,50.15529251098633
eicu,erm,42,25.483333333333334,53.63758087158203
eicu,erm,42,50.81666666666667,47.01394271850586
eicu,erm,42,49.9,48.81214904785156
eicu,erm,42,31.0,51.49432373046875
eicu,erm,42,26.266666666666666,23.661788940429688
eicu,erm,42,40.75,41.86494064331055
eicu,erm,42,25.066666666666666,24.742570877075195
eicu,erm,42,45.083333333333336,42.63743591308594
eicu,erm,42,239.13333333333333,49.18035888671875
eicu,erm,42,39.5,50.94499206542969
eicu,erm,42,28.283333333333335,52.643463134765625
eicu,erm,42,76.66666666666667,49.12944030761719
eicu,erm,42,43.3,50.0455207824707
eicu,erm,42,75.08333333333333,54.99785614013672
eicu,erm,42,179.8,52.45067596435547
eicu,erm,42,43.983333333333334,51.8701171875
eicu,erm,42,121.81666666666666,49.7230224609375
eicu,erm,42,28.6,52.961456298828125
eicu,erm,42,188.35,49.74276351928711
eicu,erm,42,74.33333333333333,51.31646728515625
eicu,erm,42,26.483333333333334,52.517391204833984
eicu,erm,42,37.1,27.633737564086914
eicu,erm,42,70.61666666666666,55.256011962890625
eicu,erm,42,482.25,49.3584098815918
eicu,erm,42,93.1,41.047855377197266
eicu,erm,42,89.5,54.75847625732422
eicu,erm,42,39.36666666666667,41.936458587646484
eicu,erm,42,196.76666666666668,49.08762741088867
eicu,erm,42,239.85,50.86269760131836
eicu,erm,42,83.63333333333334,46.74960708618164
eicu,erm,42,37.016666666666666,45.304447174072266
eicu,erm,42,55.45,53.36896896362305
eicu,erm,42,114.48333333333333,59.269168853759766
eicu,erm,42,156.55,50.912864685058594
eicu,erm,42,51.983333333333334,54.03374099731445
eicu,erm,42,70.25,43.678794860839844
eicu,erm,42,39.733333333333334,40.832908630371094
eicu,erm,42,52.916666666666664,48.873897552490234
eicu,erm,42,66.2,52.0455207824707
eicu,erm,42,32.266666666666666,32.43252182006836
eicu,erm,42,264.0,50.18398666381836
eicu,erm,42,260.4166666666667,49.52933120727539
eicu,erm,42,27.366666666666667,28.240829467773438
eicu,erm,42,43.166666666666664,42.60342788696289
eicu,erm,42,228.41666666666666,53.594791412353516
eicu,erm,42,27.716666666666665,54.144386291503906
eicu,erm,42,54.61666666666667,49.376182556152344
eicu,erm,42,47.166666666666664,47.88642120361328
eicu,erm,42,70.8,48.62097930908203
eicu,erm,42,100.96666666666667,46.89421463012695
eicu,erm,42,48.43333333333333,55.269161224365234
eicu,erm,42,26.083333333333332,37.201515197753906
eicu,erm,42,29.766666666666666,26.349830627441406
eicu,erm,42,192.3,50.364105224609375
eicu,erm,42,35.516666666666666,35.33050537109375
eicu,erm,42,102.83333333333333,63.016998291015625
eicu,erm,42,62.233333333333334,49.626708984375
eicu,erm,42,34.7,47.837677001953125
eicu,erm,42,32.083333333333336,55.70158767700195
eicu,erm,42,35.8,34.38157653808594
eicu,erm,42,41.35,37.27202224731445
eicu,erm,42,61.36666666666667,51.0940055847168
eicu,erm,42,139.23333333333332,53.985450744628906
eicu,erm,42,29.416666666666668,28.980323791503906
eicu,erm,42,471.25,54.307891845703125
eicu,erm,42,172.66666666666666,50.1646614074707
eicu,erm,42,30.55,51.51805877685547
eicu,erm,42,43.46666666666667,51.02817153930664
eicu,erm,42,39.46666666666667,47.481056213378906
eicu,erm,42,86.4,56.708675384521484
eicu,erm,42,40.0,33.95903778076172
eicu,erm,42,45.4,55.68409729003906
eicu,erm,42,78.13333333333334,49.40462875366211
eicu,erm,42,85.31666666666666,49.69305419921875
eicu,erm,42,29.316666666666666,50.45698928833008
eicu,erm,42,24.566666666666666,51.97944259643555
eicu,erm,42,49.016666666666666,40.89472198486328
eicu,erm,42,28.316666666666666,59.348426818847656
eicu,erm,42,49.13333333333333,52.627750396728516
eicu,erm,42,132.8,52.25863265991211
eicu,erm,42,89.01666666666667,49.857887268066406
eicu,erm,42,43.25,48.755340576171875
eicu,erm,42,69.41666666666667,53.40015411376953
eicu,erm,42,42.13333333333333,44.477115631103516
eicu,erm,42,73.36666666666666,48.72933578491211
eicu,erm,42,68.68333333333334,44.885318756103516
eicu,erm,42,82.85,48.622718811035156
eicu,erm,42,39.11666666666667,41.36197280883789
eicu,erm,42,42.766666666666666,42.978397369384766
eicu,erm,42,44.36666666666667,47.81632995605469
eicu,erm,42,31.75,53.349945068359375
eicu,erm,42,129.83333333333334,58.1090087890625
eicu,erm,42,25.55,51.98520278930664
eicu,erm,42,54.28333333333333,48.185359954833984
eicu,erm,42,94.73333333333333,55.26878356933594
eicu,erm,42,28.9,52.71938705444336
eicu,erm,42,27.85,26.49883460998535
eicu,erm,42,50.083333333333336,41.521427154541016
eicu,erm,42,69.73333333333333,50.32845687866211
eicu,erm,42,27.3,26.541011810302734
eicu,erm,42,301.78333333333336,61.79391860961914
eicu,erm,42,34.9,48.10441970825195
eicu,erm,42,87.2,54.15061569213867
eicu,erm,42,106.96666666666667,55.99018859863281
eicu,erm,42,96.76666666666667,42.89649963378906
eicu,erm,42,51.38333333333333,51.5694580078125
eicu,erm,42,88.5,51.547454833984375
eicu,erm,42,61.516666666666666,43.12928771972656
eicu,erm,42,91.31666666666666,53.90619659423828
eicu,erm,42,149.35,51.08164978027344
eicu,erm,42,116.55,56.436317443847656
eicu,erm,42,25.233333333333334,56.00956726074219
eicu,erm,42,31.416666666666668,28.172719955444336
eicu,erm,42,39.45,36.69717788696289
eicu,erm,42,47.11666666666667,49.688812255859375
eicu,erm,42,76.78333333333333,38.59282684326172
eicu,erm,42,35.7,52.11679458618164
eicu,erm,42,205.66666666666666,51.11170959472656
eicu,erm,42,51.583333333333336,41.997859954833984
eicu,erm,42,24.766666666666666,23.161542892456055
eicu,erm,42,53.35,49.65932083129883
eicu,erm,42,70.8,57.22711181640625
eicu,erm,42,34.35,52.923583984375
eicu,erm,42,676.5833333333334,50.684600830078125
eicu,erm,42,24.533333333333335,24.486021041870117
eicu,erm,42,104.75,51.956912994384766
eicu,erm,42,47.71666666666667,49.45183181762695
eicu,erm,42,29.1,27.960241317749023
eicu,erm,42,97.65,50.72792053222656
eicu,erm,42,92.21666666666667,52.01105499267578
eicu,erm,42,33.71666666666667,33.24119186401367
eicu,erm,42,49.583333333333336,48.34489059448242
eicu,erm,42,129.48333333333332,50.162391662597656
eicu,erm,42,43.53333333333333,42.89463806152344
eicu,erm,42,31.55,28.23811149597168
eicu,erm,42,97.61666666666666,51.564231872558594
eicu,erm,42,59.2,57.6798210144043
eicu,erm,42,225.4,49.97872543334961
eicu,erm,42,45.85,43.023948669433594
eicu,erm,42,152.23333333333332,51.16664123535156
eicu,erm,42,678.8333333333334,55.43775177001953
eicu,erm,42,64.71666666666667,59.57035446166992
eicu,erm,42,735.5833333333334,51.01704406738281
eicu,erm,42,50.0,42.754127502441406
eicu,erm,42,27.0,47.90937423706055
eicu,erm,42,51.9,54.696563720703125
eicu,erm,42,178.55,51.75136947631836
eicu,erm,42,483.55,53.71689224243164
eicu,erm,42,59.75,50.8913688659668
eicu,erm,42,132.26666666666668,57.5255126953125
eicu,erm,42,59.516666666666666,57.04816436767578
eicu,erm,42,188.5,48.06742477416992
eicu,erm,42,48.583333333333336,50.03755187988281
eicu,erm,42,61.5,52.098968505859375
eicu,erm,42,74.35,48.71767044067383
eicu,erm,42,27.35,26.800378799438477
eicu,erm,42,53.61666666666667,50.44447708129883
eicu,erm,42,67.43333333333334,49.10551834106445
eicu,erm,42,84.05,46.90354537963867
eicu,erm,42,380.28333333333336,64.80388641357422
eicu,erm,42,73.5,51.44894790649414
eicu,erm,42,103.68333333333334,52.43824005126953
eicu,erm,42,66.03333333333333,50.95145797729492
eicu,erm,42,66.98333333333333,49.905765533447266
eicu,erm,42,219.01666666666668,48.73905944824219
eicu,erm,42,73.6,51.00798034667969
eicu,erm,42,26.266666666666666,56.69932174682617
eicu,erm,42,136.78333333333333,52.780025482177734
eicu,erm,42,110.3,52.906497955322266
eicu,erm,42,219.28333333333333,50.86000442504883
eicu,erm,42,57.916666666666664,52.886749267578125
eicu,erm,42,59.95,50.30305862426758
eicu,erm,42,24.35,58.63860321044922
eicu,erm,42,27.733333333333334,53.56189727783203
eicu,erm,42,144.01666666666668,48.382423400878906
eicu,erm,42,60.43333333333333,51.034942626953125
eicu,erm,42,130.66666666666666,42.95066452026367
eicu,erm,42,83.0,57.220558166503906
eicu,erm,42,50.11666666666667,49.49974060058594
eicu,erm,42,333.73333333333335,54.234256744384766
eicu,erm,42,29.666666666666668,53.72597122192383
eicu,erm,42,24.833333333333332,23.273712158203125
eicu,erm,42,48.666666666666664,51.61101150512695
eicu,erm,42,37.55,38.5858154296875
eicu,erm,42,27.116666666666667,27.9887638092041
eicu,erm,42,28.7,27.26788330078125
eicu,erm,42,50.71666666666667,53.92958068847656
eicu,erm,42,43.916666666666664,49.64668655395508
eicu,erm,42,37.86666666666667,34.712303161621094
eicu,erm,42,69.76666666666667,49.49379348754883
eicu,erm,42,35.733333333333334,33.428775787353516
eicu,erm,42,262.3666666666667,50.98919677734375
eicu,erm,42,93.25,51.01066970825195
eicu,erm,42,63.85,50.94724655151367
eicu,erm,42,51.21666666666667,50.86032485961914
eicu,erm,42,65.18333333333334,50.27695083618164
eicu,erm,42,28.216666666666665,53.00947952270508
eicu,erm,42,79.66666666666667,52.32210922241211
eicu,erm,42,97.65,51.634132385253906
eicu,erm,42,155.4,48.53067398071289
eicu,erm,42,87.41666666666667,49.205726623535156
eicu,erm,42,58.5,50.225101470947266
eicu,erm,42,63.0,42.27297592163086
eicu,erm,42,42.86666666666667,42.155250549316406
eicu,erm,42,29.15,50.00887680053711
eicu,erm,42,87.91666666666667,54.253353118896484
eicu,erm,42,135.11666666666667,55.15950012207031
eicu,erm,42,54.46666666666667,53.8016471862793
eicu,erm,42,70.6,55.12601089477539
eicu,erm,42,238.83333333333334,57.02666091918945
eicu,erm,42,32.85,48.58491897583008
eicu,erm,42,85.7,49.912540435791016
eicu,erm,42,121.33333333333333,48.0151252746582
eicu,erm,42,50.05,48.37905502319336
eicu,erm,42,38.75,38.94567108154297
eicu,erm,42,525.9833333333333,52.0229606628418
eicu,erm,42,57.5,47.122745513916016
eicu,erm,42,35.21666666666667,46.37932586669922
eicu,erm,42,64.91666666666667,51.584449768066406
eicu,erm,42,171.1,57.340030670166016
eicu,erm,42,71.61666666666666,49.74332046508789
eicu,erm,42,69.65,43.14496612548828
eicu,erm,42,39.916666666666664,37.953609466552734
eicu,erm,42,27.433333333333334,28.390920639038086
eicu,erm,42,156.93333333333334,42.78800964355469
eicu,erm,42,27.983333333333334,52.54904556274414
eicu,erm,42,75.25,54.96630096435547
eicu,erm,42,46.0,40.87897491455078
eicu,erm,42,274.43333333333334,48.527488708496094
eicu,erm,42,141.33333333333334,52.7234992980957
eicu,erm,42,34.483333333333334,54.41380310058594
eicu,erm,42,64.21666666666667,51.64350891113281
eicu,erm,42,308.95,61.86054611206055
eicu,erm,42,28.616666666666667,61.58368682861328
eicu,erm,42,78.75,54.523990631103516
eicu,erm,42,35.36666666666667,49.49899673461914
eicu,erm,42,66.55,51.939693450927734
eicu,erm,42,28.35,50.95109558105469
eicu,erm,42,115.06666666666666,48.01484680175781
eicu,erm,42,131.53333333333333,55.139713287353516
eicu,erm,42,56.3,52.47609329223633
eicu,erm,42,37.4,35.17762756347656
eicu,erm,42,99.03333333333333,50.00853729248047
eicu,erm,42,29.133333333333333,28.88344955444336
eicu,erm,42,72.11666666666666,43.342613220214844
eicu,erm,42,36.38333333333333,55.48082733154297
eicu,erm,42,129.43333333333334,51.05944061279297
eicu,erm,42,41.016666666666666,50.20649337768555
eicu,erm,42,33.833333333333336,32.100555419921875
eicu,erm,42,104.2,47.95901870727539
eicu,erm,42,47.733333333333334,52.136173248291016
eicu,erm,42,161.31666666666666,52.19945526123047
eicu,erm,42,72.11666666666666,50.00969314575195
eicu,erm,42,108.73333333333333,42.50800323486328
eicu,erm,42,25.066666666666666,26.89111328125
eicu,erm,42,70.73333333333333,51.44402313232422
eicu,erm,42,42.18333333333333,54.98415756225586
eicu,erm,42,51.266666666666666,50.345947265625
eicu,erm,42,24.583333333333332,39.98143005371094
eicu,erm,42,36.96666666666667,45.01644515991211
eicu,erm,42,88.21666666666667,57.2254753112793
eicu,erm,42,367.93333333333334,52.55622100830078
eicu,erm,42,90.85,53.48371887207031
eicu,erm,42,37.35,37.31389236450195
eicu,erm,42,121.1,49.43677520751953
eicu,erm,42,37.25,32.41703796386719
eicu,erm,42,32.88333333333333,46.87551498413086
eicu,erm,42,25.316666666666666,25.037986755371094
eicu,erm,42,66.41666666666667,53.40055465698242
eicu,erm,42,47.416666666666664,42.61111068725586
eicu,erm,42,32.833333333333336,47.11396026611328
eicu,erm,42,293.1333333333333,57.71973419189453
eicu,erm,42,48.53333333333333,49.35905838012695
eicu,erm,42,30.7,30.37547492980957
eicu,erm,42,164.28333333333333,49.6878547668457
eicu,erm,42,257.73333333333335,54.707984924316406
eicu,erm,42,226.76666666666668,59.295040130615234
eicu,erm,42,59.45,48.760860443115234
eicu,erm,42,31.566666666666666,52.41513442993164
eicu,erm,42,39.983333333333334,38.267635345458984
eicu,erm,42,35.55,34.54802703857422
eicu,erm,42,41.86666666666667,45.883487701416016
eicu,erm,42,25.9,22.465564727783203
eicu,erm,42,56.2,43.932613372802734
eicu,erm,42,94.9,54.82975387573242
eicu,erm,42,63.416666666666664,57.45207977294922
eicu,erm,42,42.833333333333336,50.7979850769043
eicu,erm,42,39.06666666666667,37.41658401489258
eicu,erm,42,679.2833333333333,54.71754837036133
eicu,erm,42,62.0,48.68803405761719
eicu,erm,42,33.06666666666667,54.155982971191406
eicu,erm,42,38.53333333333333,36.20497512817383
eicu,erm,42,26.766666666666666,52.194480895996094
eicu,erm,42,84.81666666666666,51.37369918823242
eicu,erm,42,69.91666666666667,50.12366485595703
eicu,erm,42,33.65,32.806941986083984
eicu,erm,42,51.56666666666667,49.67702865600586
eicu,erm,42,29.633333333333333,53.20750045776367
eicu,erm,42,83.58333333333333,53.84922790527344
eicu,erm,42,24.4,53.501129150390625
eicu,erm,42,140.73333333333332,51.75676727294922
eicu,erm,42,43.1,41.9207763671875
eicu,erm,42,61.86666666666667,49.91039276123047
eicu,erm,42,95.01666666666667,51.19350051879883
eicu,erm,42,26.15,52.512237548828125
eicu,erm,42,204.08333333333334,43.328121185302734
eicu,erm,42,137.66666666666666,51.26367950439453
eicu,erm,42,464.93333333333334,51.43434524536133
eicu,erm,42,43.56666666666667,51.94929885864258
eicu,erm,42,75.16666666666667,52.12102508544922
eicu,erm,42,86.56666666666666,48.427310943603516
eicu,erm,42,35.43333333333333,55.083526611328125
eicu,erm,42,70.96666666666667,41.74518966674805
eicu,erm,42,44.6,47.38419723510742
eicu,erm,42,44.333333333333336,51.08125305175781
eicu,erm,42,72.25,49.58779525756836
eicu,erm,42,44.61666666666667,49.88471603393555
eicu,erm,42,72.58333333333333,49.54706954956055
eicu,erm,42,105.45,64.31266021728516
eicu,erm,42,69.76666666666667,49.83262252807617
eicu,erm,42,28.266666666666666,27.30424690246582
eicu,erm,42,99.36666666666666,43.1178092956543
eicu,erm,42,84.06666666666666,47.82291793823242
eicu,erm,42,26.0,43.80101776123047
eicu,erm,42,33.53333333333333,55.478187561035156
eicu,erm,42,211.33333333333334,55.018150329589844
eicu,erm,42,55.36666666666667,48.12255859375
eicu,erm,42,167.66666666666666,51.55194091796875
eicu,erm,42,25.183333333333334,53.06378173828125
eicu,erm,42,302.78333333333336,54.72166442871094
eicu,erm,42,24.666666666666668,25.115596771240234
eicu,erm,42,36.05,41.83888626098633
eicu,erm,42,47.6,51.71247100830078
eicu,erm,42,92.9,56.977237701416016
eicu,erm,42,60.71666666666667,53.64018630981445
eicu,erm,42,44.333333333333336,59.46686935424805
eicu,erm,42,26.9,54.12908172607422
eicu,erm,42,95.71666666666667,52.072059631347656
eicu,erm,42,38.7,43.487083435058594
eicu,erm,42,39.2,53.18455505371094
eicu,erm,42,29.383333333333333,37.13644790649414
eicu,erm,42,95.7,54.96867752075195
eicu,erm,42,45.71666666666667,41.83301544189453
eicu,erm,42,38.55,34.27747344970703
eicu,erm,42,34.45,31.21738052368164
eicu,erm,42,28.85,54.9552001953125
eicu,erm,42,48.0,41.815513610839844
eicu,erm,42,61.88333333333333,50.204124450683594
eicu,erm,42,72.08333333333333,42.71702575683594
eicu,erm,42,74.88333333333334,40.89334487915039
eicu,erm,42,73.05,49.674625396728516
eicu,erm,42,62.68333333333333,50.06755447387695
eicu,erm,42,120.58333333333333,50.20258712768555
eicu,erm,42,63.43333333333333,52.09531021118164
eicu,erm,42,52.85,54.430477142333984
eicu,erm,42,41.0,44.73590087890625
eicu,erm,42,28.883333333333333,35.6184196472168
eicu,erm,42,49.93333333333333,50.72286605834961
eicu,erm,42,63.483333333333334,49.842926025390625
eicu,erm,42,31.866666666666667,37.6419563293457
eicu,erm,42,50.8,47.237571716308594
eicu,erm,42,372.1166666666667,55.053260803222656
eicu,erm,42,41.85,42.38912582397461
eicu,erm,42,55.45,46.33318328857422
eicu,erm,42,44.766666666666666,48.85242462158203
eicu,erm,42,48.916666666666664,48.50727462768555
eicu,erm,42,173.28333333333333,51.69532012939453
eicu,erm,42,46.516666666666666,50.59804916381836
eicu,erm,42,119.86666666666666,47.22843933105469
eicu,erm,42,49.833333333333336,33.036521911621094
eicu,erm,42,61.166666666666664,51.53650665283203
eicu,erm,42,43.666666666666664,51.50662612915039
eicu,erm,42,108.63333333333334,55.95085144042969
eicu,erm,42,65.16666666666667,54.44921875
eicu,erm,42,52.0,55.74510955810547
eicu,erm,42,41.083333333333336,46.73981857299805
eicu,erm,42,139.38333333333333,50.584712982177734
eicu,erm,42,370.23333333333335,52.90440368652344
eicu,erm,42,236.15,53.010379791259766
eicu,erm,42,26.55,50.671714782714844
eicu,erm,42,73.38333333333334,54.79600524902344
eicu,erm,42,27.116666666666667,24.36134910583496
eicu,erm,42,29.8,26.62372589111328
eicu,erm,42,24.766666666666666,50.964080810546875
eicu,erm,42,75.61666666666666,48.86790466308594
eicu,erm,42,25.683333333333334,53.07916259765625
eicu,erm,42,24.016666666666666,51.50495147705078
eicu,erm,42,148.56666666666666,55.01361083984375
eicu,erm,42,99.01666666666667,48.167728424072266
eicu,erm,42,85.96666666666667,50.935367584228516
eicu,erm,42,32.916666666666664,26.326927185058594
eicu,erm,42,570.3333333333334,51.488529205322266
eicu,erm,42,24.916666666666668,54.56387710571289
eicu,erm,42,90.96666666666667,51.74848937988281
eicu,erm,42,29.2,51.747962951660156
eicu,erm,42,167.63333333333333,51.42958450317383
eicu,erm,42,30.983333333333334,53.72819137573242
eicu,erm,42,30.833333333333332,61.122215270996094
eicu,erm,42,44.75,42.815799713134766
eicu,erm,42,98.95,55.824363708496094
eicu,erm,42,44.31666666666667,45.7004280090332
eicu,erm,42,35.36666666666667,34.40360641479492
eicu,erm,42,71.7,49.13374328613281
eicu,erm,42,250.6,52.47883605957031
eicu,erm,42,26.866666666666667,26.61805534362793
eicu,erm,42,34.65,32.02385711669922
eicu,erm,42,41.5,40.51093673706055
eicu,erm,42,73.18333333333334,44.260650634765625
eicu,erm,42,61.0,49.10816955566406
eicu,erm,42,26.733333333333334,26.59746742248535
eicu,erm,42,121.0,59.08729934692383
eicu,erm,42,111.25,57.22294616699219
eicu,erm,42,153.35,51.209442138671875
eicu,erm,42,123.73333333333333,49.067020416259766
eicu,erm,42,97.43333333333334,48.86466979980469
eicu,erm,42,56.233333333333334,50.64256286621094
eicu,erm,42,72.43333333333334,49.73299026489258
eicu,erm,42,62.666666666666664,43.94471740722656
eicu,erm,42,42.333333333333336,43.04039001464844
eicu,erm,42,34.65,36.42812728881836
eicu,erm,42,29.333333333333332,36.66912841796875
eicu,erm,42,106.85,52.363250732421875
eicu,erm,42,30.433333333333334,28.86604881286621
eicu,erm,42,71.53333333333333,43.536685943603516
eicu,erm,42,113.7,51.153446197509766
eicu,erm,42,214.96666666666667,46.50514221191406
eicu,erm,42,25.566666666666666,39.44749069213867
eicu,erm,42,117.91666666666667,49.263336181640625
eicu,erm,42,46.9,48.99795150756836
eicu,erm,42,115.5,55.72517013549805
eicu,erm,42,43.55,50.53893280029297
eicu,erm,42,71.6,41.57521057128906
eicu,erm,42,115.73333333333333,52.57642364501953
eicu,erm,42,40.983333333333334,58.86822509765625
eicu,erm,42,171.23333333333332,52.29170608520508
eicu,erm,42,50.166666666666664,49.6905517578125
eicu,erm,42,71.13333333333334,41.43562698364258
eicu,erm,42,70.53333333333333,50.49189376831055
eicu,erm,42,42.43333333333333,42.021324157714844
eicu,erm,42,31.083333333333332,57.86848831176758
eicu,erm,42,93.46666666666667,52.6212158203125
eicu,erm,42,170.51666666666668,60.1069221496582
eicu,erm,42,109.65,50.66376876831055
eicu,erm,42,33.583333333333336,50.15098571777344
eicu,erm,42,110.35,53.21918487548828
eicu,erm,42,65.16666666666667,49.475608825683594
eicu,erm,42,40.833333333333336,54.642940521240234
eicu,erm,42,43.8,42.68275833129883
eicu,erm,42,33.11666666666667,31.543785095214844
eicu,erm,42,50.63333333333333,49.9576301574707
eicu,erm,42,87.96666666666667,51.49055480957031
eicu,erm,42,112.76666666666667,45.279239654541016
eicu,erm,42,25.183333333333334,23.058609008789062
eicu,erm,42,46.21666666666667,50.09657669067383
eicu,erm,42,70.98333333333333,50.31038284301758
eicu,erm,42,56.3,57.64714813232422
eicu,erm,42,52.46666666666667,57.7616081237793
eicu,erm,42,89.23333333333333,52.69475173950195
eicu,erm,42,189.0,49.17959213256836
eicu,erm,42,148.78333333333333,45.14427185058594
eicu,erm,42,27.383333333333333,53.224876403808594
eicu,erm,42,55.03333333333333,49.66050338745117
eicu,erm,42,28.75,29.369455337524414
eicu,erm,42,176.48333333333332,62.547264099121094
eicu,erm,42,578.7833333333333,48.80476379394531
eicu,erm,42,213.65,51.90052795410156
eicu,erm,42,358.93333333333334,51.71391677856445
eicu,erm,42,53.2,49.479339599609375
eicu,erm,42,44.833333333333336,49.11787414550781
eicu,erm,42,43.81666666666667,48.18118667602539
eicu,erm,42,52.61666666666667,48.73781204223633
eicu,erm,42,66.7,50.95111083984375
eicu,erm,42,143.05,49.79011154174805
eicu,erm,42,204.73333333333332,50.75040817260742
eicu,erm,42,28.0,52.14742660522461
eicu,erm,42,47.25,43.08131408691406
eicu,erm,42,31.7,34.27570724487305
eicu,erm,42,53.983333333333334,49.218597412109375
eicu,erm,42,128.5,56.157806396484375
eicu,erm,42,134.41666666666666,54.67319869995117
eicu,erm,42,51.38333333333333,57.01966094970703
eicu,erm,42,28.7,53.75032424926758
eicu,erm,42,41.416666666666664,41.1904411315918
eicu,erm,42,27.783333333333335,28.26467514038086
eicu,erm,42,49.63333333333333,49.91448211669922
eicu,erm,42,48.81666666666667,42.83553695678711
eicu,erm,42,49.81666666666667,49.1507453918457
eicu,erm,42,120.15,47.761993408203125
eicu,erm,42,28.95,54.433597564697266
eicu,erm,42,38.38333333333333,54.48344421386719
eicu,erm,42,39.333333333333336,37.718894958496094
eicu,erm,42,53.35,52.927181243896484
eicu,erm,42,40.3,53.86628341674805
eicu,erm,42,47.016666666666666,51.65126419067383
eicu,erm,42,48.45,49.85222244262695
eicu,erm,42,43.166666666666664,51.28799819946289
eicu,erm,42,60.36666666666667,43.30933380126953
eicu,erm,42,255.26666666666668,51.639678955078125
eicu,erm,42,37.86666666666667,48.641876220703125
eicu,erm,42,104.51666666666667,50.63582992553711
eicu,erm,42,62.516666666666666,42.013423919677734
eicu,erm,42,102.03333333333333,51.910457611083984
eicu,erm,42,90.18333333333334,51.52288055419922
eicu,erm,42,36.13333333333333,52.560359954833984
eicu,erm,42,161.86666666666667,51.46996307373047
eicu,erm,42,83.13333333333334,43.60807800292969
eicu,erm,42,57.45,47.76409912109375
eicu,erm,42,31.333333333333332,45.82192611694336
eicu,erm,42,192.66666666666666,48.828304290771484
eicu,erm,42,200.51666666666668,49.78767776489258
eicu,erm,42,57.13333333333333,51.56303024291992
eicu,erm,42,60.46666666666667,53.811031341552734
eicu,erm,42,123.4,46.97956466674805
eicu,erm,42,50.416666666666664,54.201499938964844
eicu,erm,42,43.65,42.54072189331055
eicu,erm,42,29.866666666666667,46.79568099975586
eicu,erm,42,86.3,55.38180160522461
eicu,erm,42,261.8666666666667,50.497074127197266
eicu,erm,42,26.0,24.114824295043945
eicu,erm,42,45.666666666666664,48.65169906616211
eicu,erm,42,51.61666666666667,49.45054626464844
eicu,erm,42,95.03333333333333,54.19331359863281
eicu,erm,42,42.266666666666666,49.35894775390625
eicu,erm,42,96.43333333333334,55.444129943847656
eicu,erm,42,26.0,45.631614685058594
eicu,erm,42,27.483333333333334,44.92865753173828
eicu,erm,42,31.233333333333334,35.28842544555664
eicu,erm,42,52.31666666666667,50.29361343383789
eicu,erm,42,56.6,48.635318756103516
eicu,erm,42,40.833333333333336,37.465450286865234
eicu,erm,42,73.53333333333333,53.66984558105469
eicu,erm,42,41.666666666666664,46.61880874633789
eicu,erm,42,87.51666666666667,51.715389251708984
eicu,erm,42,160.28333333333333,54.134498596191406
eicu,erm,42,42.733333333333334,48.90224075317383
eicu,erm,42,24.683333333333334,57.27808380126953
eicu,erm,42,116.23333333333333,52.53969955444336
eicu,erm,42,90.61666666666666,43.10009002685547
eicu,erm,42,58.766666666666666,52.25261306762695
eicu,erm,42,58.916666666666664,51.49984359741211
eicu,erm,42,37.166666666666664,35.516937255859375
eicu,erm,42,288.8666666666667,56.66392135620117
eicu,erm,42,504.93333333333334,40.481929779052734
eicu,erm,42,25.966666666666665,24.736494064331055
eicu,erm,42,82.56666666666666,52.72776412963867
eicu,erm,42,93.33333333333333,41.19997787475586
eicu,erm,42,60.3,48.85917663574219
eicu,erm,42,301.65,50.1053466796875
eicu,erm,42,27.75,50.66408920288086
eicu,erm,42,165.5,42.5980110168457
eicu,erm,42,30.716666666666665,28.835643768310547
eicu,erm,42,97.81666666666666,52.2110595703125
eicu,erm,42,26.516666666666666,25.801908493041992
eicu,erm,42,46.31666666666667,41.926876068115234
eicu,erm,42,49.3,51.417747497558594
eicu,erm,42,39.56666666666667,40.13639450073242
eicu,erm,42,133.23333333333332,51.63319396972656
eicu,erm,42,115.9,52.82101058959961
eicu,erm,42,83.85,50.97928237915039
eicu,erm,42,25.016666666666666,51.408897399902344
eicu,erm,42,27.983333333333334,23.395050048828125
eicu,erm,42,241.5,48.70298385620117
eicu,erm,42,42.11666666666667,41.689735412597656
eicu,erm,42,41.71666666666667,47.729488372802734
eicu,erm,42,63.18333333333333,50.322349548339844
eicu,erm,42,37.78333333333333,35.731468200683594
eicu,erm,42,26.9,47.14994812011719
eicu,erm,42,123.61666666666666,46.7113151550293
eicu,erm,42,42.55,42.51428985595703
eicu,erm,42,536.2,52.75670623779297
eicu,erm,42,50.38333333333333,47.36440658569336
eicu,erm,42,383.9166666666667,49.326255798339844
eicu,erm,42,32.766666666666666,35.34885025024414
eicu,erm,42,66.61666666666666,49.84653854370117
eicu,erm,42,38.083333333333336,55.24394226074219
eicu,erm,42,85.7,51.4698371887207
eicu,erm,42,29.85,55.299781799316406
eicu,erm,42,32.8,28.441184997558594
eicu,erm,42,29.666666666666668,34.76560974121094
eicu,erm,42,34.333333333333336,54.5970573425293
eicu,erm,42,25.166666666666668,42.81192398071289
eicu,erm,42,52.46666666666667,49.34144592285156
eicu,erm,42,411.95,53.847530364990234
eicu,erm,42,37.416666666666664,33.5817756652832
eicu,erm,42,73.08333333333333,52.011837005615234
eicu,erm,42,45.733333333333334,40.868831634521484
eicu,erm,42,1108.3166666666666,51.95008087158203
eicu,erm,42,51.083333333333336,49.16449737548828
eicu,erm,42,89.98333333333333,52.83281707763672
eicu,erm,42,42.766666666666666,42.63727951049805
eicu,erm,42,37.38333333333333,42.858421325683594
eicu,erm,42,29.383333333333333,50.46719741821289
eicu,erm,42,187.15,48.898895263671875
eicu,erm,42,185.58333333333334,51.04560089111328
eicu,erm,42,41.833333333333336,43.256431579589844
eicu,erm,42,121.15,45.44003677368164
eicu,erm,42,67.51666666666667,42.28040313720703
eicu,erm,42,120.85,50.17640686035156
eicu,erm,42,42.35,52.248741149902344
eicu,erm,42,40.28333333333333,41.25316619873047
eicu,erm,42,360.96666666666664,50.403968811035156
eicu,erm,42,39.2,35.309783935546875
eicu,erm,42,50.083333333333336,42.65711212158203
eicu,erm,42,25.333333333333332,25.916156768798828
eicu,erm,42,175.71666666666667,54.42156982421875
eicu,erm,42,49.0,49.28351974487305
eicu,erm,42,82.33333333333333,50.85580062866211
eicu,erm,42,191.03333333333333,49.754730224609375
eicu,erm,42,29.45,31.662067413330078
eicu,erm,42,59.916666666666664,50.142303466796875
eicu,erm,42,52.65,42.31183624267578
eicu,erm,42,37.8,35.932212829589844
eicu,erm,42,45.0,48.84722137451172
eicu,erm,42,68.75,55.64365005493164
eicu,erm,42,316.46666666666664,59.85710906982422
eicu,erm,42,55.55,42.347869873046875
eicu,erm,42,162.85,56.42607498168945
eicu,erm,42,381.46666666666664,52.69532775878906
eicu,erm,42,47.86666666666667,55.63282012939453
eicu,erm,42,43.43333333333333,49.36455535888672
eicu,erm,42,38.583333333333336,35.15754318237305
eicu,erm,42,60.68333333333333,48.25506591796875
eicu,erm,42,42.43333333333333,48.071556091308594
eicu,erm,42,70.5,50.62061309814453
eicu,erm,42,64.6,49.87789535522461
eicu,erm,42,74.01666666666667,49.022705078125
eicu,erm,42,49.416666666666664,56.374237060546875
eicu,erm,42,78.78333333333333,49.803131103515625
eicu,erm,42,85.88333333333334,55.822059631347656
eicu,erm,42,32.083333333333336,54.16776657104492
eicu,erm,42,25.516666666666666,45.35758972167969
eicu,erm,42,61.2,44.26103973388672
eicu,erm,42,50.8,55.072322845458984
eicu,erm,42,175.21666666666667,55.92212677001953
eicu,erm,42,118.21666666666667,50.320796966552734
eicu,erm,42,72.98333333333333,50.301002502441406
eicu,erm,42,168.53333333333333,53.560997009277344
eicu,erm,42,70.83333333333333,55.06459426879883
eicu,erm,42,42.36666666666667,43.34284591674805
eicu,erm,42,48.61666666666667,42.35610580444336
eicu,erm,42,38.35,57.4657096862793
eicu,erm,42,64.78333333333333,56.04526901245117
eicu,erm,42,25.033333333333335,26.35387420654297
eicu,erm,42,171.61666666666667,61.43346405029297
eicu,erm,42,25.75,27.412832260131836
eicu,erm,42,24.816666666666666,47.27827835083008
eicu,erm,42,46.833333333333336,42.21541213989258
eicu,erm,42,172.0,42.82231903076172
eicu,erm,42,169.68333333333334,58.976348876953125
eicu,erm,42,46.333333333333336,49.882362365722656
eicu,erm,42,163.33333333333334,49.86943054199219
eicu,erm,42,31.583333333333332,52.13777160644531
eicu,erm,42,48.666666666666664,58.80927658081055
eicu,erm,42,72.23333333333333,51.59213638305664
eicu,erm,42,28.783333333333335,56.3217887878418
eicu,erm,42,40.233333333333334,40.56465148925781
eicu,erm,42,59.03333333333333,57.6475944519043
eicu,erm,42,27.633333333333333,23.66805076599121
eicu,erm,42,62.38333333333333,54.64002227783203
eicu,erm,42,44.46666666666667,44.51768493652344
eicu,erm,42,44.31666666666667,44.68247985839844
eicu,erm,42,33.983333333333334,55.65721130371094
eicu,erm,42,97.56666666666666,54.88827133178711
eicu,erm,42,129.75,54.93500518798828
eicu,erm,42,36.18333333333333,33.5981559753418
eicu,erm,42,107.51666666666667,50.895301818847656
eicu,erm,42,24.783333333333335,49.659271240234375
eicu,erm,42,53.416666666666664,43.24189376831055
eicu,erm,42,107.0,49.45529556274414
eicu,erm,42,34.6,59.23394775390625
eicu,erm,42,32.583333333333336,49.82292938232422
eicu,erm,42,168.91666666666666,48.46980285644531
eicu,erm,42,40.833333333333336,39.8884391784668
eicu,erm,42,27.4,46.65938186645508
eicu,erm,42,33.65,27.30837059020996
eicu,erm,42,69.65,53.82741928100586
eicu,erm,42,36.63333333333333,33.87125015258789
eicu,erm,42,26.2,23.93529510498047
eicu,erm,42,187.76666666666668,49.026222229003906
eicu,erm,42,44.45,47.446044921875
eicu,erm,42,129.8,49.727970123291016
eicu,erm,42,63.25,50.6717643737793
eicu,erm,42,65.98333333333333,59.21372985839844
eicu,erm,42,26.283333333333335,24.01376724243164
eicu,erm,42,42.11666666666667,49.539188385009766
eicu,erm,42,24.083333333333332,53.124244689941406
eicu,erm,42,25.283333333333335,60.88816833496094
eicu,erm,42,44.11666666666667,48.771358489990234
eicu,erm,42,175.41666666666666,50.83332824707031
eicu,erm,42,88.55,52.09326934814453
eicu,erm,42,214.45,50.819610595703125
eicu,erm,42,26.733333333333334,49.555747985839844
eicu,erm,42,26.616666666666667,26.388545989990234
eicu,erm,42,26.933333333333334,54.747764587402344
eicu,erm,42,406.0833333333333,47.5555305480957
eicu,erm,42,133.0,51.118492126464844
eicu,erm,42,50.13333333333333,49.688785552978516
eicu,erm,42,24.166666666666668,52.188636779785156
eicu,erm,42,162.45,55.81739807128906
eicu,erm,42,44.85,53.520076751708984
eicu,erm,42,77.63333333333334,50.187477111816406
eicu,erm,42,101.88333333333334,54.076663970947266
eicu,erm,42,30.833333333333332,48.549903869628906
eicu,erm,42,54.05,50.800662994384766
eicu,erm,42,28.4,27.777610778808594
eicu,erm,42,47.43333333333333,51.040836334228516
eicu,erm,42,49.95,51.63529968261719
eicu,erm,42,91.91666666666667,49.78128433227539
eicu,erm,42,52.166666666666664,47.88215637207031
eicu,erm,42,105.1,55.065799713134766
eicu,erm,42,67.65,51.79328155517578
eicu,erm,42,67.43333333333334,50.32838439941406
eicu,erm,42,49.63333333333333,41.83375930786133
eicu,erm,42,349.2,51.52009963989258
eicu,erm,42,42.55,46.78271484375
eicu,erm,42,122.01666666666667,56.30998229980469
eicu,erm,42,27.266666666666666,29.806663513183594
eicu,erm,42,44.56666666666667,43.07004165649414
eicu,erm,42,67.01666666666667,42.57020568847656
eicu,erm,42,180.23333333333332,55.20112991333008
eicu,erm,42,282.3666666666667,51.02735137939453
eicu,erm,42,59.8,49.04216003417969
eicu,erm,42,42.666666666666664,50.687435150146484
eicu,erm,42,51.333333333333336,48.959537506103516
eicu,erm,42,32.3,33.528480529785156
eicu,erm,42,124.48333333333333,49.897186279296875
eicu,erm,42,27.75,48.16006088256836
eicu,erm,42,26.7,37.07425308227539
eicu,erm,42,29.5,55.924217224121094
eicu,erm,42,31.416666666666668,48.880699157714844
eicu,erm,42,34.583333333333336,34.30381774902344
eicu,erm,42,44.016666666666666,49.44266891479492
eicu,erm,42,77.3,42.119441986083984
eicu,erm,42,71.1,56.4918327331543
eicu,erm,42,40.05,53.171260833740234
eicu,erm,42,101.35,54.5848388671875
eicu,erm,42,44.25,41.501033782958984
eicu,erm,42,38.0,34.48866653442383
eicu,erm,42,69.43333333333334,50.219364166259766
eicu,erm,42,152.26666666666668,52.00929641723633
eicu,erm,42,41.28333333333333,40.588600158691406
eicu,erm,42,25.4,24.272764205932617
eicu,erm,42,56.25,46.81033706665039
eicu,erm,42,75.33333333333333,51.219364166259766
eicu,erm,42,281.56666666666666,51.223236083984375
eicu,erm,42,46.9,49.13948059082031
eicu,erm,42,120.16666666666667,41.35982131958008
eicu,erm,42,26.766666666666666,23.729528427124023
eicu,erm,42,51.38333333333333,52.80003356933594
eicu,erm,42,107.26666666666667,54.763954162597656
eicu,erm,42,59.983333333333334,51.3050422668457
eicu,erm,42,68.2,49.00839614868164
eicu,erm,42,99.53333333333333,50.386104583740234
eicu,erm,42,85.41666666666667,52.404563903808594
eicu,erm,42,44.6,55.34858322143555
eicu,erm,42,90.73333333333333,51.80278396606445
eicu,erm,42,84.3,50.39950942993164
eicu,erm,42,57.083333333333336,51.94757080078125
eicu,erm,42,43.6,51.03592300415039
eicu,erm,42,74.6,43.47737121582031
eicu,erm,42,32.06666666666667,51.20974349975586
eicu,erm,42,96.41666666666667,54.983863830566406
eicu,erm,42,27.933333333333334,61.26898956298828
eicu,erm,42,409.01666666666665,52.19803237915039
eicu,erm,42,93.06666666666666,50.9906120300293
eicu,erm,42,60.0,52.831748962402344
eicu,erm,42,346.8,51.106727600097656
eicu,erm,42,211.73333333333332,51.6702880859375
eicu,erm,42,68.95,51.04970932006836
eicu,erm,42,143.83333333333334,50.002540588378906
eicu,erm,42,46.583333333333336,59.56399917602539
eicu,erm,42,25.0,22.542539596557617
eicu,erm,42,69.76666666666667,50.61677551269531
eicu,erm,42,28.433333333333334,50.043304443359375
eicu,erm,42,112.85,53.6837158203125
eicu,erm,42,68.98333333333333,41.2651252746582
eicu,erm,42,188.9,49.53712844848633
eicu,erm,42,151.73333333333332,53.548004150390625
eicu,erm,42,29.55,52.79145050048828
eicu,erm,42,27.783333333333335,27.412296295166016
eicu,erm,42,24.583333333333332,24.767820358276367
eicu,erm,42,53.2,50.299373626708984
eicu,erm,42,30.683333333333334,28.959009170532227
eicu,erm,42,27.783333333333335,31.3887939453125
eicu,erm,42,41.733333333333334,43.61741638183594
eicu,erm,42,70.81666666666666,48.78325271606445
eicu,erm,42,66.68333333333334,52.82144546508789
eicu,erm,42,149.61666666666667,54.998870849609375
eicu,erm,42,25.3,26.832876205444336
eicu,erm,42,28.95,28.049392700195312
eicu,erm,42,124.98333333333333,53.39278793334961
eicu,erm,42,110.8,54.887176513671875
eicu,erm,42,24.083333333333332,24.92017364501953
eicu,erm,42,28.65,26.133874893188477
eicu,erm,42,59.36666666666667,47.58920669555664
eicu,erm,42,26.05,25.210172653198242
eicu,erm,42,42.583333333333336,52.347537994384766
eicu,erm,42,51.71666666666667,48.812374114990234
eicu,erm,42,64.81666666666666,50.92067337036133
eicu,erm,42,381.95,49.98415756225586
eicu,erm,42,39.2,37.692344665527344
eicu,erm,42,27.333333333333332,37.61619567871094
eicu,erm,42,36.233333333333334,34.61847686767578
eicu,erm,42,38.71666666666667,55.55833435058594
eicu,erm,42,109.5,43.35287094116211
eicu,erm,42,27.966666666666665,50.3774528503418
eicu,erm,42,34.4,30.69032859802246
eicu,erm,42,136.33333333333334,50.90537643432617
eicu,erm,42,41.016666666666666,42.70954132080078
eicu,erm,42,42.25,51.00672912597656
eicu,erm,42,45.416666666666664,51.408023834228516
eicu,erm,42,36.4,46.6943244934082
eicu,erm,42,24.883333333333333,47.70288848876953
eicu,erm,42,139.6,42.48158264160156
eicu,erm,42,61.68333333333333,44.443721771240234
eicu,erm,42,178.28333333333333,50.20322036743164
eicu,erm,42,51.81666666666667,52.02193832397461
eicu,erm,42,61.86666666666667,52.42839050292969
eicu,erm,42,24.833333333333332,38.594669342041016
eicu,erm,42,52.916666666666664,42.641605377197266
eicu,erm,42,44.25,42.32490921020508
eicu,erm,42,42.733333333333334,43.96963882446289
eicu,erm,42,36.35,34.181373596191406
eicu,erm,42,34.61666666666667,54.286903381347656
eicu,erm,42,29.65,29.491727828979492
eicu,erm,42,71.95,49.9155158996582
eicu,erm,42,146.71666666666667,51.39065933227539
eicu,erm,42,40.666666666666664,40.74227523803711
eicu,erm,42,158.8,48.808860778808594
eicu,erm,42,75.06666666666666,52.86799240112305
eicu,erm,42,68.73333333333333,50.841434478759766
eicu,erm,42,124.5,51.95166015625
eicu,erm,42,54.333333333333336,53.36423873901367
eicu,erm,42,24.65,55.389869689941406
eicu,erm,42,26.583333333333332,59.87983322143555
eicu,erm,42,44.416666666666664,54.27383041381836
eicu,erm,42,28.366666666666667,28.1870174407959
eicu,erm,42,112.25,48.574859619140625
eicu,erm,42,83.18333333333334,50.87580871582031
eicu,erm,42,50.71666666666667,49.438316345214844
eicu,erm,42,87.06666666666666,51.785011291503906
eicu,erm,42,43.75,37.197444915771484
eicu,erm,42,112.43333333333334,55.09556198120117
eicu,erm,42,27.0,45.16916275024414
eicu,erm,42,31.616666666666667,33.08927536010742
eicu,erm,42,461.6,50.33580017089844
eicu,erm,42,81.13333333333334,50.120445251464844
eicu,erm,42,26.666666666666668,56.26384353637695
eicu,erm,42,233.1,45.59476089477539
eicu,erm,42,31.733333333333334,31.997966766357422
eicu,erm,42,117.5,50.16008377075195
eicu,erm,42,127.3,52.02157211303711
eicu,erm,42,40.766666666666666,41.07468032836914
eicu,erm,42,44.53333333333333,42.0356330871582
eicu,erm,42,62.56666666666667,50.57294464111328
eicu,erm,42,92.38333333333334,51.84739303588867
eicu,erm,42,30.216666666666665,29.75362205505371
eicu,erm,42,140.93333333333334,48.26857376098633
eicu,erm,42,74.55,54.83193588256836
eicu,erm,42,46.15,55.014305114746094
eicu,erm,42,98.9,55.2394905090332
eicu,erm,42,27.05,42.36613464355469
eicu,erm,42,42.483333333333334,42.59044647216797
eicu,erm,42,149.5,50.23069763183594
eicu,erm,42,47.25,43.42361831665039
eicu,erm,42,26.066666666666666,51.93355941772461
eicu,erm,42,81.18333333333334,44.07435989379883
eicu,erm,42,28.666666666666668,45.21406173706055
eicu,erm,42,451.68333333333334,49.49684143066406
eicu,erm,42,69.75,55.99053955078125
eicu,erm,42,94.95,46.503814697265625
eicu,erm,42,75.51666666666667,51.370277404785156
eicu,erm,42,60.88333333333333,52.948219299316406
eicu,erm,42,68.66666666666667,47.788475036621094
eicu,erm,42,54.06666666666667,51.35954284667969
eicu,erm,42,113.48333333333333,48.958213806152344
eicu,erm,42,25.533333333333335,46.19133758544922
eicu,erm,42,95.58333333333333,53.54643249511719
eicu,erm,42,295.3333333333333,46.060508728027344
eicu,erm,42,83.85,49.93838882446289
eicu,erm,42,39.666666666666664,59.523929595947266
eicu,erm,42,111.91666666666667,51.20345687866211
eicu,erm,42,56.05,48.74821472167969
eicu,erm,42,256.98333333333335,66.8188247680664
eicu,erm,42,28.9,46.52021789550781
eicu,erm,42,47.3,50.59617614746094
eicu,erm,42,104.8,48.494197845458984
eicu,erm,42,382.1166666666667,50.15058517456055
eicu,erm,42,64.6,53.68183517456055
eicu,erm,42,65.95,48.57597351074219
eicu,erm,42,120.05,51.513763427734375
eicu,erm,42,70.75,48.285091400146484
eicu,erm,42,30.3,29.274593353271484
eicu,erm,42,40.11666666666667,47.17632293701172
eicu,erm,42,208.56666666666666,54.110843658447266
eicu,erm,42,81.5,57.25104904174805
eicu,erm,42,41.95,42.84735107421875
eicu,erm,42,41.3,42.64065170288086
eicu,erm,42,24.583333333333332,26.261350631713867
eicu,erm,42,24.45,26.580726623535156
eicu,erm,42,44.03333333333333,47.814884185791016
eicu,erm,42,198.98333333333332,48.885955810546875
eicu,erm,42,85.01666666666667,51.455078125
eicu,erm,42,79.48333333333333,49.388648986816406
eicu,erm,42,26.05,20.4669189453125
eicu,erm,42,80.21666666666667,50.29860305786133
eicu,erm,42,220.63333333333333,51.78459548950195
eicu,erm,42,180.3,55.072349548339844
eicu,erm,42,137.7,51.21752166748047
eicu,erm,42,31.083333333333332,30.992738723754883
eicu,erm,42,176.33333333333334,56.20887756347656
eicu,erm,42,66.65,53.769935607910156
eicu,erm,42,75.25,50.0539436340332
eicu,erm,42,64.53333333333333,49.14917755126953
eicu,erm,42,46.13333333333333,49.309974670410156
eicu,erm,42,26.15,25.814712524414062
eicu,erm,42,25.216666666666665,49.24907684326172
eicu,erm,42,99.9,51.96306228637695
eicu,erm,42,36.61666666666667,34.89918899536133
eicu,erm,42,352.93333333333334,55.4320182800293
eicu,erm,42,70.66666666666667,50.92517852783203
eicu,erm,42,39.733333333333334,36.40800857543945
eicu,erm,42,66.35,52.04311752319336
eicu,erm,42,65.45,52.92354202270508
eicu,erm,42,30.416666666666668,31.08861541748047
eicu,erm,42,42.016666666666666,44.42481994628906
eicu,erm,42,26.066666666666666,24.802757263183594
eicu,erm,42,24.05,26.30643653869629
eicu,erm,42,189.9,51.500030517578125
eicu,erm,42,69.16666666666667,54.89213562011719
eicu,erm,42,78.58333333333333,52.75740051269531
eicu,erm,42,32.166666666666664,33.482566833496094
eicu,erm,42,24.366666666666667,50.2861328125
eicu,erm,42,118.83333333333333,58.65291213989258
eicu,erm,42,34.516666666666666,33.64213943481445
eicu,erm,42,67.0,51.7159538269043
eicu,erm,42,95.81666666666666,52.896705627441406
eicu,erm,42,50.43333333333333,50.365352630615234
eicu,erm,42,43.4,55.071224212646484
eicu,erm,42,37.583333333333336,35.518165588378906
eicu,erm,42,25.833333333333332,24.673242568969727
eicu,erm,42,24.4,35.11763381958008
eicu,erm,42,103.4,56.265071868896484
eicu,erm,42,490.0833333333333,52.53158187866211
eicu,erm,42,106.05,50.36003875732422
eicu,erm,42,34.516666666666666,33.92000961303711
eicu,erm,42,40.083333333333336,39.1224479675293
eicu,erm,42,30.683333333333334,28.983240127563477
eicu,erm,42,48.36666666666667,49.049930572509766
eicu,erm,42,238.66666666666666,52.4001350402832
eicu,erm,42,168.95,58.80442810058594
eicu,erm,42,95.25,49.900634765625
eicu,erm,42,123.2,54.816627502441406
eicu,erm,42,41.55,43.38399124145508
eicu,erm,42,27.05,34.26409149169922
eicu,erm,42,64.25,55.51444625854492
eicu,erm,42,66.75,53.5285530090332
eicu,erm,42,86.2,51.01859664916992
eicu,erm,42,36.28333333333333,31.467300415039062
eicu,erm,42,32.56666666666667,35.58927917480469
eicu,erm,42,45.016666666666666,41.959598541259766
eicu,erm,42,25.066666666666666,50.314762115478516
eicu,erm,42,52.833333333333336,47.97727584838867
physionet_b,pcl,42,43.0,47.22980880737305
physionet_b,pcl,42,42.0,44.584007263183594
physionet_b,pcl,42,47.0,45.165199279785156
physionet_b,pcl,42,44.0,51.11794662475586
physionet_b,pcl,42,47.0,48.70513153076172
physionet_b,pcl,42,27.0,27.268295288085938
physionet_b,pcl,42,25.0,26.44901466369629
physionet_b,pcl,42,43.0,46.628211975097656
physionet_b,pcl,42,40.0,42.21839904785156
physionet_b,pcl,42,45.0,45.81801986694336
physionet_b,pcl,42,26.0,25.705413818359375
physionet_b,pcl,42,37.0,38.02079391479492
physionet_b,pcl,42,51.0,47.28999710083008
physionet_b,pcl,42,41.0,43.949745178222656
physionet_b,pcl,42,48.0,48.318214416503906
physionet_b,pcl,42,44.0,48.568843841552734
physionet_b,pcl,42,25.0,25.11713409423828
physionet_b,pcl,42,49.0,47.0083122253418
physionet_b,pcl,42,44.0,41.34755325317383
physionet_b,pcl,42,36.0,36.28917694091797
physionet_b,pcl,42,37.0,37.278099060058594
physionet_b,pcl,42,24.0,25.231365203857422
physionet_b,pcl,42,49.0,47.17924118041992
physionet_b,pcl,42,41.0,43.24485778808594
physionet_b,pcl,42,49.0,45.79356002807617
physionet_b,pcl,42,41.0,40.928619384765625
physionet_b,pcl,42,36.0,34.93949890136719
physionet_b,pcl,42,36.0,34.71321487426758
physionet_b,pcl,42,41.0,40.3797721862793
physionet_b,pcl,42,50.0,55.171043395996094
physionet_b,pcl,42,49.0,56.5402946472168
physionet_b,pcl,42,44.0,43.4000358581543
physionet_b,pcl,42,160.0,54.99609375
physionet_b,pcl,42,24.0,25.679506301879883
physionet_b,pcl,42,24.0,26.271764755249023
physionet_b,pcl,42,24.0,26.14820098876953
physionet_b,pcl,42,54.0,46.16891098022461
physionet_b,pcl,42,44.0,44.63471221923828
physionet_b,pcl,42,89.0,43.49425506591797
physionet_b,pcl,42,54.0,47.81610870361328
physionet_b,pcl,42,40.0,35.376495361328125
physionet_b,pcl,42,41.0,38.640235900878906
physionet_b,pcl,42,46.0,42.67070007324219
physionet_b,pcl,42,45.0,47.687042236328125
physionet_b,pcl,42,26.0,27.024505615234375
physionet_b,pcl,42,56.0,48.55675506591797
physionet_b,pcl,42,39.0,37.186981201171875
physionet_b,pcl,42,49.0,46.58559036254883
physionet_b,pcl,42,26.0,27.344697952270508
physionet_b,pcl,42,36.0,36.79792022705078
physionet_b,pcl,42,25.0,26.334243774414062
physionet_b,pcl,42,37.0,35.991546630859375
physionet_b,pcl,42,54.0,49.122581481933594
physionet_b,pcl,42,38.0,35.268611907958984
physionet_b,pcl,42,47.0,49.29570388793945
physionet_b,pcl,42,32.0,31.529891967773438
physionet_b,pcl,42,41.0,41.1483039855957
physionet_b,pcl,42,31.0,31.194419860839844
physionet_b,pcl,42,58.0,45.23971939086914
physionet_b,pcl,42,58.0,47.77092361450195
physionet_b,pcl,42,56.0,41.30571365356445
physionet_b,pcl,42,56.0,47.247554779052734
physionet_b,pcl,42,69.0,44.920162200927734
physionet_b,pcl,42,39.0,38.24179458618164
physionet_b,pcl,42,25.0,25.628496170043945
physionet_b,pcl,42,25.0,25.621856689453125
physionet_b,pcl,42,43.0,48.420265197753906
physionet_b,pcl,42,37.0,36.60885238647461
physionet_b,pcl,42,34.0,34.44752502441406
physionet_b,pcl,42,42.0,42.605560302734375
physionet_b,pcl,42,41.0,37.88621139526367
physionet_b,pcl,42,45.0,45.96809005737305
physionet_b,pcl,42,27.0,27.47953987121582
physionet_b,pcl,42,52.0,45.8663330078125
physionet_b,pcl,42,41.0,41.597774505615234
physionet_b,pcl,42,59.0,45.549957275390625
physionet_b,pcl,42,39.0,39.58921432495117
physionet_b,pcl,42,49.0,48.70732116699219
physionet_b,pcl,42,25.0,27.297155380249023
physionet_b,pcl,42,47.0,44.66963195800781
physionet_b,pcl,42,24.0,26.545207977294922
physionet_b,pcl,42,36.0,36.612701416015625
physionet_b,pcl,42,44.0,44.09397888183594
physionet_b,pcl,42,56.0,41.342342376708984
physionet_b,pcl,42,53.0,54.446205139160156
physionet_b,pcl,42,57.0,45.54981231689453
physionet_b,pcl,42,40.0,39.34455108642578
physionet_b,pcl,42,48.0,48.567344665527344
physionet_b,pcl,42,44.0,49.86194610595703
physionet_b,pcl,42,29.0,29.477548599243164
physionet_b,pcl,42,52.0,58.57002258300781
physionet_b,pcl,42,48.0,50.53550720214844
physionet_b,pcl,42,40.0,38.46351623535156
physionet_b,pcl,42,41.0,39.6704216003418
physionet_b,pcl,42,194.0,49.75387191772461
physionet_b,pcl,42,47.0,51.416595458984375
physionet_b,pcl,42,42.0,44.53854751586914
physionet_b,pcl,42,50.0,48.94243621826172
physionet_b,pcl,42,59.0,47.95061492919922
physionet_b,pcl,42,26.0,26.863630294799805
physionet_b,pcl,42,41.0,40.803409576416016
physionet_b,pcl,42,49.0,52.47500991821289
physionet_b,pcl,42,42.0,43.68619918823242
physionet_b,pcl,42,48.0,42.33188247680664
physionet_b,pcl,42,58.0,49.288028717041016
physionet_b,pcl,42,38.0,35.80726623535156
physionet_b,pcl,42,36.0,36.80073547363281
physionet_b,pcl,42,33.0,32.152217864990234
physionet_b,pcl,42,50.0,45.304203033447266
physionet_b,pcl,42,58.0,45.528541564941406
physionet_b,pcl,42,50.0,45.052982330322266
physionet_b,pcl,42,43.0,44.30830764770508
physionet_b,pcl,42,25.0,25.476726531982422
physionet_b,pcl,42,35.0,34.81284713745117
physionet_b,pcl,42,54.0,44.027992248535156
physionet_b,pcl,42,49.0,48.22260665893555
physionet_b,pcl,42,57.0,47.012672424316406
physionet_b,pcl,42,36.0,36.86972427368164
physionet_b,pcl,42,56.0,48.677371978759766
physionet_b,pcl,42,37.0,34.45222473144531
physionet_b,pcl,42,39.0,37.18560028076172
physionet_b,pcl,42,24.0,25.740793228149414
physionet_b,pcl,42,40.0,36.04541015625
physionet_b,pcl,42,39.0,37.22086715698242
physionet_b,pcl,42,25.0,26.10960578918457
physionet_b,pcl,42,48.0,48.15205764770508
physionet_b,pcl,42,39.0,39.402008056640625
physionet_b,pcl,42,55.0,51.70936965942383
physionet_b,pcl,42,44.0,44.060726165771484
physionet_b,pcl,42,46.0,45.28554916381836
physionet_b,pcl,42,39.0,35.318199157714844
physionet_b,pcl,42,53.0,51.03614807128906
physionet_b,pcl,42,26.0,25.36491584777832
physionet_b,pcl,42,40.0,38.87680435180664
physionet_b,pcl,42,47.0,42.16527557373047
physionet_b,pcl,42,63.0,47.613189697265625
physionet_b,pcl,42,50.0,45.555397033691406
physionet_b,pcl,42,39.0,37.351524353027344
physionet_b,pcl,42,40.0,38.33979797363281
physionet_b,pcl,42,28.0,28.35955810546875
physionet_b,pcl,42,40.0,38.98426818847656
physionet_b,pcl,42,38.0,35.15113830566406
physionet_b,pcl,42,47.0,48.35879898071289
physionet_b,pcl,42,50.0,45.534202575683594
physionet_b,pcl,42,47.0,45.62552261352539
physionet_b,pcl,42,37.0,36.465293884277344
physionet_b,pcl,42,39.0,37.05734634399414
physionet_b,pcl,42,47.0,48.803611755371094
physionet_b,pcl,42,37.0,35.691741943359375
physionet_b,pcl,42,64.0,46.91029357910156
physionet_b,pcl,42,31.0,31.91864776611328
physionet_b,pcl,42,42.0,42.06235122680664
physionet_b,pcl,42,39.0,37.415348052978516
physionet_b,pcl,42,36.0,35.55455780029297
physionet_b,pcl,42,29.0,30.359792709350586
physionet_b,pcl,42,58.0,45.34135437011719
physionet_b,pcl,42,44.0,46.804718017578125
physionet_b,pcl,42,55.0,46.75034713745117
physionet_b,pcl,42,38.0,35.389984130859375
physionet_b,pcl,42,39.0,38.77677917480469
physionet_b,pcl,42,45.0,47.18828201293945
physionet_b,pcl,42,45.0,47.223026275634766
physionet_b,pcl,42,57.0,47.63488006591797
physionet_b,pcl,42,33.0,31.515838623046875
physionet_b,pcl,42,37.0,27.278366088867188
physionet_b,pcl,42,58.0,45.211143493652344
physionet_b,pcl,42,40.0,36.75673294067383
physionet_b,pcl,42,38.0,35.10210418701172
physionet_b,pcl,42,47.0,46.307472229003906
physionet_b,pcl,42,47.0,50.54706954956055
physionet_b,pcl,42,35.0,32.34183883666992
physionet_b,pcl,42,38.0,36.80170822143555
physionet_b,pcl,42,52.0,47.318626403808594
physionet_b,pcl,42,48.0,48.51945877075195
physionet_b,pcl,42,53.0,50.65791702270508
physionet_b,pcl,42,47.0,48.625308990478516
physionet_b,pcl,42,48.0,47.54300308227539
physionet_b,pcl,42,37.0,37.52016830444336
physionet_b,pcl,42,51.0,46.058021545410156
physionet_b,pcl,42,42.0,45.47587966918945
physionet_b,pcl,42,43.0,36.23493957519531
physionet_b,pcl,42,59.0,47.36378479003906
physionet_b,pcl,42,44.0,52.587860107421875
physionet_b,pcl,42,28.0,25.746883392333984
physionet_b,pcl,42,32.0,31.97264862060547
physionet_b,pcl,42,43.0,45.27074432373047
physionet_b,pcl,42,48.0,44.483089447021484
physionet_b,pcl,42,40.0,38.1215934753418
physionet_b,pcl,42,24.0,26.22139549255371
physionet_b,pcl,42,48.0,49.49390411376953
physionet_b,pcl,42,45.0,48.13768005371094
physionet_b,pcl,42,33.0,33.33480453491211
physionet_b,pcl,42,37.0,37.781044006347656
physionet_b,pcl,42,38.0,36.24850845336914
physionet_b,pcl,42,41.0,41.51510238647461
physionet_b,pcl,42,56.0,47.58611297607422
physionet_b,pcl,42,40.0,38.390865325927734
physionet_b,pcl,42,50.0,44.009071350097656
physionet_b,pcl,42,29.0,29.991249084472656
physionet_b,pcl,42,46.0,45.280582427978516
physionet_b,pcl,42,42.0,39.67868423461914
physionet_b,pcl,42,56.0,41.492279052734375
physionet_b,pcl,42,51.0,50.74479675292969
physionet_b,pcl,42,43.0,43.899349212646484
physionet_b,pcl,42,25.0,26.819360733032227
physionet_b,pcl,42,57.0,44.73396301269531
physionet_b,pcl,42,38.0,36.555904388427734
physionet_b,pcl,42,40.0,39.458984375
physionet_b,pcl,42,35.0,34.25114059448242
physionet_b,pcl,42,76.0,43.6546630859375
physionet_b,pcl,42,49.0,46.96504211425781
physionet_b,pcl,42,49.0,47.191062927246094
physionet_b,pcl,42,51.0,47.49335479736328
physionet_b,pcl,42,59.0,46.51372528076172
physionet_b,pcl,42,101.0,46.35667419433594
physionet_b,pcl,42,47.0,44.377559661865234
physionet_b,pcl,42,49.0,47.01628875732422
physionet_b,pcl,42,26.0,25.497167587280273
physionet_b,pcl,42,57.0,44.788841247558594
physionet_b,pcl,42,59.0,46.308250427246094
physionet_b,pcl,42,38.0,36.70906448364258
physionet_b,pcl,42,38.0,36.80183410644531
physionet_b,pcl,42,44.0,49.92877197265625
physionet_b,pcl,42,53.0,45.23194885253906
physionet_b,pcl,42,39.0,37.08327865600586
physionet_b,pcl,42,25.0,25.81248664855957
physionet_b,pcl,42,35.0,32.875003814697266
physionet_b,pcl,42,38.0,36.94090270996094
physionet_b,pcl,42,53.0,50.249229431152344
physionet_b,pcl,42,45.0,45.5457649230957
physionet_b,pcl,42,46.0,44.96446990966797
physionet_b,pcl,42,51.0,45.97398376464844
physionet_b,pcl,42,46.0,48.20585250854492
physionet_b,pcl,42,26.0,27.40964126586914
physionet_b,pcl,42,38.0,36.65549087524414
physionet_b,pcl,42,39.0,37.2778434753418
physionet_b,pcl,42,55.0,48.22039031982422
physionet_b,pcl,42,29.0,29.333932876586914
physionet_b,pcl,42,53.0,50.95882797241211
physionet_b,pcl,42,37.0,36.144615173339844
physionet_b,pcl,42,55.0,46.722373962402344
physionet_b,pcl,42,24.0,25.87900161743164
physionet_b,pcl,42,37.0,35.938411712646484
physionet_b,pcl,42,46.0,46.461204528808594
physionet_b,pcl,42,24.0,25.992708206176758
physionet_b,pcl,42,121.0,50.112892150878906
physionet_b,pcl,42,63.0,47.926883697509766
physionet_b,pcl,42,55.0,45.50273513793945
physionet_b,pcl,42,24.0,26.49791717529297
physionet_b,pcl,42,25.0,26.003671646118164
physionet_b,pcl,42,51.0,45.792442321777344
physionet_b,pcl,42,38.0,37.21954345703125
physionet_b,pcl,42,43.0,41.482452392578125
physionet_b,pcl,42,38.0,35.40138626098633
physionet_b,pcl,42,56.0,46.552894592285156
physionet_b,pcl,42,51.0,45.12080001831055
physionet_b,pcl,42,30.0,30.819427490234375
physionet_b,pcl,42,49.0,51.58793640136719
physionet_b,pcl,42,44.0,42.06153869628906
physionet_b,pcl,42,36.0,33.738155364990234
physionet_b,pcl,42,25.0,26.493906021118164
physionet_b,pcl,42,52.0,49.62002182006836
physionet_b,pcl,42,34.0,33.35079574584961
physionet_b,pcl,42,24.0,25.334182739257812
physionet_b,pcl,42,49.0,46.20166778564453
physionet_b,pcl,42,24.0,25.311363220214844
physionet_b,pcl,42,49.0,50.65912628173828
physionet_b,pcl,42,41.0,44.497276306152344
physionet_b,pcl,42,27.0,27.5236759185791
physionet_b,pcl,42,42.0,44.88959503173828
physionet_b,pcl,42,40.0,39.7502555847168
physionet_b,pcl,42,28.0,29.81096076965332
physionet_b,pcl,42,38.0,33.43828201293945
physionet_b,pcl,42,43.0,47.7455940246582
physionet_b,pcl,42,31.0,31.536033630371094
physionet_b,pcl,42,27.0,28.901779174804688
physionet_b,pcl,42,29.0,31.705665588378906
physionet_b,pcl,42,38.0,36.387393951416016
physionet_b,pcl,42,46.0,46.721824645996094
physionet_b,pcl,42,25.0,27.30556869506836
physionet_b,pcl,42,39.0,37.89455795288086
physionet_b,pcl,42,45.0,45.946876525878906
physionet_b,pcl,42,57.0,45.67218780517578
physionet_b,pcl,42,58.0,46.40878677368164
physionet_b,pcl,42,41.0,46.10786056518555
physionet_b,pcl,42,32.0,32.85029983520508
physionet_b,pcl,42,24.0,25.363168716430664
physionet_b,pcl,42,46.0,45.744140625
physionet_b,pcl,42,52.0,48.345619201660156
physionet_b,pcl,42,45.0,46.58328628540039
physionet_b,pcl,42,25.0,26.39832878112793
physionet_b,pcl,42,54.0,46.163150787353516
physionet_b,pcl,42,38.0,37.53424835205078
physionet_b,pcl,42,31.0,31.34945297241211
physionet_b,pcl,42,43.0,42.94679641723633
physionet_b,pcl,42,41.0,40.53554916381836
physionet_b,pcl,42,28.0,28.089492797851562
physionet_b,pcl,42,24.0,26.609912872314453
physionet_b,pcl,42,46.0,44.58076858520508
physionet_b,pcl,42,49.0,45.30081558227539
physionet_b,pcl,42,49.0,48.065494537353516
physionet_b,pcl,42,38.0,33.38888168334961
physionet_b,pcl,42,31.0,32.83244323730469
physionet_b,pcl,42,27.0,27.113269805908203
physionet_b,pcl,42,57.0,45.2962646484375
physionet_b,pcl,42,40.0,38.84031295776367
physionet_b,pcl,42,36.0,35.05364990234375
physionet_b,pcl,42,51.0,45.821571350097656
physionet_b,pcl,42,55.0,43.959144592285156
physionet_b,pcl,42,45.0,44.460941314697266
physionet_b,pcl,42,38.0,36.80941390991211
physionet_b,pcl,42,34.0,34.34870910644531
physionet_b,pcl,42,31.0,31.485946655273438
physionet_b,pcl,42,40.0,41.97151184082031
physionet_b,pcl,42,56.0,41.28783416748047
physionet_b,pcl,42,41.0,41.247554779052734
physionet_b,pcl,42,40.0,38.7379150390625
physionet_b,pcl,42,54.0,45.38997268676758
physionet_b,pcl,42,41.0,40.2439079284668
physionet_b,pcl,42,52.0,43.72880554199219
physionet_b,pcl,42,47.0,52.0264892578125
physionet_b,pcl,42,51.0,48.6070671081543
physionet_b,pcl,42,104.0,46.55788040161133
physionet_b,pcl,42,40.0,42.818809509277344
physionet_b,pcl,42,40.0,39.69783401489258
physionet_b,pcl,42,24.0,26.126195907592773
physionet_b,pcl,42,55.0,52.11470413208008
physionet_b,pcl,42,56.0,40.28458023071289
physionet_b,pcl,42,52.0,49.21720886230469
physionet_b,pcl,42,40.0,37.58047103881836
physionet_b,pcl,42,47.0,48.24690628051758
physionet_b,pcl,42,24.0,28.374073028564453
physionet_b,pcl,42,37.0,36.01649475097656
physionet_b,pcl,42,41.0,44.05801773071289
physionet_b,pcl,42,46.0,45.028438568115234
physionet_b,pcl,42,55.0,45.54304504394531
physionet_b,pcl,42,39.0,36.42819595336914
physionet_b,pcl,42,38.0,36.96176528930664
physionet_b,pcl,42,31.0,31.270854949951172
physionet_b,pcl,42,58.0,45.49074172973633
physionet_b,pcl,42,53.0,41.94513702392578
physionet_b,pcl,42,37.0,36.26222229003906
physionet_b,pcl,42,25.0,27.747068405151367
physionet_b,pcl,42,24.0,23.765838623046875
physionet_b,pcl,42,54.0,51.142208099365234
physionet_b,pcl,42,56.0,45.336360931396484
physionet_b,pcl,42,59.0,51.335304260253906
physionet_b,pcl,42,24.0,26.1533203125
physionet_b,pcl,42,39.0,39.24959182739258
physionet_b,pcl,42,40.0,31.52618408203125
physionet_b,pcl,42,38.0,36.911476135253906
physionet_b,pcl,42,36.0,36.7647819519043
physionet_b,pcl,42,53.0,58.65251159667969
physionet_b,pcl,42,45.0,47.00984573364258
physionet_b,pcl,42,40.0,39.32054901123047
physionet_b,pcl,42,39.0,37.21958923339844
physionet_b,pcl,42,43.0,40.79824447631836
physionet_b,pcl,42,42.0,41.84619140625
physionet_b,pcl,42,45.0,46.22264862060547
physionet_b,pcl,42,26.0,26.096908569335938
physionet_b,pcl,42,35.0,34.48419952392578
physionet_b,pcl,42,27.0,27.63764190673828
physionet_b,pcl,42,39.0,38.07605743408203
physionet_b,pcl,42,38.0,35.7275276184082
physionet_b,pcl,42,54.0,44.2608757019043
physionet_b,pcl,42,57.0,45.659915924072266
physionet_b,pcl,42,25.0,25.96965980529785
physionet_b,pcl,42,50.0,47.939178466796875
physionet_b,pcl,42,44.0,43.21918869018555
physionet_b,pcl,42,38.0,35.74458312988281
physionet_b,pcl,42,26.0,27.050060272216797
physionet_b,pcl,42,42.0,41.24659729003906
physionet_b,pcl,42,54.0,51.22321319580078
physionet_b,pcl,42,36.0,35.548614501953125
physionet_b,pcl,42,39.0,36.821956634521484
physionet_b,pcl,42,39.0,39.15614700317383
physionet_b,pcl,42,48.0,49.08224105834961
physionet_b,pcl,42,39.0,37.727943420410156
physionet_b,pcl,42,41.0,45.85994338989258
physionet_b,pcl,42,37.0,36.47128677368164
physionet_b,pcl,42,36.0,35.4688835144043
physionet_b,pcl,42,39.0,37.06211853027344
physionet_b,pcl,42,50.0,53.630859375
physionet_b,pcl,42,44.0,42.96513748168945
physionet_b,pcl,42,55.0,52.44840621948242
physionet_b,pcl,42,115.0,47.03168869018555
physionet_b,pcl,42,43.0,46.79645538330078
physionet_b,pcl,42,40.0,39.54802322387695
physionet_b,pcl,42,55.0,43.9244270324707
physionet_b,pcl,42,31.0,31.75189208984375
physionet_b,pcl,42,37.0,35.751102447509766
physionet_b,pcl,42,52.0,47.42456817626953
physionet_b,pcl,42,57.0,50.222904205322266
physionet_b,pcl,42,57.0,45.38443374633789
physionet_b,pcl,42,30.0,32.53643035888672
physionet_b,pcl,42,47.0,47.59189224243164
physionet_b,pcl,42,32.0,31.555301666259766
physionet_b,pcl,42,44.0,42.852149963378906
physionet_b,pcl,42,37.0,37.80411911010742
physionet_b,pcl,42,47.0,46.740875244140625
physionet_b,pcl,42,53.0,46.02275848388672
physionet_b,pcl,42,37.0,37.88059616088867
physionet_b,pcl,42,59.0,48.20841979980469
physionet_b,pcl,42,33.0,34.58473587036133
physionet_b,pcl,42,43.0,41.39738845825195
physionet_b,pcl,42,42.0,41.45151138305664
physionet_b,pcl,42,38.0,36.44673538208008
physionet_b,pcl,42,40.0,39.09481430053711
physionet_b,pcl,42,53.0,48.845436096191406
physionet_b,pcl,42,50.0,44.983158111572266
physionet_b,pcl,42,37.0,35.35481262207031
physionet_b,pcl,42,44.0,47.94453430175781
physionet_b,pcl,42,40.0,38.566593170166016
physionet_b,pcl,42,44.0,41.15764236450195
physionet_b,pcl,42,39.0,37.85573959350586
physionet_b,pcl,42,53.0,53.864295959472656
physionet_b,pcl,42,26.0,30.39407730102539
physionet_b,pcl,42,46.0,44.24570846557617
physionet_b,pcl,42,44.0,47.22723388671875
physionet_b,pcl,42,47.0,43.556758880615234
physionet_b,pcl,42,57.0,48.17255783081055
physionet_b,pcl,42,42.0,47.45589828491211
physionet_b,pcl,42,51.0,47.22814178466797
physionet_b,pcl,42,58.0,50.88029861450195
physionet_b,pcl,42,39.0,38.83319091796875
physionet_b,pcl,42,39.0,34.64630889892578
physionet_b,pcl,42,31.0,30.964832305908203
physionet_b,pcl,42,44.0,46.52650833129883
physionet_b,pcl,42,48.0,45.787445068359375
physionet_b,pcl,42,40.0,38.819183349609375
physionet_b,pcl,42,40.0,39.594295501708984
physionet_b,pcl,42,112.0,46.807464599609375
physionet_b,pcl,42,43.0,42.19563293457031
physionet_b,pcl,42,43.0,43.36703109741211
physionet_b,pcl,42,31.0,31.35501480102539
physionet_b,pcl,42,34.0,34.53886795043945
physionet_b,pcl,42,50.0,55.35809326171875
physionet_b,pcl,42,153.0,46.88080978393555
physionet_b,pcl,42,41.0,41.03553771972656
physionet_b,pcl,42,39.0,39.06821823120117
physionet_b,pcl,42,29.0,29.459402084350586
physionet_b,pcl,42,44.0,44.173423767089844
physionet_b,pcl,42,46.0,46.3843879699707
physionet_b,pcl,42,49.0,47.871910095214844
physionet_b,pcl,42,57.0,53.037803649902344
physionet_b,pcl,42,59.0,45.35746765136719
physionet_b,pcl,42,54.0,44.120670318603516
physionet_b,pcl,42,46.0,45.15813446044922
physionet_b,pcl,42,47.0,47.10737609863281
physionet_b,pcl,42,49.0,52.70444107055664
physionet_b,pcl,42,41.0,41.52051544189453
physionet_b,pcl,42,44.0,39.733516693115234
physionet_b,pcl,42,36.0,36.325279235839844
physionet_b,pcl,42,36.0,35.21824264526367
physionet_b,pcl,42,53.0,47.84928894042969
physionet_b,pcl,42,55.0,48.02043151855469
physionet_b,pcl,42,34.0,33.61518478393555
physionet_b,pcl,42,55.0,45.203487396240234
physionet_b,pcl,42,46.0,44.870723724365234
physionet_b,pcl,42,52.0,46.796363830566406
physionet_b,pcl,42,24.0,26.028636932373047
physionet_b,pcl,42,44.0,45.0029182434082
physionet_b,pcl,42,28.0,28.06576919555664
physionet_b,pcl,42,42.0,43.76010513305664
physionet_b,pcl,42,42.0,41.78245544433594
physionet_b,pcl,42,43.0,48.16114044189453
physionet_b,pcl,42,47.0,45.53459930419922
physionet_b,pcl,42,58.0,46.06439208984375
physionet_b,pcl,42,59.0,45.93544006347656
physionet_b,pcl,42,32.0,32.50334548950195
physionet_b,pcl,42,54.0,47.461605072021484
physionet_b,pcl,42,57.0,48.24639892578125
physionet_b,pcl,42,40.0,41.42767333984375
physionet_b,pcl,42,47.0,45.70904541015625
physionet_b,pcl,42,44.0,45.78767013549805
physionet_b,pcl,42,56.0,47.53957748413086
physionet_b,pcl,42,25.0,26.889450073242188
physionet_b,pcl,42,49.0,45.167301177978516
physionet_b,pcl,42,56.0,46.814735412597656
physionet_b,pcl,42,31.0,30.989168167114258
physionet_b,pcl,42,37.0,37.117305755615234
physionet_b,pcl,42,40.0,37.82193374633789
physionet_b,pcl,42,55.0,49.01466751098633
physionet_b,pcl,42,51.0,52.11307144165039
physionet_b,pcl,42,55.0,48.19755935668945
physionet_b,pcl,42,50.0,47.277313232421875
physionet_b,pcl,42,50.0,44.38593292236328
physionet_b,pcl,42,49.0,45.40375518798828
physionet_b,pcl,42,39.0,39.386619567871094
physionet_b,pcl,42,51.0,44.69069290161133
physionet_b,pcl,42,184.0,49.951568603515625
physionet_b,pcl,42,46.0,45.699005126953125
physionet_b,pcl,42,46.0,48.0799560546875
physionet_b,pcl,42,40.0,39.46015167236328
physionet_b,pcl,42,163.0,45.16950607299805
physionet_b,pcl,42,36.0,34.30994415283203
physionet_b,pcl,42,51.0,46.71876525878906
physionet_b,pcl,42,165.0,48.30770492553711
physionet_b,pcl,42,59.0,46.16394805908203
physionet_b,pcl,42,53.0,45.90628433227539
physionet_b,pcl,42,37.0,34.605350494384766
physionet_b,pcl,42,31.0,31.68094253540039
physionet_b,pcl,42,41.0,45.819358825683594
physionet_b,pcl,42,44.0,44.313751220703125
physionet_b,pcl,42,46.0,45.09260177612305
physionet_b,pcl,42,24.0,28.63878631591797
physionet_b,pcl,42,31.0,30.951271057128906
physionet_b,pcl,42,27.0,27.65301513671875
physionet_b,pcl,42,80.0,50.673194885253906
physionet_b,pcl,42,36.0,33.36635971069336
physionet_b,pcl,42,48.0,47.62376403808594
physionet_b,pcl,42,36.0,38.14426803588867
physionet_b,pcl,42,39.0,34.90997314453125
physionet_b,pcl,42,62.0,50.30234909057617
physionet_b,pcl,42,36.0,36.696441650390625
physionet_b,pcl,42,52.0,45.3658561706543
physionet_b,pcl,42,43.0,41.56463623046875
physionet_b,pcl,42,56.0,49.94961166381836
physionet_b,pcl,42,36.0,34.33484649658203
physionet_b,pcl,42,66.0,46.09223937988281
physionet_b,pcl,42,40.0,42.62443161010742
physionet_b,pcl,42,35.0,33.97928237915039
physionet_b,pcl,42,28.0,28.319169998168945
physionet_b,pcl,42,49.0,52.61711120605469
physionet_b,pcl,42,52.0,44.43504333496094
physionet_b,pcl,42,41.0,39.064273834228516
physionet_b,pcl,42,50.0,42.94514083862305
physionet_b,pcl,42,52.0,46.546024322509766
physionet_b,pcl,42,30.0,30.398075103759766
physionet_b,pcl,42,24.0,25.654048919677734
physionet_b,pcl,42,34.0,33.879215240478516
physionet_b,pcl,42,46.0,47.10166549682617
physionet_b,pcl,42,57.0,45.9721794128418
physionet_b,pcl,42,41.0,37.6517219543457
physionet_b,pcl,42,37.0,38.365901947021484
physionet_b,pcl,42,41.0,41.28257369995117
physionet_b,pcl,42,47.0,46.335575103759766
physionet_b,pcl,42,53.0,45.866188049316406
physionet_b,pcl,42,44.0,38.843544006347656
physionet_b,pcl,42,49.0,44.87546157836914
physionet_b,pcl,42,58.0,44.92852783203125
physionet_b,pcl,42,50.0,46.867149353027344
physionet_b,pcl,42,51.0,46.348873138427734
physionet_b,pcl,42,46.0,45.678775787353516
physionet_b,pcl,42,27.0,28.120609283447266
physionet_b,pcl,42,26.0,25.97616195678711
physionet_b,pcl,42,41.0,39.62179183959961
physionet_b,pcl,42,40.0,42.45693588256836
physionet_b,pcl,42,24.0,24.951351165771484
physionet_b,pcl,42,39.0,41.70853805541992
physionet_b,pcl,42,48.0,46.225215911865234
physionet_b,pcl,42,50.0,45.66843795776367
physionet_b,pcl,42,42.0,43.65364456176758
physionet_b,pcl,42,27.0,27.88988494873047
physionet_b,pcl,42,47.0,41.01553726196289
physionet_b,pcl,42,45.0,47.99911880493164
physionet_b,pcl,42,43.0,47.708744049072266
physionet_b,pcl,42,42.0,43.17575454711914
physionet_b,pcl,42,27.0,28.297033309936523
physionet_b,pcl,42,48.0,45.61591720581055
physionet_b,pcl,42,46.0,46.605812072753906
physionet_b,pcl,42,56.0,49.20937728881836
physionet_b,pcl,42,48.0,46.825931549072266
physionet_b,pcl,42,36.0,36.462158203125
physionet_b,pcl,42,28.0,28.896909713745117
physionet_b,pcl,42,56.0,50.240638732910156
physionet_b,pcl,42,44.0,46.75303268432617
physionet_b,pcl,42,40.0,41.31305694580078
physionet_b,pcl,42,48.0,48.882530212402344
physionet_b,pcl,42,32.0,32.85802459716797
physionet_b,pcl,42,43.0,42.034217834472656
physionet_b,pcl,42,24.0,25.26927947998047
physionet_b,pcl,42,56.0,45.284114837646484
physionet_b,pcl,42,40.0,38.936500549316406
physionet_b,pcl,42,58.0,45.35700225830078
physionet_b,pcl,42,53.0,47.14077377319336
physionet_b,pcl,42,51.0,45.28981018066406
physionet_b,pcl,42,24.0,25.08160400390625
physionet_b,pcl,42,37.0,35.74821090698242
physionet_b,pcl,42,53.0,47.71561813354492
physionet_b,pcl,42,52.0,45.83538055419922
physionet_b,pcl,42,49.0,46.772804260253906
physionet_b,pcl,42,26.0,27.157758712768555
physionet_b,pcl,42,58.0,50.8775749206543
physionet_b,pcl,42,42.0,41.754798889160156
physionet_b,pcl,42,44.0,45.0115852355957
physionet_b,pcl,42,51.0,49.37167739868164
physionet_b,pcl,42,25.0,27.797714233398438
physionet_b,pcl,42,47.0,45.232112884521484
physionet_b,pcl,42,48.0,45.469322204589844
physionet_b,pcl,42,25.0,26.433435440063477
physionet_b,pcl,42,54.0,44.014930725097656
physionet_b,pcl,42,24.0,25.146305084228516
physionet_b,pcl,42,24.0,27.285188674926758
physionet_b,pcl,42,47.0,47.90697479248047
physionet_b,pcl,42,52.0,47.972503662109375
physionet_b,pcl,42,40.0,38.48023986816406
physionet_b,pcl,42,37.0,36.38243865966797
physionet_b,pcl,42,57.0,44.908382415771484
physionet_b,pcl,42,45.0,45.44464111328125
physionet_b,pcl,42,50.0,46.09029769897461
physionet_b,pcl,42,56.0,49.62997817993164
physionet_b,pcl,42,36.0,33.70775604248047
physionet_b,pcl,42,48.0,46.4553108215332
physionet_b,pcl,42,57.0,60.755393981933594
physionet_b,pcl,42,55.0,52.14596939086914
physionet_b,pcl,42,76.0,52.21150588989258
physionet_b,pcl,42,192.0,46.52225875854492
physionet_b,pcl,42,26.0,27.268787384033203
physionet_b,pcl,42,51.0,45.105648040771484
physionet_b,pcl,42,70.0,52.66876983642578
physionet_b,pcl,42,51.0,64.63829040527344
physionet_b,pcl,42,30.0,30.509504318237305
physionet_b,pcl,42,162.0,45.644989013671875
physionet_b,pcl,42,37.0,37.08370590209961
physionet_b,pcl,42,39.0,38.295204162597656
physionet_b,pcl,42,49.0,46.099571228027344
physionet_b,pcl,42,55.0,49.02391052246094
physionet_b,pcl,42,99.0,39.101619720458984
physionet_b,pcl,42,48.0,43.567588806152344
physionet_b,pcl,42,32.0,31.428218841552734
physionet_b,pcl,42,25.0,27.49675750732422
physionet_b,pcl,42,41.0,43.5447998046875
physionet_b,pcl,42,43.0,45.52901840209961
physionet_b,pcl,42,44.0,48.14312744140625
physionet_b,pcl,42,42.0,41.73556900024414
physionet_b,pcl,42,50.0,46.30292510986328
physionet_b,pcl,42,37.0,35.56211471557617
physionet_b,pcl,42,39.0,35.47425842285156
physionet_b,pcl,42,56.0,48.92326736450195
physionet_b,pcl,42,39.0,37.79514694213867
physionet_b,pcl,42,46.0,42.156280517578125
physionet_b,pcl,42,59.0,46.69590377807617
physionet_b,pcl,42,41.0,40.96804428100586
physionet_b,pcl,42,58.0,51.130733489990234
physionet_b,pcl,42,39.0,36.295257568359375
physionet_b,pcl,42,50.0,46.80372619628906
physionet_b,pcl,42,158.0,41.19316864013672
physionet_b,pcl,42,50.0,51.819671630859375
physionet_b,pcl,42,45.0,45.662376403808594
physionet_b,pcl,42,28.0,27.314830780029297
physionet_b,pcl,42,48.0,47.97526931762695
physionet_b,pcl,42,38.0,36.230873107910156
physionet_b,pcl,42,28.0,28.162456512451172
physionet_b,pcl,42,42.0,46.302101135253906
physionet_b,pcl,42,27.0,27.962228775024414
physionet_b,pcl,42,38.0,34.83012390136719
physionet_b,pcl,42,55.0,48.689002990722656
physionet_b,pcl,42,30.0,30.45060157775879
physionet_b,pcl,42,43.0,40.96253967285156
physionet_b,pcl,42,26.0,26.143896102905273
physionet_b,pcl,42,57.0,42.90443420410156
physionet_b,pcl,42,48.0,54.359710693359375
physionet_b,pcl,42,43.0,42.13984298706055
physionet_b,pcl,42,25.0,26.235807418823242
physionet_b,pcl,42,38.0,36.22813034057617
physionet_b,pcl,42,38.0,37.2591667175293
physionet_b,pcl,42,48.0,44.489715576171875
physionet_b,pcl,42,47.0,41.65570068359375
physionet_b,pcl,42,40.0,38.80552673339844
physionet_b,pcl,42,40.0,39.458534240722656
physionet_b,pcl,42,43.0,40.666748046875
physionet_b,pcl,42,24.0,31.035968780517578
physionet_b,pcl,42,51.0,40.372352600097656
physionet_b,pcl,42,75.0,44.868167877197266
physionet_b,pcl,42,51.0,46.345733642578125
physionet_b,pcl,42,38.0,34.03096008300781
physionet_b,pcl,42,37.0,37.601871490478516
physionet_b,pcl,42,59.0,51.28060531616211
physionet_b,pcl,42,46.0,45.31855773925781
physionet_b,pcl,42,36.0,35.62923049926758
physionet_b,pcl,42,43.0,45.71168518066406
physionet_b,pcl,42,35.0,32.935420989990234
physionet_b,pcl,42,49.0,44.817081451416016
physionet_b,pcl,42,37.0,35.52470397949219
physionet_b,pcl,42,24.0,25.425556182861328
physionet_b,pcl,42,43.0,41.2705078125
physionet_b,pcl,42,48.0,46.265995025634766
physionet_b,pcl,42,25.0,25.946624755859375
physionet_b,pcl,42,57.0,45.61995315551758
physionet_b,pcl,42,51.0,47.25852966308594
physionet_b,pcl,42,51.0,48.29291915893555
physionet_b,pcl,42,48.0,44.35964584350586
physionet_b,pcl,42,45.0,44.01105499267578
physionet_b,pcl,42,41.0,41.576480865478516
physionet_b,pcl,42,29.0,29.422779083251953
physionet_b,pcl,42,43.0,41.08232498168945
physionet_b,pcl,42,25.0,27.362070083618164
physionet_b,pcl,42,50.0,47.704261779785156
physionet_b,pcl,42,34.0,32.543861389160156
physionet_b,pcl,42,57.0,47.05015182495117
physionet_b,pcl,42,64.0,46.35919189453125
physionet_b,pcl,42,40.0,42.92478942871094
physionet_b,pcl,42,31.0,31.137523651123047
physionet_b,pcl,42,188.0,47.8057861328125
physionet_b,pcl,42,45.0,48.243465423583984
physionet_b,pcl,42,32.0,32.33993148803711
physionet_b,pcl,42,34.0,34.60519790649414
physionet_b,pcl,42,39.0,35.133853912353516
physionet_b,pcl,42,39.0,37.05245590209961
physionet_b,pcl,42,44.0,44.35099792480469
physionet_b,pcl,42,25.0,26.249603271484375
physionet_b,pcl,42,45.0,46.674110412597656
physionet_b,pcl,42,24.0,25.973466873168945
physionet_b,pcl,42,24.0,26.028043746948242
physionet_b,pcl,42,24.0,25.925573348999023
physionet_b,pcl,42,59.0,41.64927673339844
physionet_b,pcl,42,29.0,30.02647590637207
physionet_b,pcl,42,36.0,36.843685150146484
physionet_b,pcl,42,40.0,38.667991638183594
physionet_b,pcl,42,37.0,34.4520149230957
physionet_b,pcl,42,28.0,30.14240074157715
physionet_b,pcl,42,52.0,45.65766906738281
physionet_b,pcl,42,50.0,46.32783508300781
physionet_b,pcl,42,40.0,38.6121940612793
physionet_b,pcl,42,39.0,40.0492057800293
physionet_b,pcl,42,44.0,47.68018341064453
physionet_b,pcl,42,27.0,28.87714385986328
physionet_b,pcl,42,36.0,34.81442642211914
physionet_b,pcl,42,28.0,28.76703643798828
physionet_b,pcl,42,40.0,39.525840759277344
physionet_b,pcl,42,43.0,44.61091613769531
physionet_b,pcl,42,25.0,25.402267456054688
physionet_b,pcl,42,55.0,40.39569854736328
physionet_b,pcl,42,41.0,41.393497467041016
physionet_b,pcl,42,47.0,47.13082504272461
physionet_b,pcl,42,40.0,38.78482437133789
physionet_b,pcl,42,39.0,35.773475646972656
physionet_b,pcl,42,36.0,34.644779205322266
physionet_b,pcl,42,46.0,47.32967758178711
physionet_b,pcl,42,140.0,50.55672836303711
physionet_b,pcl,42,27.0,27.62493133544922
physionet_b,pcl,42,51.0,45.42981719970703
physionet_b,pcl,42,30.0,29.76868438720703
physionet_b,pcl,42,26.0,26.03703498840332
physionet_b,pcl,42,49.0,44.90264892578125
physionet_b,pcl,42,42.0,41.25088882446289
physionet_b,pcl,42,53.0,47.309871673583984
physionet_b,pcl,42,58.0,42.37400436401367
physionet_b,pcl,42,53.0,49.988121032714844
physionet_b,pcl,42,39.0,35.62369155883789
physionet_b,pcl,42,48.0,46.78067398071289
physionet_b,pcl,42,43.0,45.10314178466797
physionet_b,pcl,42,48.0,47.74675369262695
physionet_b,pcl,42,46.0,41.265560150146484
physionet_b,pcl,42,39.0,39.53077697753906
physionet_b,pcl,42,36.0,41.95390319824219
physionet_b,pcl,42,36.0,35.92705154418945
physionet_b,pcl,42,34.0,35.332767486572266
physionet_b,pcl,42,40.0,44.32723617553711
physionet_b,pcl,42,41.0,40.5491943359375
physionet_b,pcl,42,28.0,30.10727882385254
physionet_b,pcl,42,45.0,55.439205169677734
physionet_b,pcl,42,40.0,42.8221321105957
physionet_b,pcl,42,45.0,46.322845458984375
physionet_b,pcl,42,26.0,27.700321197509766
physionet_b,pcl,42,55.0,45.35063934326172
physionet_b,pcl,42,39.0,37.62917709350586
physionet_b,pcl,42,30.0,31.25926971435547
physionet_b,pcl,42,41.0,41.87697219848633
physionet_b,pcl,42,48.0,50.40509796142578
physionet_b,pcl,42,56.0,46.48027420043945
physionet_b,pcl,42,46.0,48.8912467956543
physionet_b,pcl,42,98.0,59.423866271972656
physionet_b,pcl,42,36.0,31.635719299316406
physionet_b,pcl,42,43.0,40.72161102294922
physionet_b,pcl,42,47.0,45.26911926269531
physionet_b,pcl,42,55.0,48.270477294921875
physionet_b,pcl,42,42.0,46.073829650878906
physionet_b,pcl,42,54.0,50.50382614135742
physionet_b,pcl,42,42.0,41.07209396362305
physionet_b,pcl,42,39.0,37.82794189453125
physionet_b,pcl,42,35.0,34.70025634765625
physionet_b,pcl,42,47.0,44.003910064697266
physionet_b,pcl,42,27.0,27.05723762512207
physionet_b,pcl,42,55.0,45.89154815673828
physionet_b,pcl,42,45.0,48.37054443359375
physionet_b,pcl,42,37.0,38.109928131103516
physionet_b,pcl,42,48.0,46.22092819213867
physionet_b,pcl,42,46.0,46.12453079223633
physionet_b,pcl,42,59.0,45.98554229736328
physionet_b,pcl,42,24.0,25.710865020751953
physionet_b,pcl,42,42.0,46.631832122802734
physionet_b,pcl,42,35.0,34.35438919067383
physionet_b,pcl,42,36.0,36.03848648071289
physionet_b,pcl,42,47.0,48.90699768066406
physionet_b,pcl,42,121.0,54.380836486816406
physionet_b,pcl,42,52.0,46.77223205566406
physionet_b,pcl,42,39.0,34.341217041015625
physionet_b,pcl,42,46.0,41.68339157104492
physionet_b,pcl,42,49.0,48.19178771972656
physionet_b,pcl,42,28.0,27.335372924804688
physionet_b,pcl,42,25.0,26.331336975097656
physionet_b,pcl,42,55.0,45.06079864501953
physionet_b,pcl,42,47.0,46.609375
physionet_b,pcl,42,27.0,27.801572799682617
physionet_b,pcl,42,43.0,42.11546325683594
physionet_b,pcl,42,34.0,33.31483459472656
physionet_b,pcl,42,36.0,34.65191650390625
physionet_b,pcl,42,58.0,47.06218338012695
physionet_b,pcl,42,39.0,36.213748931884766
physionet_b,pcl,42,36.0,34.97865295410156
physionet_b,pcl,42,42.0,42.874412536621094
physionet_b,pcl,42,57.0,41.79514694213867
physionet_b,pcl,42,55.0,48.08406448364258
physionet_b,pcl,42,42.0,41.313228607177734
physionet_b,pcl,42,35.0,32.965232849121094
physionet_b,pcl,42,34.0,34.409854888916016
physionet_b,pcl,42,42.0,46.872169494628906
physionet_b,pcl,42,45.0,48.95477294921875
physionet_b,pcl,42,36.0,36.049129486083984
physionet_b,pcl,42,26.0,27.834545135498047
physionet_b,pcl,42,46.0,44.74129104614258
physionet_b,pcl,42,24.0,27.5386962890625
physionet_b,pcl,42,40.0,39.88658905029297
physionet_b,pcl,42,54.0,46.58992385864258
physionet_b,pcl,42,45.0,41.95816421508789
physionet_b,pcl,42,41.0,40.35365676879883
physionet_b,pcl,42,43.0,43.58747100830078
physionet_b,pcl,42,37.0,33.40522003173828
physionet_b,pcl,42,38.0,37.21932601928711
physionet_b,pcl,42,88.0,44.57651901245117
physionet_b,pcl,42,32.0,31.97564697265625
physionet_b,pcl,42,45.0,43.970314025878906
physionet_b,pcl,42,39.0,36.828041076660156
physionet_b,pcl,42,57.0,58.4663200378418
physionet_b,pcl,42,44.0,54.96464538574219
physionet_b,pcl,42,40.0,38.419960021972656
physionet_b,pcl,42,37.0,34.40993881225586
physionet_b,pcl,42,58.0,41.324256896972656
physionet_b,pcl,42,38.0,35.422447204589844
physionet_b,pcl,42,49.0,45.201316833496094
physionet_b,pcl,42,25.0,25.482952117919922
physionet_b,pcl,42,318.0,49.89729690551758
physionet_b,pcl,42,51.0,50.907901763916016
physionet_b,pcl,42,48.0,47.39911651611328
physionet_b,pcl,42,47.0,53.25403594970703
physionet_b,pcl,42,53.0,46.23333740234375
physionet_b,pcl,42,58.0,45.448883056640625
physionet_b,pcl,42,24.0,26.290491104125977
physionet_b,pcl,42,41.0,37.54335403442383
physionet_b,pcl,42,25.0,27.3028507232666
physionet_b,pcl,42,26.0,25.711891174316406
physionet_b,pcl,42,44.0,44.441043853759766
physionet_b,pcl,42,39.0,39.05029296875
physionet_b,pcl,42,62.0,49.97520065307617
physionet_b,pcl,42,53.0,50.8200798034668
physionet_b,pcl,42,54.0,47.276851654052734
physionet_b,pcl,42,43.0,40.90642166137695
physionet_b,pcl,42,45.0,50.404876708984375
physionet_b,pcl,42,39.0,36.43998718261719
physionet_b,pcl,42,45.0,45.30741500854492
physionet_b,pcl,42,42.0,46.35447311401367
physionet_b,pcl,42,44.0,48.23226547241211
physionet_b,pcl,42,30.0,27.51280403137207
physionet_b,pcl,42,53.0,46.79484939575195
physionet_b,pcl,42,48.0,52.17671585083008
physionet_b,pcl,42,41.0,38.41326141357422
physionet_b,pcl,42,42.0,45.90462875366211
physionet_b,pcl,42,36.0,35.21080017089844
physionet_b,pcl,42,57.0,47.617027282714844
physionet_b,pcl,42,40.0,38.776153564453125
physionet_b,pcl,42,53.0,51.930870056152344
physionet_b,pcl,42,34.0,32.507938385009766
physionet_b,pcl,42,38.0,37.0760498046875
physionet_b,pcl,42,43.0,41.50592041015625
physionet_b,pcl,42,44.0,46.18946075439453
physionet_b,pcl,42,54.0,50.195884704589844
physionet_b,pcl,42,216.0,46.12183380126953
physionet_b,pcl,42,41.0,40.781944274902344
physionet_b,pcl,42,25.0,25.402910232543945
physionet_b,pcl,42,25.0,25.74789810180664
physionet_b,pcl,42,57.0,43.470645904541016
physionet_b,pcl,42,33.0,33.77740478515625
physionet_b,pcl,42,41.0,40.15016555786133
physionet_b,pcl,42,36.0,34.510013580322266
physionet_b,pcl,42,49.0,46.70539855957031
physionet_b,pcl,42,39.0,35.625484466552734
physionet_b,pcl,42,37.0,36.07210159301758
physionet_b,pcl,42,41.0,40.459651947021484
physionet_b,pcl,42,41.0,39.54595184326172
physionet_b,pcl,42,36.0,35.8875617980957
physionet_b,pcl,42,88.0,45.725608825683594
physionet_b,pcl,42,44.0,45.1633186340332
physionet_b,pcl,42,32.0,31.308467864990234
physionet_b,pcl,42,26.0,26.980268478393555
physionet_b,pcl,42,29.0,28.12196922302246
physionet_b,pcl,42,36.0,35.550758361816406
physionet_b,pcl,42,47.0,45.40066909790039
physionet_b,pcl,42,47.0,44.17694854736328
physionet_b,pcl,42,54.0,46.84598159790039
physionet_b,pcl,42,39.0,37.033206939697266
physionet_b,pcl,42,52.0,52.89216995239258
physionet_b,pcl,42,37.0,32.1934928894043
physionet_b,pcl,42,36.0,35.57011032104492
physionet_b,pcl,42,38.0,37.16525650024414
physionet_b,pcl,42,52.0,47.05303955078125
physionet_b,pcl,42,38.0,40.368526458740234
physionet_b,pcl,42,25.0,27.055564880371094
physionet_b,pcl,42,54.0,45.37289810180664
physionet_b,pcl,42,38.0,37.740962982177734
physionet_b,pcl,42,33.0,30.25721549987793
physionet_b,pcl,42,25.0,27.628986358642578
physionet_b,pcl,42,34.0,33.65769577026367
physionet_b,pcl,42,39.0,36.61265563964844
physionet_b,pcl,42,43.0,47.92668533325195
physionet_b,pcl,42,46.0,46.11568832397461
physionet_b,pcl,42,51.0,46.48540496826172
physionet_b,pcl,42,45.0,46.05245590209961
physionet_b,pcl,42,65.0,45.47417449951172
physionet_b,pcl,42,33.0,34.011112213134766
physionet_b,pcl,42,37.0,37.6681022644043
physionet_b,pcl,42,38.0,36.6139030456543
physionet_b,pcl,42,51.0,45.07758331298828
physionet_b,pcl,42,24.0,27.010231018066406
physionet_b,pcl,42,336.0,45.25914001464844
physionet_b,pcl,42,26.0,27.298828125
physionet_b,pcl,42,26.0,38.217063903808594
physionet_b,pcl,42,37.0,35.52891159057617
physionet_b,pcl,42,38.0,36.208290100097656
physionet_b,pcl,42,51.0,46.3575439453125
physionet_b,pcl,42,31.0,30.10720443725586
physionet_b,pcl,42,47.0,47.222312927246094
physionet_b,pcl,42,46.0,49.537574768066406
physionet_b,pcl,42,196.0,60.3965950012207
physionet_b,pcl,42,55.0,49.18815994262695
physionet_b,pcl,42,35.0,35.50404357910156
physionet_b,pcl,42,46.0,48.91336441040039
physionet_b,pcl,42,46.0,45.68535614013672
physionet_b,pcl,42,84.0,46.34168243408203
physionet_b,pcl,42,39.0,37.494140625
physionet_b,pcl,42,51.0,45.55057907104492
physionet_b,pcl,42,46.0,48.78402328491211
physionet_b,pcl,42,57.0,44.52353286743164
physionet_b,pcl,42,43.0,42.04573059082031
physionet_b,pcl,42,144.0,44.68866729736328
physionet_b,pcl,42,40.0,42.98412322998047
physionet_b,pcl,42,44.0,46.30132293701172
physionet_b,pcl,42,40.0,36.85224914550781
physionet_b,pcl,42,36.0,34.891605377197266
physionet_b,pcl,42,34.0,35.961517333984375
physionet_b,pcl,42,43.0,43.61150360107422
physionet_b,pcl,42,43.0,43.86460494995117
physionet_b,pcl,42,24.0,26.57159996032715
physionet_b,pcl,42,30.0,29.401729583740234
physionet_b,pcl,42,34.0,33.777774810791016
physionet_b,pcl,42,51.0,47.32988357543945
physionet_b,pcl,42,57.0,43.32534408569336
physionet_b,pcl,42,49.0,42.34282684326172
physionet_b,pcl,42,37.0,36.01897430419922
physionet_b,pcl,42,50.0,39.77549362182617
physionet_b,pcl,42,36.0,36.28294372558594
physionet_b,pcl,42,50.0,52.039512634277344
physionet_b,pcl,42,55.0,47.76249313354492
physionet_b,pcl,42,51.0,50.96975326538086
physionet_b,pcl,42,45.0,40.53824996948242
physionet_b,pcl,42,52.0,44.105323791503906
physionet_b,pcl,42,48.0,51.60260772705078
physionet_b,pcl,42,24.0,25.082841873168945
physionet_b,pcl,42,36.0,34.39308166503906
physionet_b,pcl,42,115.0,46.536094665527344
physionet_b,pcl,42,55.0,47.20509338378906
physionet_b,pcl,42,28.0,28.065555572509766
physionet_b,pcl,42,52.0,53.16593933105469
physionet_b,pcl,42,54.0,57.739784240722656
physionet_b,pcl,42,24.0,25.42331886291504
physionet_b,pcl,42,42.0,41.0656852722168
physionet_b,pcl,42,27.0,27.77079200744629
physionet_b,pcl,42,50.0,51.57988739013672
physionet_b,pcl,42,40.0,37.54563522338867
physionet_b,pcl,42,38.0,36.349403381347656
physionet_b,pcl,42,55.0,46.643043518066406
physionet_b,pcl,42,25.0,27.706453323364258
physionet_b,pcl,42,261.0,45.455020904541016
physionet_b,pcl,42,49.0,41.105308532714844
physionet_b,pcl,42,27.0,28.841590881347656
physionet_b,pcl,42,26.0,23.87246322631836
physionet_b,pcl,42,24.0,26.476154327392578
physionet_b,pcl,42,44.0,52.24515914916992
physionet_b,pcl,42,58.0,48.28915786743164
physionet_b,pcl,42,36.0,36.143436431884766
physionet_b,pcl,42,44.0,46.41707229614258
physionet_b,pcl,42,40.0,36.777732849121094
physionet_b,pcl,42,42.0,39.45870590209961
physionet_b,pcl,42,40.0,39.977718353271484
physionet_b,pcl,42,39.0,37.769744873046875
physionet_b,pcl,42,33.0,31.539833068847656
physionet_b,pcl,42,28.0,25.842254638671875
physionet_b,pcl,42,45.0,52.17735290527344
physionet_b,pcl,42,36.0,35.31458282470703
physionet_b,pcl,42,57.0,45.62070846557617
physionet_b,pcl,42,41.0,40.440528869628906
physionet_b,pcl,42,24.0,26.451435089111328
physionet_b,pcl,42,44.0,47.81986618041992
physionet_b,pcl,42,47.0,47.381752014160156
physionet_b,pcl,42,36.0,39.0839729309082
physionet_b,pcl,42,51.0,47.96890640258789
physionet_b,pcl,42,55.0,51.622615814208984
physionet_b,pcl,42,45.0,45.041893005371094
physionet_b,pcl,42,50.0,44.75506591796875
physionet_b,pcl,42,50.0,47.621097564697266
physionet_b,pcl,42,25.0,27.11941146850586
physionet_b,pcl,42,41.0,39.288936614990234
physionet_b,pcl,42,58.0,46.42015838623047
physionet_b,pcl,42,44.0,41.64763641357422
physionet_b,pcl,42,33.0,33.912845611572266
physionet_b,pcl,42,28.0,30.055234909057617
physionet_b,pcl,42,31.0,30.139423370361328
physionet_b,pcl,42,44.0,46.07249450683594
physionet_b,pcl,42,58.0,45.74085235595703
physionet_b,pcl,42,48.0,48.28067398071289
physionet_b,pcl,42,47.0,47.507625579833984
physionet_b,pcl,42,52.0,46.55712127685547
physionet_b,pcl,42,43.0,45.922279357910156
physionet_b,pcl,42,41.0,39.215450286865234
physionet_b,pcl,42,43.0,50.29735565185547
physionet_b,pcl,42,44.0,45.78956604003906
physionet_b,pcl,42,45.0,47.67709732055664
physionet_b,pcl,42,28.0,31.40023422241211
physionet_b,pcl,42,27.0,26.616395950317383
physionet_b,pcl,42,35.0,37.100032806396484
physionet_b,pcl,42,53.0,49.5149040222168
physionet_b,pcl,42,43.0,46.870880126953125
physionet_b,pcl,42,48.0,51.721343994140625
physionet_b,pcl,42,29.0,29.901042938232422
physionet_b,pcl,42,26.0,27.12530517578125
physionet_b,pcl,42,38.0,36.9359245300293
physionet_b,pcl,42,50.0,56.70207214355469
physionet_b,pcl,42,36.0,35.8498420715332
physionet_b,pcl,42,146.0,49.72564697265625
physionet_b,pcl,42,37.0,37.1732292175293
physionet_b,pcl,42,44.0,45.579002380371094
physionet_b,pcl,42,28.0,28.914236068725586
physionet_b,pcl,42,50.0,45.77276611328125
physionet_b,pcl,42,30.0,30.271467208862305
physionet_b,pcl,42,54.0,61.804161071777344
physionet_b,pcl,42,49.0,45.652042388916016
physionet_b,pcl,42,40.0,42.334869384765625
physionet_b,pcl,42,56.0,45.05671310424805
physionet_b,pcl,42,38.0,34.83026885986328
physionet_b,pcl,42,24.0,26.2896785736084
physionet_b,pcl,42,42.0,39.93516159057617
physionet_b,pcl,42,24.0,28.67068099975586
physionet_b,pcl,42,50.0,46.19404983520508
physionet_b,pcl,42,58.0,50.43088912963867
physionet_b,pcl,42,39.0,37.05012512207031
physionet_b,pcl,42,43.0,42.71477508544922
physionet_b,pcl,42,54.0,46.54007339477539
physionet_b,pcl,42,47.0,45.214359283447266
physionet_b,pcl,42,44.0,44.99962615966797
physionet_b,pcl,42,41.0,43.371456146240234
physionet_b,pcl,42,42.0,40.90892791748047
physionet_b,pcl,42,51.0,47.5845947265625
physionet_b,pcl,42,37.0,36.42137145996094
physionet_b,pcl,42,41.0,39.94813537597656
physionet_b,pcl,42,55.0,59.2542839050293
physionet_b,pcl,42,58.0,46.70745849609375
physionet_b,pcl,42,24.0,26.073719024658203
physionet_b,pcl,42,53.0,54.9891242980957
physionet_b,pcl,42,54.0,54.70883560180664
physionet_b,pcl,42,24.0,26.414350509643555
physionet_b,pcl,42,27.0,27.084732055664062
physionet_b,pcl,42,47.0,47.96253204345703
physionet_b,pcl,42,24.0,25.505868911743164
physionet_b,pcl,42,24.0,27.134828567504883
physionet_b,pcl,42,27.0,27.505584716796875
physionet_b,pcl,42,49.0,40.782920837402344
physionet_b,pcl,42,41.0,38.3393669128418
physionet_b,pcl,42,38.0,39.09352111816406
physionet_b,pcl,42,30.0,29.875194549560547
physionet_b,pcl,42,41.0,39.09672546386719
physionet_b,pcl,42,39.0,39.24087905883789
physionet_b,pcl,42,32.0,31.896320343017578
physionet_b,pcl,42,41.0,40.07737350463867
physionet_b,pcl,42,27.0,27.309146881103516
physionet_b,pcl,42,50.0,45.46062469482422
physionet_b,pcl,42,39.0,37.5665283203125
physionet_b,pcl,42,39.0,37.38093566894531
physionet_b,pcl,42,51.0,47.14317321777344
physionet_b,pcl,42,45.0,43.54631042480469
physionet_b,pcl,42,42.0,47.91948699951172
physionet_b,pcl,42,53.0,44.131622314453125
physionet_b,pcl,42,56.0,49.821231842041016
physionet_b,pcl,42,39.0,37.726741790771484
physionet_b,pcl,42,39.0,40.341400146484375
physionet_b,pcl,42,35.0,35.448944091796875
physionet_b,pcl,42,28.0,29.130353927612305
physionet_b,pcl,42,41.0,45.55998229980469
physionet_b,pcl,42,58.0,47.716453552246094
physionet_b,pcl,42,39.0,38.25840377807617
physionet_b,pcl,42,92.0,53.189720153808594
physionet_b,pcl,42,29.0,31.007789611816406
physionet_b,pcl,42,45.0,44.9613037109375
physionet_b,pcl,42,32.0,32.923561096191406
physionet_b,pcl,42,36.0,34.348960876464844
physionet_b,pcl,42,36.0,35.657596588134766
physionet_b,pcl,42,27.0,30.126203536987305
physionet_b,pcl,42,52.0,50.98210906982422
physionet_b,pcl,42,41.0,40.77215576171875
physionet_b,pcl,42,29.0,27.0052490234375
physionet_b,pcl,42,53.0,43.032325744628906
physionet_b,pcl,42,50.0,45.35566711425781
physionet_b,pcl,42,48.0,48.90598678588867
physionet_b,pcl,42,54.0,47.53151321411133
physionet_b,pcl,42,48.0,50.70375442504883
physionet_b,pcl,42,39.0,37.178096771240234
physionet_b,pcl,42,41.0,42.6280517578125
physionet_b,pcl,42,38.0,40.97684860229492
physionet_b,pcl,42,27.0,34.39431381225586
physionet_b,pcl,42,44.0,49.81061935424805
physionet_b,pcl,42,47.0,47.76556396484375
physionet_b,pcl,42,40.0,42.70500946044922
physionet_b,pcl,42,52.0,51.101806640625
physionet_b,pcl,42,43.0,45.665767669677734
physionet_b,pcl,42,39.0,38.732818603515625
physionet_b,pcl,42,36.0,30.954652786254883
physionet_b,pcl,42,58.0,48.18299102783203
physionet_b,pcl,42,54.0,46.782554626464844
physionet_b,pcl,42,54.0,44.8714599609375
physionet_b,pcl,42,32.0,32.35519790649414
physionet_b,pcl,42,50.0,45.19488525390625
physionet_b,pcl,42,56.0,45.518802642822266
physionet_b,pcl,42,336.0,52.37312316894531
physionet_b,pcl,42,24.0,23.178403854370117
physionet_b,pcl,42,54.0,44.798973083496094
physionet_b,pcl,42,36.0,35.14740753173828
physionet_b,pcl,42,50.0,51.57502365112305
physionet_b,pcl,42,27.0,26.83148765563965
physionet_b,pcl,42,44.0,45.4974250793457
physionet_b,pcl,42,39.0,39.32747268676758
physionet_b,pcl,42,43.0,41.763343811035156
physionet_b,pcl,42,47.0,46.584468841552734
physionet_b,pcl,42,24.0,27.777568817138672
physionet_b,pcl,42,43.0,41.38911056518555
physionet_b,pcl,42,37.0,38.155609130859375
physionet_b,pcl,42,45.0,62.077484130859375
physionet_b,pcl,42,42.0,47.59239196777344
physionet_b,pcl,42,36.0,35.774696350097656
physionet_b,pcl,42,47.0,47.439971923828125
physionet_b,pcl,42,45.0,44.973751068115234
physionet_b,pcl,42,26.0,27.86370277404785
physionet_b,pcl,42,24.0,26.039813995361328
physionet_b,pcl,42,36.0,35.6711540222168
physionet_b,pcl,42,28.0,26.596420288085938
physionet_b,pcl,42,24.0,26.13045310974121
physionet_b,pcl,42,38.0,36.81001663208008
physionet_b,pcl,42,35.0,34.98550033569336
physionet_b,pcl,42,51.0,51.23490524291992
physionet_b,pcl,42,31.0,31.38015365600586
physionet_b,pcl,42,37.0,35.807044982910156
physionet_b,pcl,42,35.0,35.40262985229492
physionet_b,pcl,42,48.0,55.574546813964844
physionet_b,pcl,42,42.0,46.30008316040039
physionet_b,pcl,42,45.0,44.47737503051758
physionet_b,pcl,42,38.0,36.1606559753418
physionet_b,pcl,42,55.0,45.32194900512695
physionet_b,pcl,42,36.0,35.47335433959961
physionet_b,pcl,42,35.0,34.913047790527344
physionet_b,pcl,42,42.0,42.17133712768555
physionet_b,pcl,42,56.0,62.418128967285156
physionet_b,pcl,42,30.0,30.3840274810791
physionet_b,pcl,42,38.0,35.53580093383789
physionet_b,pcl,42,82.0,45.97291946411133
physionet_b,pcl,42,53.0,48.21503829956055
physionet_b,pcl,42,39.0,38.993309020996094
physionet_b,pcl,42,40.0,38.55880355834961
physionet_b,pcl,42,25.0,25.275650024414062
physionet_b,pcl,42,35.0,34.88903045654297
physionet_b,pcl,42,41.0,40.529090881347656
physionet_b,pcl,42,46.0,47.961517333984375
physionet_b,pcl,42,30.0,29.87504005432129
physionet_b,pcl,42,46.0,43.95791244506836
physionet_b,pcl,42,48.0,45.53544235229492
physionet_b,pcl,42,41.0,54.25098419189453
physionet_b,pcl,42,33.0,32.647972106933594
physionet_b,pcl,42,38.0,35.86466598510742
physionet_b,pcl,42,25.0,26.2681827545166
physionet_b,pcl,42,32.0,32.3004264831543
physionet_b,pcl,42,37.0,34.76565933227539
physionet_b,pcl,42,56.0,47.18913269042969
physionet_b,pcl,42,34.0,33.38279724121094
physionet_b,pcl,42,28.0,26.460403442382812
physionet_b,pcl,42,47.0,45.22110366821289
physionet_b,pcl,42,41.0,42.39043045043945
physionet_b,pcl,42,47.0,45.85437774658203
physionet_b,pcl,42,59.0,45.57500457763672
physionet_b,pcl,42,49.0,46.85515594482422
physionet_b,pcl,42,44.0,45.95679473876953
physionet_b,pcl,42,57.0,46.39800262451172
physionet_b,pcl,42,58.0,46.593406677246094
physionet_b,pcl,42,142.0,49.83756637573242
physionet_b,pcl,42,51.0,49.36967086791992
physionet_b,pcl,42,39.0,39.94390869140625
physionet_b,pcl,42,53.0,48.36044692993164
physionet_b,pcl,42,54.0,52.10163879394531
physionet_b,pcl,42,47.0,48.19033432006836
physionet_b,pcl,42,36.0,35.99097442626953
physionet_b,pcl,42,39.0,38.660491943359375
physionet_b,pcl,42,39.0,36.89126205444336
physionet_b,pcl,42,42.0,40.66184997558594
physionet_b,pcl,42,48.0,45.91374588012695
physionet_b,pcl,42,36.0,34.8778076171875
physionet_b,pcl,42,48.0,45.283321380615234
physionet_b,pcl,42,36.0,34.79548263549805
physionet_b,pcl,42,41.0,40.593509674072266
physionet_b,pcl,42,45.0,45.70730972290039
physionet_b,pcl,42,58.0,45.821590423583984
physionet_b,pcl,42,32.0,33.02664566040039
physionet_b,pcl,42,43.0,41.206329345703125
physionet_b,pcl,42,48.0,48.32930374145508
physionet_b,pcl,42,27.0,25.904563903808594
physionet_b,pcl,42,40.0,38.17634582519531
physionet_b,pcl,42,57.0,55.3603515625
physionet_b,pcl,42,25.0,27.491533279418945
physionet_b,pcl,42,47.0,42.89097595214844
physionet_b,pcl,42,47.0,50.14993667602539
physionet_b,pcl,42,27.0,27.891401290893555
physionet_b,pcl,42,41.0,38.838623046875
physionet_b,pcl,42,44.0,60.15250778198242
physionet_b,pcl,42,56.0,47.26564025878906
physionet_b,pcl,42,140.0,46.745872497558594
physionet_b,pcl,42,45.0,45.560401916503906
physionet_b,pcl,42,40.0,39.1547966003418
physionet_b,pcl,42,64.0,49.0714111328125
physionet_b,pcl,42,58.0,45.36675262451172
physionet_b,pcl,42,48.0,48.247352600097656
physionet_b,pcl,42,37.0,36.77012252807617
physionet_b,pcl,42,46.0,46.9511833190918
physionet_b,pcl,42,48.0,45.736026763916016
physionet_b,pcl,42,37.0,36.594024658203125
physionet_b,pcl,42,43.0,42.778648376464844
physionet_b,pcl,42,25.0,26.200531005859375
physionet_b,pcl,42,110.0,42.253055572509766
physionet_b,pcl,42,189.0,46.43517303466797
physionet_b,pcl,42,37.0,36.19715881347656
physionet_b,pcl,42,63.0,54.23088455200195
physionet_b,pcl,42,43.0,40.60919189453125
physionet_b,pcl,42,26.0,25.97342872619629
physionet_b,pcl,42,53.0,47.2088508605957
physionet_b,pcl,42,49.0,44.30718231201172
physionet_b,pcl,42,48.0,46.204280853271484
physionet_b,pcl,42,34.0,34.51250076293945
physionet_b,pcl,42,54.0,34.49932861328125
physionet_b,pcl,42,40.0,41.51871871948242
physionet_b,pcl,42,39.0,37.87662887573242
physionet_b,pcl,42,43.0,48.07229232788086
physionet_b,pcl,42,26.0,26.607093811035156
physionet_b,pcl,42,50.0,49.31306838989258
physionet_b,pcl,42,49.0,48.37205123901367
physionet_b,pcl,42,31.0,30.502233505249023
physionet_b,pcl,42,45.0,45.44612503051758
physionet_b,pcl,42,37.0,34.74382781982422
physionet_b,pcl,42,65.0,45.84940719604492
physionet_b,pcl,42,52.0,48.27127456665039
physionet_b,pcl,42,47.0,50.42815399169922
physionet_b,pcl,42,29.0,29.464704513549805
physionet_b,pcl,42,43.0,42.06413650512695
physionet_b,pcl,42,41.0,39.391883850097656
physionet_b,pcl,42,42.0,40.41276550292969
physionet_b,pcl,42,37.0,37.65648651123047
physionet_b,pcl,42,42.0,42.223262786865234
physionet_b,pcl,42,46.0,45.89907455444336
physionet_b,pcl,42,59.0,48.25803756713867
physionet_b,pcl,42,46.0,48.7080078125
physionet_b,pcl,42,39.0,36.78519821166992
physionet_b,pcl,42,56.0,47.10746765136719
physionet_b,pcl,42,48.0,46.93568420410156
physionet_b,pcl,42,44.0,44.76618194580078
physionet_b,pcl,42,36.0,34.37751007080078
physionet_b,pcl,42,55.0,51.306861877441406
physionet_b,pcl,42,55.0,46.50666046142578
physionet_b,pcl,42,26.0,27.162250518798828
physionet_b,pcl,42,52.0,45.544532775878906
physionet_b,pcl,42,51.0,46.32804870605469
physionet_b,pcl,42,45.0,44.33616256713867
physionet_b,pcl,42,36.0,35.766544342041016
physionet_b,pcl,42,45.0,47.52003860473633
physionet_b,pcl,42,48.0,48.294044494628906
physionet_b,pcl,42,24.0,28.23989486694336
physionet_b,pcl,42,43.0,44.860565185546875
physionet_b,pcl,42,40.0,39.10545349121094
physionet_b,pcl,42,24.0,25.17571449279785
physionet_b,pcl,42,47.0,47.79841995239258
physionet_b,pcl,42,25.0,26.407285690307617
physionet_b,pcl,42,53.0,46.470123291015625
physionet_b,pcl,42,24.0,27.18963050842285
physionet_b,pcl,42,40.0,39.572322845458984
physionet_b,pcl,42,54.0,46.20484161376953
physionet_b,pcl,42,37.0,35.15719223022461
physionet_b,pcl,42,39.0,37.512939453125
physionet_b,pcl,42,66.0,50.34992599487305
physionet_b,pcl,42,96.0,46.022254943847656
physionet_b,pcl,42,43.0,43.97609329223633
physionet_b,pcl,42,35.0,30.522789001464844
physionet_b,pcl,42,46.0,45.71537399291992
physionet_b,pcl,42,42.0,42.47505187988281
physionet_b,pcl,42,57.0,46.94407272338867
physionet_b,pcl,42,47.0,45.70189666748047
physionet_b,pcl,42,44.0,46.212642669677734
physionet_b,pcl,42,48.0,46.73361587524414
physionet_b,pcl,42,62.0,47.53443145751953
physionet_b,pcl,42,49.0,42.99677276611328
physionet_b,pcl,42,36.0,35.76976013183594
physionet_b,pcl,42,50.0,45.84086227416992
physionet_b,pcl,42,46.0,49.4561767578125
physionet_b,pcl,42,49.0,43.93329620361328
physionet_b,pcl,42,47.0,48.01962661743164
physionet_b,pcl,42,34.0,36.30024719238281
physionet_b,pcl,42,40.0,38.374271392822266
physionet_b,pcl,42,29.0,29.968055725097656
physionet_b,pcl,42,58.0,47.5606803894043
physionet_b,pcl,42,33.0,32.88825225830078
physionet_b,pcl,42,55.0,45.429298400878906
physionet_b,pcl,42,54.0,51.77158737182617
physionet_b,pcl,42,174.0,45.45560836791992
physionet_b,pcl,42,43.0,47.91548538208008
physionet_b,pcl,42,29.0,31.944149017333984
physionet_b,pcl,42,43.0,46.83587646484375
physionet_b,pcl,42,41.0,37.371253967285156
physionet_b,pcl,42,43.0,41.36058807373047
physionet_b,pcl,42,52.0,45.763065338134766
physionet_b,pcl,42,37.0,36.42898178100586
physionet_b,pcl,42,45.0,42.94435501098633
physionet_b,pcl,42,55.0,52.23194885253906
physionet_b,pcl,42,34.0,34.10741424560547
physionet_b,pcl,42,53.0,45.66537857055664
physionet_b,pcl,42,42.0,43.59727478027344
physionet_b,pcl,42,37.0,34.41611862182617
physionet_b,pcl,42,42.0,42.595829010009766
physionet_b,pcl,42,49.0,45.99369812011719
physionet_b,pcl,42,47.0,45.108890533447266
physionet_b,pcl,42,46.0,59.12404251098633
physionet_b,pcl,42,45.0,49.01336669921875
physionet_b,pcl,42,40.0,39.48052215576172
physionet_b,pcl,42,54.0,46.42008972167969
physionet_b,pcl,42,50.0,48.043731689453125
physionet_b,pcl,42,57.0,49.65284729003906
physionet_b,pcl,42,59.0,45.15898132324219
physionet_b,pcl,42,56.0,49.15140151977539
physionet_b,pcl,42,26.0,27.965137481689453
physionet_b,pcl,42,39.0,36.85975646972656
physionet_b,pcl,42,59.0,47.25757598876953
physionet_b,pcl,42,26.0,26.95962905883789
physionet_b,pcl,42,36.0,35.638267517089844
physionet_b,pcl,42,43.0,41.20035934448242
physionet_b,pcl,42,41.0,43.29429626464844
physionet_b,pcl,42,39.0,38.10707473754883
physionet_b,pcl,42,37.0,35.177696228027344
physionet_b,pcl,42,59.0,50.19611740112305
physionet_b,pcl,42,47.0,43.5037841796875
physionet_b,pcl,42,59.0,54.49333953857422
physionet_b,pcl,42,53.0,45.35448455810547
physionet_b,pcl,42,51.0,48.29777145385742
physionet_b,pcl,42,49.0,48.85932159423828
physionet_b,pcl,42,40.0,38.62709045410156
physionet_b,pcl,42,43.0,46.32175064086914
physionet_b,pcl,42,27.0,27.84893035888672
physionet_b,pcl,42,37.0,36.41957092285156
physionet_b,pcl,42,53.0,47.60032653808594
physionet_b,pcl,42,41.0,39.87797927856445
physionet_b,pcl,42,41.0,39.85699462890625
physionet_b,pcl,42,37.0,35.75428009033203
physionet_b,pcl,42,24.0,25.88003921508789
physionet_b,pcl,42,42.0,44.1806526184082
physionet_b,pcl,42,54.0,45.54553985595703
physionet_b,pcl,42,32.0,30.856887817382812
physionet_b,pcl,42,27.0,27.83112144470215
physionet_b,pcl,42,38.0,39.055057525634766
physionet_b,pcl,42,29.0,29.12073516845703
physionet_b,pcl,42,25.0,28.33057975769043
physionet_b,pcl,42,55.0,44.874969482421875
physionet_b,pcl,42,59.0,47.611419677734375
physionet_b,pcl,42,54.0,46.32297134399414
physionet_b,pcl,42,39.0,38.622459411621094
physionet_b,pcl,42,37.0,37.86790466308594
physionet_b,pcl,42,32.0,31.989429473876953
physionet_b,pcl,42,37.0,35.64219284057617
physionet_b,pcl,42,39.0,37.90621566772461
physionet_b,pcl,42,44.0,41.358154296875
physionet_b,pcl,42,45.0,47.22636032104492
physionet_b,pcl,42,28.0,27.935623168945312
physionet_b,pcl,42,25.0,27.51563262939453
physionet_b,pcl,42,42.0,44.4547004699707
physionet_b,pcl,42,43.0,40.24249267578125
physionet_b,pcl,42,80.0,62.916133880615234
physionet_b,pcl,42,38.0,36.96465301513672
physionet_b,pcl,42,53.0,48.55549240112305
physionet_b,pcl,42,48.0,53.34236526489258
physionet_b,pcl,42,53.0,46.318153381347656
physionet_b,pcl,42,30.0,30.396390914916992
physionet_b,pcl,42,38.0,34.250953674316406
physionet_b,pcl,42,43.0,39.66095733642578
physionet_b,pcl,42,43.0,40.3116340637207
physionet_b,pcl,42,38.0,37.458106994628906
physionet_b,pcl,42,25.0,25.590545654296875
physionet_b,pcl,42,46.0,46.9734001159668
physionet_b,pcl,42,42.0,47.49116134643555
physionet_b,pcl,42,39.0,37.04935073852539
physionet_b,pcl,42,51.0,47.63515853881836
physionet_b,pcl,42,58.0,54.96624755859375
physionet_b,pcl,42,43.0,40.999935150146484
physionet_b,pcl,42,42.0,46.550262451171875
physionet_b,pcl,42,47.0,48.64640808105469
physionet_b,pcl,42,41.0,36.737770080566406
physionet_b,pcl,42,77.0,46.592567443847656
physionet_b,pcl,42,36.0,37.13919448852539
physionet_b,pcl,42,91.0,50.306358337402344
physionet_b,pcl,42,38.0,37.599082946777344
physionet_b,pcl,42,42.0,41.428157806396484
physionet_b,pcl,42,25.0,26.231956481933594
physionet_b,pcl,42,42.0,39.88880920410156
physionet_b,pcl,42,37.0,39.08930587768555
physionet_b,pcl,42,46.0,49.4395637512207
physionet_b,pcl,42,26.0,27.263004302978516
physionet_b,pcl,42,38.0,36.46974182128906
physionet_b,pcl,42,119.0,45.58540725708008
physionet_b,pcl,42,43.0,44.81109619140625
physionet_b,pcl,42,55.0,44.6472053527832
physionet_b,pcl,42,35.0,34.68131637573242
physionet_b,pcl,42,38.0,38.24272155761719
physionet_b,pcl,42,38.0,36.76212692260742
physionet_b,pcl,42,33.0,32.786834716796875
physionet_b,pcl,42,48.0,42.380672454833984
physionet_b,pcl,42,48.0,45.832847595214844
physionet_b,pcl,42,49.0,44.40544891357422
physionet_b,pcl,42,50.0,45.771629333496094
physionet_b,pcl,42,42.0,44.5831184387207
physionet_b,pcl,42,55.0,47.344703674316406
physionet_b,pcl,42,38.0,38.51652526855469
physionet_b,pcl,42,36.0,36.32142639160156
physionet_b,pcl,42,40.0,35.000892639160156
physionet_b,pcl,42,38.0,36.74738311767578
physionet_b,pcl,42,47.0,44.71547317504883
physionet_b,pcl,42,42.0,42.558135986328125
physionet_b,pcl,42,59.0,52.59186935424805
physionet_b,pcl,42,77.0,52.259735107421875
physionet_b,pcl,42,28.0,29.340572357177734
physionet_b,pcl,42,47.0,42.51579666137695
physionet_b,pcl,42,36.0,33.9991455078125
physionet_b,pcl,42,57.0,48.02497863769531
physionet_b,pcl,42,26.0,27.294355392456055
physionet_b,pcl,42,208.0,46.444156646728516
physionet_b,pcl,42,48.0,45.102516174316406
physionet_b,pcl,42,44.0,46.22538757324219
physionet_b,pcl,42,38.0,35.637569427490234
physionet_b,pcl,42,39.0,36.68153381347656
physionet_b,pcl,42,55.0,47.790870666503906
physionet_b,pcl,42,56.0,49.32302474975586
physionet_b,pcl,42,53.0,47.28671646118164
physionet_b,pcl,42,39.0,38.78487014770508
physionet_b,pcl,42,24.0,26.034475326538086
physionet_b,pcl,42,48.0,62.99969482421875
physionet_b,pcl,42,45.0,44.59455108642578
physionet_b,pcl,42,48.0,44.50355911254883
physionet_b,pcl,42,29.0,30.073062896728516
physionet_b,pcl,42,26.0,25.1602783203125
physionet_b,pcl,42,57.0,54.70846176147461
physionet_b,pcl,42,59.0,45.741600036621094
physionet_b,pcl,42,51.0,40.76664733886719
physionet_b,pcl,42,31.0,29.650489807128906
physionet_b,pcl,42,44.0,46.583309173583984
physionet_b,pcl,42,43.0,45.8775520324707
physionet_b,pcl,42,156.0,48.97676086425781
physionet_b,pcl,42,127.0,48.52153778076172
physionet_b,pcl,42,47.0,45.98401641845703
physionet_b,pcl,42,55.0,45.9482421875
physionet_b,pcl,42,24.0,25.445894241333008
physionet_b,pcl,42,49.0,51.98495101928711
physionet_b,pcl,42,41.0,43.73922348022461
physionet_b,pcl,42,54.0,44.99934387207031
physionet_b,pcl,42,45.0,45.218570709228516
physionet_b,pcl,42,25.0,25.53788948059082
physionet_b,pcl,42,46.0,45.31078338623047
physionet_b,pcl,42,58.0,51.69671630859375
physionet_b,pcl,42,47.0,45.13223648071289
physionet_b,pcl,42,46.0,49.45266342163086
physionet_b,pcl,42,25.0,26.692773818969727
physionet_b,pcl,42,24.0,27.0399112701416
physionet_b,pcl,42,56.0,48.23597717285156
physionet_b,pcl,42,43.0,40.6351318359375
physionet_b,pcl,42,58.0,47.5948371887207
physionet_b,pcl,42,41.0,40.2719612121582
physionet_b,pcl,42,98.0,51.001285552978516
physionet_b,pcl,42,52.0,45.285186767578125
physionet_b,pcl,42,27.0,27.98943519592285
physionet_b,pcl,42,28.0,27.677474975585938
physionet_b,pcl,42,46.0,44.903995513916016
physionet_b,pcl,42,36.0,37.04300308227539
physionet_b,pcl,42,42.0,45.03673553466797
physionet_b,pcl,42,28.0,28.507389068603516
physionet_b,pcl,42,41.0,43.46989440917969
physionet_b,pcl,42,57.0,46.44865798950195
physionet_b,pcl,42,46.0,45.564388275146484
physionet_b,pcl,42,30.0,29.994905471801758
physionet_b,pcl,42,25.0,26.516437530517578
physionet_b,pcl,42,53.0,44.844966888427734
physionet_b,pcl,42,55.0,41.787994384765625
physionet_b,pcl,42,27.0,25.434566497802734
physionet_b,pcl,42,55.0,51.53952407836914
physionet_b,pcl,42,39.0,36.72578811645508
physionet_b,pcl,42,52.0,46.79117965698242
physionet_b,pcl,42,52.0,47.69322967529297
physionet_b,pcl,42,26.0,27.266468048095703
physionet_b,pcl,42,42.0,40.69064712524414
physionet_b,pcl,42,45.0,45.55659484863281
physionet_b,pcl,42,58.0,49.95584487915039
physionet_b,pcl,42,44.0,44.33015441894531
physionet_b,pcl,42,43.0,46.7298583984375
physionet_b,pcl,42,129.0,46.28481674194336
physionet_b,pcl,42,31.0,30.500093460083008
physionet_b,pcl,42,48.0,48.94081497192383
physionet_b,pcl,42,43.0,45.49571990966797
physionet_b,pcl,42,55.0,46.346229553222656
physionet_b,pcl,42,48.0,45.4251594543457
physionet_b,pcl,42,39.0,40.10029602050781
physionet_b,pcl,42,45.0,42.13753890991211
physionet_b,pcl,42,36.0,33.41722869873047
physionet_b,pcl,42,49.0,48.98822784423828
physionet_b,pcl,42,45.0,45.33742141723633
physionet_b,pcl,42,55.0,47.74064254760742
physionet_b,pcl,42,26.0,28.25421714782715
physionet_b,pcl,42,24.0,25.973852157592773
physionet_b,pcl,42,42.0,40.93405532836914
physionet_b,pcl,42,42.0,40.8934326171875
physionet_b,pcl,42,57.0,45.81846618652344
physionet_b,pcl,42,41.0,40.080604553222656
physionet_b,pcl,42,43.0,47.29150390625
physionet_b,pcl,42,41.0,41.900142669677734
physionet_b,pcl,42,48.0,46.923431396484375
physionet_b,pcl,42,28.0,29.293886184692383
physionet_b,pcl,42,44.0,45.190467834472656
physionet_b,pcl,42,39.0,36.89278030395508
physionet_b,pcl,42,39.0,36.8184928894043
physionet_b,pcl,42,53.0,45.11848068237305
physionet_b,pcl,42,54.0,46.22019577026367
physionet_b,pcl,42,46.0,41.67216110229492
physionet_b,pcl,42,41.0,39.523475646972656
physionet_b,pcl,42,36.0,35.70112991333008
physionet_b,pcl,42,43.0,44.6748046875
physionet_b,pcl,42,40.0,42.8897819519043
physionet_b,pcl,42,47.0,45.82948684692383
physionet_b,pcl,42,40.0,42.21290969848633
physionet_b,pcl,42,29.0,28.621110916137695
physionet_b,pcl,42,41.0,40.93721389770508
physionet_b,pcl,42,37.0,36.02158737182617
physionet_b,pcl,42,28.0,26.85797691345215
physionet_b,pcl,42,33.0,32.61000061035156
physionet_b,pcl,42,58.0,41.44532775878906
physionet_b,pcl,42,44.0,41.83161544799805
physionet_b,pcl,42,40.0,40.364749908447266
physionet_b,pcl,42,24.0,26.05816650390625
physionet_b,pcl,42,45.0,46.93952178955078
physionet_b,pcl,42,46.0,42.122657775878906
physionet_b,pcl,42,36.0,35.43437957763672
physionet_b,pcl,42,53.0,51.57353210449219
physionet_b,pcl,42,56.0,47.68638229370117
physionet_b,pcl,42,32.0,32.278812408447266
physionet_b,pcl,42,37.0,36.3447380065918
physionet_b,pcl,42,183.0,46.35379409790039
physionet_b,pcl,42,48.0,41.99604797363281
physionet_b,pcl,42,43.0,40.567138671875
physionet_b,pcl,42,33.0,26.59305191040039
physionet_b,pcl,42,51.0,44.70370101928711
physionet_b,pcl,42,40.0,39.8386344909668
physionet_b,pcl,42,36.0,35.81332778930664
physionet_b,pcl,42,37.0,36.7813606262207
physionet_b,pcl,42,39.0,38.77427673339844
physionet_b,pcl,42,36.0,35.224510192871094
physionet_b,pcl,42,36.0,36.13011932373047
physionet_b,pcl,42,37.0,37.23282241821289
physionet_b,pcl,42,24.0,27.271577835083008
physionet_b,pcl,42,50.0,44.6422119140625
physionet_b,pcl,42,43.0,45.11700439453125
physionet_b,pcl,42,43.0,41.99606704711914
physionet_b,pcl,42,52.0,48.38957977294922
physionet_b,pcl,42,51.0,46.9681510925293
physionet_b,pcl,42,39.0,38.04170608520508
physionet_b,pcl,42,43.0,44.68839645385742
physionet_b,pcl,42,39.0,37.71864700317383
physionet_b,pcl,42,34.0,33.688514709472656
physionet_b,pcl,42,57.0,48.783416748046875
physionet_b,pcl,42,24.0,26.110647201538086
physionet_b,pcl,42,39.0,37.8303108215332
physionet_b,pcl,42,47.0,48.40351486206055
physionet_b,pcl,42,25.0,26.625003814697266
physionet_b,pcl,42,48.0,46.1381950378418
physionet_b,pcl,42,51.0,48.295902252197266
physionet_b,pcl,42,50.0,47.5515022277832
physionet_b,pcl,42,47.0,46.71971130371094
physionet_b,pcl,42,27.0,27.083446502685547
physionet_b,pcl,42,40.0,38.89799499511719
physionet_b,pcl,42,47.0,45.96590805053711
physionet_b,pcl,42,47.0,45.39277267456055
physionet_b,pcl,42,41.0,41.73477554321289
physionet_b,pcl,42,47.0,45.46577453613281
physionet_b,pcl,42,37.0,33.26707458496094
physionet_b,pcl,42,29.0,30.332618713378906
physionet_b,pcl,42,35.0,32.961143493652344
physionet_b,pcl,42,50.0,45.630489349365234
physionet_b,pcl,42,39.0,36.47245788574219
physionet_b,pcl,42,31.0,31.732650756835938
physionet_b,pcl,42,40.0,39.30313491821289
physionet_b,pcl,42,48.0,54.91428756713867
physionet_b,pcl,42,52.0,48.39369201660156
physionet_b,pcl,42,37.0,35.91135025024414
physionet_b,pcl,42,92.0,46.52439880371094
physionet_b,pcl,42,40.0,35.90655517578125
physionet_b,pcl,42,43.0,41.861385345458984
physionet_b,pcl,42,40.0,36.095436096191406
physionet_b,pcl,42,49.0,44.69171905517578
physionet_b,pcl,42,55.0,47.27956771850586
physionet_b,pcl,42,58.0,47.49083709716797
physionet_b,pcl,42,45.0,27.010190963745117
physionet_b,pcl,42,27.0,27.002399444580078
physionet_b,pcl,42,36.0,35.50492477416992
physionet_b,pcl,42,54.0,53.3760986328125
physionet_b,pcl,42,24.0,26.992952346801758
physionet_b,pcl,42,48.0,42.78778076171875
physionet_b,pcl,42,39.0,38.895626068115234
physionet_b,pcl,42,53.0,44.99573516845703
physionet_b,pcl,42,45.0,44.875579833984375
physionet_b,pcl,42,32.0,33.88449478149414
physionet_b,pcl,42,45.0,60.12662124633789
physionet_b,pcl,42,56.0,46.32914352416992
physionet_b,pcl,42,51.0,49.42042541503906
physionet_b,pcl,42,55.0,51.59909439086914
physionet_b,pcl,42,42.0,41.99758529663086
physionet_b,pcl,42,51.0,45.29106903076172
physionet_b,pcl,42,45.0,45.60798263549805
physionet_b,pcl,42,31.0,32.236534118652344
physionet_b,pcl,42,50.0,45.039676666259766
physionet_b,pcl,42,30.0,29.784513473510742
physionet_b,pcl,42,38.0,35.85158920288086
physionet_b,pcl,42,43.0,48.22157287597656
physionet_b,pcl,42,40.0,38.523902893066406
physionet_b,pcl,42,45.0,45.38127899169922
physionet_b,pcl,42,55.0,44.69605255126953
physionet_b,pcl,42,38.0,39.24930191040039
physionet_b,pcl,42,39.0,39.768707275390625
physionet_b,pcl,42,61.0,46.14763641357422
physionet_b,pcl,42,32.0,33.08963394165039
physionet_b,pcl,42,24.0,27.257904052734375
physionet_b,pcl,42,38.0,35.52619171142578
physionet_b,pcl,42,24.0,24.90254783630371
physionet_b,pcl,42,44.0,40.70152282714844
physionet_b,pcl,42,59.0,58.53657150268555
physionet_b,pcl,42,31.0,31.25762939453125
physionet_b,pcl,42,40.0,40.13698196411133
physionet_b,pcl,42,48.0,47.32717514038086
physionet_b,pcl,42,49.0,47.65230178833008
physionet_b,pcl,42,44.0,48.25716781616211
physionet_b,pcl,42,42.0,45.57663345336914
physionet_b,pcl,42,57.0,46.36649703979492
physionet_b,pcl,42,49.0,47.128761291503906
physionet_b,pcl,42,33.0,35.02806091308594
physionet_b,pcl,42,25.0,26.75532341003418
physionet_b,pcl,42,40.0,41.92742919921875
physionet_b,pcl,42,48.0,50.64937210083008
physionet_b,pcl,42,49.0,56.83914566040039
physionet_b,pcl,42,40.0,40.186954498291016
physionet_b,pcl,42,33.0,33.42960739135742
physionet_b,pcl,42,43.0,41.48067092895508
physionet_b,pcl,42,51.0,46.648494720458984
physionet_b,pcl,42,25.0,29.649490356445312
physionet_b,pcl,42,30.0,30.05105972290039
physionet_b,pcl,42,39.0,34.028167724609375
physionet_b,pcl,42,39.0,35.14196014404297
physionet_b,pcl,42,45.0,46.01264572143555
physionet_b,pcl,42,37.0,34.803916931152344
physionet_b,pcl,42,33.0,30.060152053833008
physionet_b,pcl,42,55.0,49.44429016113281
physionet_b,pcl,42,47.0,51.18253707885742
physionet_b,pcl,42,30.0,31.512699127197266
physionet_b,pcl,42,39.0,36.640995025634766
physionet_b,pcl,42,50.0,46.719120025634766
physionet_b,pcl,42,48.0,46.66425704956055
physionet_b,pcl,42,26.0,26.214296340942383
physionet_b,pcl,42,35.0,33.86908721923828
physionet_b,pcl,42,37.0,36.8741569519043
physionet_b,pcl,42,46.0,45.220088958740234
physionet_b,pcl,42,49.0,46.204593658447266
physionet_b,pcl,42,36.0,37.23504638671875
physionet_b,pcl,42,44.0,45.46905517578125
physionet_b,pcl,42,42.0,41.11964416503906
physionet_b,pcl,42,76.0,45.49364471435547
physionet_b,pcl,42,55.0,47.0616455078125
physionet_b,pcl,42,24.0,25.620954513549805
physionet_b,pcl,42,38.0,36.75044250488281
physionet_b,pcl,42,37.0,36.46916961669922
physionet_b,pcl,42,49.0,44.360740661621094
physionet_b,pcl,42,29.0,35.0218505859375
physionet_b,pcl,42,41.0,39.69200134277344
physionet_b,pcl,42,26.0,26.849092483520508
physionet_b,pcl,42,47.0,56.86022186279297
physionet_b,pcl,42,59.0,46.73094177246094
physionet_b,pcl,42,25.0,26.424406051635742
physionet_b,pcl,42,26.0,23.14933967590332
physionet_b,pcl,42,47.0,54.6821174621582
physionet_b,pcl,42,47.0,50.72746658325195
physionet_b,pcl,42,43.0,43.547115325927734
physionet_b,pcl,42,41.0,45.633026123046875
physionet_b,pcl,42,41.0,45.73019790649414
physionet_b,pcl,42,34.0,34.34658432006836
physionet_b,pcl,42,37.0,34.78520965576172
physionet_b,pcl,42,48.0,52.50172424316406
physionet_b,pcl,42,33.0,31.485286712646484
physionet_b,pcl,42,37.0,36.07973098754883
physionet_b,pcl,42,39.0,38.17568588256836
physionet_b,pcl,42,36.0,34.70996856689453
physionet_b,pcl,42,50.0,46.32817077636719
physionet_b,pcl,42,43.0,46.65142822265625
physionet_b,pcl,42,45.0,44.36315155029297
physionet_b,pcl,42,36.0,34.95314407348633
physionet_b,pcl,42,28.0,27.990264892578125
physionet_b,pcl,42,51.0,48.43461990356445
physionet_b,pcl,42,32.0,34.85151290893555
physionet_b,pcl,42,44.0,47.877376556396484
physionet_b,pcl,42,43.0,40.83564376831055
physionet_b,pcl,42,36.0,37.530235290527344
physionet_b,pcl,42,29.0,27.9721736907959
physionet_b,pcl,42,24.0,27.374454498291016
physionet_b,pcl,42,41.0,40.13193893432617
physionet_b,pcl,42,24.0,26.22911834716797
physionet_b,pcl,42,32.0,31.82244873046875
physionet_b,pcl,42,26.0,26.725006103515625
physionet_b,pcl,42,75.0,47.32551574707031
physionet_b,pcl,42,49.0,45.233821868896484
physionet_b,pcl,42,38.0,35.677757263183594
physionet_b,pcl,42,36.0,35.312313079833984
physionet_b,pcl,42,50.0,48.588714599609375
physionet_b,pcl,42,47.0,40.501129150390625
physionet_b,pcl,42,47.0,45.90121841430664
physionet_b,pcl,42,48.0,53.28185272216797
physionet_b,pcl,42,47.0,45.814170837402344
physionet_b,pcl,42,55.0,48.43348693847656
physionet_b,pcl,42,99.0,42.88629913330078
physionet_b,pcl,42,26.0,26.61670684814453
physionet_b,pcl,42,37.0,35.40962219238281
physionet_b,pcl,42,47.0,45.25230026245117
physionet_b,pcl,42,41.0,39.93091583251953
physionet_b,pcl,42,52.0,53.314361572265625
physionet_b,pcl,42,49.0,44.785892486572266
physionet_b,pcl,42,44.0,41.00932693481445
physionet_b,pcl,42,44.0,47.986968994140625
physionet_b,pcl,42,37.0,36.01499557495117
physionet_b,pcl,42,44.0,49.198951721191406
physionet_b,pcl,42,40.0,36.94811248779297
physionet_b,pcl,42,47.0,45.677608489990234
physionet_b,pcl,42,33.0,32.33580017089844
physionet_b,pcl,42,38.0,37.03689193725586
physionet_b,pcl,42,59.0,46.31050491333008
physionet_b,pcl,42,44.0,43.83599090576172
physionet_b,pcl,42,38.0,36.20735168457031
physionet_b,pcl,42,39.0,37.76239776611328
physionet_b,pcl,42,37.0,38.12704086303711
physionet_b,pcl,42,39.0,39.41315460205078
physionet_b,pcl,42,55.0,49.5139274597168
physionet_b,pcl,42,39.0,38.44576644897461
physionet_b,pcl,42,47.0,41.7553596496582
physionet_b,pcl,42,44.0,45.32511520385742
physionet_b,pcl,42,39.0,39.38722610473633
physionet_b,pcl,42,40.0,36.0731201171875
physionet_b,pcl,42,56.0,49.4734992980957
physionet_b,pcl,42,34.0,34.5605583190918
physionet_b,pcl,42,55.0,51.897830963134766
physionet_b,pcl,42,41.0,39.9904899597168
physionet_b,pcl,42,37.0,36.55426025390625
physionet_b,pcl,42,38.0,37.33818817138672
physionet_b,pcl,42,53.0,46.12986755371094
physionet_b,pcl,42,43.0,40.556129455566406
physionet_b,pcl,42,53.0,45.42936325073242
physionet_b,pcl,42,24.0,25.765581130981445
physionet_b,pcl,42,43.0,42.95246505737305
physionet_b,pcl,42,53.0,46.774044036865234
physionet_b,pcl,42,38.0,36.63592529296875
physionet_b,pcl,42,38.0,37.43199157714844
physionet_b,pcl,42,48.0,53.523170471191406
physionet_b,pcl,42,57.0,48.482765197753906
physionet_b,pcl,42,37.0,37.32907485961914
physionet_b,pcl,42,39.0,42.552486419677734
physionet_b,pcl,42,39.0,37.283565521240234
physionet_b,pcl,42,118.0,55.06010437011719
physionet_b,pcl,42,51.0,41.07821273803711
physionet_b,pcl,42,27.0,26.435705184936523
physionet_b,pcl,42,41.0,39.066490173339844
physionet_b,pcl,42,45.0,41.07246398925781
physionet_b,pcl,42,41.0,38.086727142333984
physionet_b,pcl,42,26.0,26.980228424072266
physionet_b,pcl,42,58.0,51.67474365234375
physionet_b,pcl,42,53.0,46.81181716918945
physionet_b,pcl,42,58.0,46.17977523803711
physionet_b,pcl,42,38.0,36.90480041503906
physionet_b,pcl,42,25.0,25.412405014038086
physionet_b,pcl,42,52.0,32.230316162109375
physionet_b,pcl,42,27.0,28.012147903442383
physionet_b,pcl,42,36.0,35.103118896484375
physionet_b,pcl,42,41.0,41.53710174560547
physionet_b,pcl,42,45.0,48.91209030151367
physionet_b,pcl,42,40.0,43.85125732421875
physionet_b,pcl,42,52.0,51.60361099243164
physionet_b,pcl,42,33.0,32.316680908203125
physionet_b,pcl,42,24.0,26.411867141723633
physionet_b,pcl,42,34.0,33.654457092285156
physionet_b,pcl,42,42.0,41.21370315551758
physionet_b,pcl,42,42.0,49.195552825927734
physionet_b,pcl,42,49.0,45.03712844848633
physionet_b,pcl,42,43.0,46.36623764038086
physionet_b,pcl,42,56.0,46.59379196166992
physionet_b,pcl,42,49.0,44.638553619384766
physionet_b,pcl,42,25.0,26.422574996948242
physionet_b,pcl,42,42.0,41.90633010864258
physionet_b,pcl,42,46.0,44.716278076171875
physionet_b,pcl,42,45.0,46.17827606201172
physionet_b,pcl,42,41.0,46.37656021118164
physionet_b,pcl,42,32.0,31.445873260498047
physionet_b,pcl,42,36.0,34.72828674316406
physionet_b,pcl,42,52.0,45.85204315185547
physionet_b,pcl,42,34.0,33.44223403930664
physionet_b,pcl,42,42.0,41.36912536621094
physionet_b,pcl,42,52.0,44.99471664428711
physionet_b,pcl,42,55.0,46.68961715698242
physionet_b,pcl,42,37.0,35.74824523925781
physionet_b,pcl,42,44.0,41.92200469970703
physionet_b,pcl,42,56.0,44.67665481567383
physionet_b,pcl,42,46.0,44.52437210083008
physionet_b,pcl,42,47.0,48.305328369140625
physionet_b,pcl,42,42.0,39.9028205871582
physionet_b,pcl,42,38.0,34.02442169189453
physionet_b,pcl,42,58.0,46.640159606933594
physionet_b,pcl,42,43.0,40.68378829956055
physionet_b,pcl,42,41.0,40.255767822265625
physionet_b,pcl,42,27.0,28.198780059814453
physionet_b,pcl,42,51.0,47.39377212524414
physionet_b,pcl,42,44.0,40.90650939941406
physionet_b,pcl,42,46.0,44.70647048950195
physionet_b,pcl,42,26.0,27.476993560791016
physionet_b,pcl,42,35.0,39.83021545410156
physionet_b,pcl,42,52.0,46.63300323486328
physionet_b,pcl,42,46.0,48.113128662109375
physionet_b,pcl,42,58.0,45.809783935546875
physionet_b,pcl,42,38.0,36.184364318847656
physionet_b,pcl,42,37.0,34.43867111206055
physionet_b,pcl,42,53.0,45.462928771972656
physionet_b,pcl,42,266.0,45.045799255371094
physionet_b,pcl,42,42.0,41.76276397705078
physionet_b,pcl,42,49.0,44.72807312011719
physionet_b,pcl,42,37.0,36.282962799072266
physionet_b,pcl,42,35.0,32.883487701416016
physionet_b,pcl,42,26.0,26.631393432617188
physionet_b,pcl,42,55.0,45.995052337646484
physionet_b,pcl,42,38.0,36.376190185546875
physionet_b,pcl,42,42.0,43.539363861083984
physionet_b,pcl,42,44.0,44.35514831542969
physionet_b,pcl,42,28.0,28.565824508666992
physionet_b,pcl,42,40.0,41.27439880371094
physionet_b,pcl,42,37.0,37.50910186767578
physionet_b,pcl,42,59.0,45.398765563964844
physionet_b,pcl,42,26.0,27.041173934936523
physionet_b,pcl,42,38.0,36.044578552246094
physionet_b,pcl,42,45.0,44.02201461791992
physionet_b,pcl,42,53.0,45.949989318847656
physionet_b,pcl,42,41.0,43.1868782043457
physionet_b,pcl,42,29.0,26.6783447265625
physionet_b,pcl,42,41.0,43.795677185058594
physionet_b,pcl,42,33.0,33.04878616333008
physionet_b,pcl,42,51.0,48.6381950378418
physionet_b,pcl,42,43.0,43.02680206298828
physionet_b,pcl,42,33.0,33.31969451904297
physionet_b,pcl,42,41.0,39.86680221557617
physionet_b,pcl,42,37.0,37.393280029296875
physionet_b,pcl,42,56.0,45.088680267333984
physionet_b,pcl,42,39.0,35.93553161621094
physionet_b,pcl,42,34.0,34.22844696044922
physionet_b,pcl,42,41.0,39.917930603027344
physionet_b,pcl,42,41.0,39.83769226074219
physionet_b,pcl,42,55.0,48.78227615356445
physionet_b,pcl,42,39.0,37.557315826416016
physionet_b,pcl,42,51.0,45.083030700683594
physionet_b,pcl,42,37.0,36.03778839111328
physionet_b,pcl,42,47.0,44.73808288574219
physionet_b,pcl,42,44.0,43.30815124511719
physionet_b,pcl,42,48.0,44.803863525390625
physionet_b,pcl,42,47.0,45.814125061035156
physionet_b,pcl,42,32.0,31.877643585205078
physionet_b,pcl,42,42.0,41.93813705444336
physionet_b,pcl,42,37.0,36.256961822509766
physionet_b,pcl,42,41.0,39.037479400634766
physionet_b,pcl,42,39.0,41.05478286743164
physionet_b,pcl,42,37.0,35.59854507446289
physionet_b,pcl,42,50.0,46.174015045166016
physionet_b,pcl,42,44.0,43.260047912597656
physionet_b,pcl,42,26.0,27.155635833740234
physionet_b,pcl,42,40.0,42.24382781982422
physionet_b,pcl,42,44.0,41.158206939697266
physionet_b,pcl,42,31.0,31.243968963623047
physionet_b,pcl,42,49.0,42.6067008972168
physionet_b,pcl,42,31.0,31.506305694580078
physionet_b,pcl,42,41.0,42.25175857543945
physionet_b,pcl,42,35.0,35.06279754638672
physionet_b,pcl,42,47.0,44.49817657470703
physionet_b,pcl,42,26.0,27.080446243286133
physionet_b,pcl,42,53.0,46.102962493896484
physionet_b,pcl,42,34.0,33.69007873535156
physionet_b,pcl,42,26.0,26.766708374023438
physionet_b,pcl,42,47.0,45.501827239990234
physionet_b,pcl,42,47.0,46.47257995605469
physionet_b,pcl,42,39.0,36.81727600097656
physionet_b,pcl,42,26.0,26.827667236328125
physionet_b,pcl,42,48.0,48.677703857421875
physionet_b,pcl,42,39.0,38.69074249267578
physionet_b,pcl,42,39.0,36.65925216674805
physionet_b,pcl,42,41.0,43.4483757019043
physionet_b,pcl,42,312.0,53.17250061035156
physionet_b,pcl,42,41.0,40.4874267578125
physionet_b,pcl,42,36.0,34.71499252319336
physionet_b,pcl,42,49.0,44.71122360229492
physionet_b,pcl,42,44.0,46.00276184082031
physionet_b,pcl,42,45.0,43.94414138793945
physionet_b,pcl,42,36.0,34.8276481628418
physionet_b,pcl,42,46.0,52.5805778503418
physionet_b,pcl,42,39.0,37.460784912109375
physionet_b,pcl,42,45.0,50.3326416015625
physionet_b,pcl,42,31.0,32.30564880371094
physionet_b,pcl,42,25.0,27.648508071899414
physionet_b,pcl,42,41.0,40.5980110168457
physionet_b,pcl,42,42.0,42.17195510864258
physionet_b,pcl,42,26.0,26.51021957397461
physionet_b,pcl,42,44.0,41.52925491333008
physionet_b,pcl,42,43.0,43.379493713378906
physionet_b,pcl,42,30.0,31.029830932617188
physionet_b,pcl,42,50.0,41.95808410644531
physionet_b,pcl,42,48.0,44.75294876098633
physionet_b,pcl,42,39.0,38.54245376586914
physionet_b,pcl,42,38.0,37.135074615478516
physionet_b,pcl,42,51.0,52.937095642089844
physionet_b,pcl,42,43.0,47.713680267333984
physionet_b,pcl,42,163.0,61.93228530883789
physionet_b,pcl,42,39.0,39.263431549072266
physionet_b,pcl,42,43.0,39.640296936035156
physionet_b,pcl,42,38.0,35.98134231567383
physionet_b,pcl,42,24.0,26.332334518432617
physionet_b,pcl,42,42.0,41.63642501831055
physionet_b,pcl,42,25.0,25.494571685791016
physionet_b,pcl,42,25.0,26.336023330688477
physionet_b,pcl,42,54.0,47.40689468383789
physionet_b,pcl,42,41.0,39.465084075927734
physionet_b,pcl,42,43.0,44.93075180053711
physionet_b,pcl,42,31.0,31.194713592529297
physionet_b,pcl,42,26.0,27.196218490600586
physionet_b,pcl,42,27.0,27.906723022460938
physionet_b,pcl,42,42.0,41.93508529663086
physionet_b,pcl,42,38.0,35.97249221801758
physionet_b,pcl,42,36.0,34.574615478515625
physionet_b,pcl,42,36.0,34.94473648071289
physionet_b,pcl,42,33.0,30.43609619140625
physionet_b,pcl,42,46.0,43.57830810546875
physionet_b,pcl,42,41.0,39.95299530029297
physionet_b,pcl,42,45.0,42.35993194580078
physionet_b,pcl,42,25.0,26.187667846679688
physionet_b,pcl,42,58.0,46.269893646240234
physionet_b,pcl,42,57.0,43.81999206542969
physionet_b,pcl,42,37.0,37.394187927246094
physionet_b,pcl,42,36.0,35.905296325683594
physionet_b,pcl,42,24.0,27.6767520904541
physionet_b,pcl,42,47.0,45.46863555908203
physionet_b,pcl,42,42.0,41.75916290283203
physionet_b,pcl,42,47.0,45.435585021972656
physionet_b,pcl,42,36.0,35.29111862182617
physionet_b,pcl,42,40.0,42.06636428833008
physionet_b,pcl,42,45.0,45.865596771240234
physionet_b,pcl,42,45.0,49.350303649902344
physionet_b,pcl,42,54.0,47.48551940917969
physionet_b,pcl,42,38.0,36.9917106628418
physionet_b,pcl,42,29.0,29.885480880737305
physionet_b,pcl,42,42.0,46.279293060302734
physionet_b,pcl,42,49.0,51.649959564208984
physionet_b,pcl,42,25.0,26.860427856445312
physionet_b,pcl,42,39.0,38.348323822021484
physionet_b,pcl,42,58.0,45.92080307006836
physionet_b,pcl,42,43.0,43.97687911987305
physionet_b,pcl,42,25.0,26.435529708862305
physionet_b,pcl,42,38.0,36.406776428222656
physionet_b,pcl,42,42.0,47.557289123535156
physionet_b,pcl,42,41.0,43.21495056152344
physionet_b,pcl,42,53.0,45.42233657836914
physionet_b,pcl,42,48.0,45.24518966674805
physionet_b,pcl,42,31.0,30.86540412902832
physionet_b,pcl,42,27.0,28.813644409179688
physionet_b,pcl,42,43.0,46.89548110961914
physionet_b,pcl,42,40.0,39.60791778564453
physionet_b,pcl,42,36.0,35.72917556762695
physionet_b,pcl,42,32.0,30.863162994384766
physionet_b,pcl,42,42.0,47.88203811645508
physionet_b,pcl,42,50.0,45.97177505493164
physionet_b,pcl,42,29.0,31.079635620117188
physionet_b,pcl,42,28.0,28.128232955932617
physionet_b,pcl,42,28.0,28.840566635131836
physionet_b,pcl,42,53.0,45.53495407104492
physionet_b,pcl,42,45.0,44.35063934326172
physionet_b,pcl,42,24.0,25.46029281616211
mimic,pcl,42,80.09472222222222,54.33052444458008
mimic,pcl,42,124.84222222222223,50.16678237915039
mimic,pcl,42,31.09444444444445,45.46783447265625
mimic,pcl,42,348.1083333333333,66.8490982055664
mimic,pcl,42,28.113611111111112,44.018943786621094
mimic,pcl,42,35.49138888888889,42.11044692993164
mimic,pcl,42,60.416944444444454,54.42648696899414
mimic,pcl,42,93.78805555555556,46.433692932128906
mimic,pcl,42,56.132777777777775,53.41566848754883
mimic,pcl,42,46.01583333333333,60.710182189941406
mimic,pcl,42,28.535833333333336,43.57131576538086
mimic,pcl,42,27.045555555555552,43.720733642578125
mimic,pcl,42,315.1933333333333,60.760047912597656
mimic,pcl,42,212.93055555555554,64.97933197021484
mimic,pcl,42,42.768055555555556,41.129085540771484
mimic,pcl,42,32.60916666666667,47.71157455444336
mimic,pcl,42,41.15972222222222,42.34395217895508
mimic,pcl,42,102.29249999999999,62.56920623779297
mimic,pcl,42,26.91777777777778,42.98815155029297
mimic,pcl,42,25.98361111111111,44.38359832763672
mimic,pcl,42,41.92194444444445,45.05635070800781
mimic,pcl,42,39.50055555555556,37.276756286621094
mimic,pcl,42,51.82055555555556,45.08781051635742
mimic,pcl,42,102.87888888888888,54.30229949951172
mimic,pcl,42,345.7583333333333,43.7111701965332
mimic,pcl,42,273.7413888888889,57.787925720214844
mimic,pcl,42,61.79972222222222,44.723899841308594
mimic,pcl,42,26.365833333333335,43.42439270019531
mimic,pcl,42,62.258333333333326,47.12755584716797
mimic,pcl,42,43.14194444444445,48.5372314453125
mimic,pcl,42,206.13583333333332,52.652137756347656
mimic,pcl,42,27.859166666666667,37.17744064331055
mimic,pcl,42,137.47361111111113,50.92940139770508
mimic,pcl,42,35.67611111111111,37.12172317504883
mimic,pcl,42,46.15638888888889,48.43742370605469
mimic,pcl,42,41.01583333333333,38.63662338256836
mimic,pcl,42,184.67055555555555,59.26000213623047
mimic,pcl,42,158.01694444444445,63.55158996582031
mimic,pcl,42,47.83944444444444,55.96839904785156
mimic,pcl,42,80.93083333333334,43.44363021850586
mimic,pcl,42,53.35333333333334,41.553890228271484
mimic,pcl,42,118.94999999999999,43.90687561035156
mimic,pcl,42,49.463055555555556,49.447959899902344
mimic,pcl,42,28.10388888888889,41.95785903930664
mimic,pcl,42,80.97277777777778,55.74489212036133
mimic,pcl,42,71.21972222222223,46.090187072753906
mimic,pcl,42,31.92805555555556,33.10124206542969
mimic,pcl,42,165.1627777777778,50.57426071166992
mimic,pcl,42,51.409722222222214,46.53706741333008
mimic,pcl,42,67.72638888888889,44.58264923095703
mimic,pcl,42,281.2552777777778,50.56626892089844
mimic,pcl,42,125.0327777777778,52.42082595825195
mimic,pcl,42,29.73,36.32475662231445
mimic,pcl,42,82.66666666666666,46.79397201538086
mimic,pcl,42,86.63527777777779,48.0979118347168
mimic,pcl,42,50.05944444444445,52.58249282836914
mimic,pcl,42,48.30555555555556,47.31999969482422
mimic,pcl,42,72.42972222222222,50.3665771484375
mimic,pcl,42,363.03527777777776,47.191959381103516
mimic,pcl,42,244.17694444444442,58.72520446777344
mimic,pcl,42,64.37027777777777,56.40376281738281
mimic,pcl,42,43.14277777777778,45.883365631103516
mimic,pcl,42,130.01472222222225,65.71277618408203
mimic,pcl,42,40.96388888888889,40.879302978515625
mimic,pcl,42,894.0836111111109,61.32522201538086
mimic,pcl,42,85.42111111111112,56.4749755859375
mimic,pcl,42,33.35388888888889,42.46305847167969
mimic,pcl,42,118.12722222222222,63.112464904785156
mimic,pcl,42,47.7975,50.78532791137695
mimic,pcl,42,237.43555555555554,45.38766098022461
mimic,pcl,42,428.04361111111115,56.890411376953125
mimic,pcl,42,29.387222222222213,44.93627166748047
mimic,pcl,42,71.95222222222222,54.96048355102539
mimic,pcl,42,128.23638888888888,45.48824691772461
mimic,pcl,42,136.86138888888888,54.09032440185547
mimic,pcl,42,27.03,27.743873596191406
mimic,pcl,42,104.01,46.39601516723633
mimic,pcl,42,31.690000000000005,41.250465393066406
mimic,pcl,42,71.12583333333333,51.70361328125
mimic,pcl,42,573.9411111111111,48.5528450012207
mimic,pcl,42,30.389166666666668,40.9697151184082
mimic,pcl,42,49.29805555555556,46.24372100830078
mimic,pcl,42,27.713055555555556,37.77223205566406
mimic,pcl,42,32.36305555555556,44.34314727783203
mimic,pcl,42,36.449444444444445,35.57767868041992
mimic,pcl,42,224.38888888888886,48.30842208862305
mimic,pcl,42,24.152500000000003,26.175264358520508
mimic,pcl,42,134.89111111111112,61.72730255126953
mimic,pcl,42,65.64194444444445,46.99153518676758
mimic,pcl,42,58.18222222222222,49.071533203125
mimic,pcl,42,357.44194444444446,60.34585189819336
mimic,pcl,42,33.90416666666667,42.97395324707031
mimic,pcl,42,36.702777777777776,42.52100372314453
mimic,pcl,42,217.40055555555557,53.066436767578125
mimic,pcl,42,307.8363888888889,50.8539924621582
mimic,pcl,42,28.006388888888885,44.830322265625
mimic,pcl,42,70.03805555555556,48.49109649658203
mimic,pcl,42,32.54611111111111,42.06902313232422
mimic,pcl,42,29.70194444444444,30.414159774780273
mimic,pcl,42,375.15805555555556,57.53935623168945
mimic,pcl,42,49.091388888888886,43.517642974853516
mimic,pcl,42,151.74805555555554,55.10465621948242
mimic,pcl,42,196.6688888888889,47.63664245605469
mimic,pcl,42,98.14277777777778,53.80925369262695
mimic,pcl,42,210.80166666666665,49.20516586303711
mimic,pcl,42,29.779999999999998,44.41944885253906
mimic,pcl,42,400.3986111111111,56.819183349609375
mimic,pcl,42,37.599722222222226,36.15272903442383
mimic,pcl,42,65.51583333333333,46.95454406738281
mimic,pcl,42,157.88722222222225,52.58571243286133
mimic,pcl,42,308.06722222222226,49.144264221191406
mimic,pcl,42,44.707499999999996,45.592552185058594
mimic,pcl,42,63.49416666666667,48.95075988769531
mimic,pcl,42,31.45527777777778,42.748504638671875
mimic,pcl,42,273.1244444444444,55.41380310058594
mimic,pcl,42,27.690555555555548,42.4765739440918
mimic,pcl,42,69.59083333333334,47.12429428100586
mimic,pcl,42,42.58583333333333,48.01423645019531
mimic,pcl,42,413.4558333333334,68.24618530273438
mimic,pcl,42,34.348055555555554,33.247257232666016
mimic,pcl,42,71.52805555555555,56.31208419799805
mimic,pcl,42,232.7102777777778,59.38434982299805
mimic,pcl,42,95.31222222222223,45.40391159057617
mimic,pcl,42,74.75305555555556,45.85204315185547
mimic,pcl,42,81.57583333333335,48.47214889526367
mimic,pcl,42,58.10916666666667,45.621788024902344
mimic,pcl,42,33.71805555555556,43.69699478149414
mimic,pcl,42,45.11833333333335,46.241275787353516
mimic,pcl,42,134.73722222222221,45.11514663696289
mimic,pcl,42,44.42583333333333,43.567726135253906
mimic,pcl,42,62.927777777777784,61.8983268737793
mimic,pcl,42,38.11972222222222,36.20604705810547
mimic,pcl,42,96.04222222222222,48.38349533081055
mimic,pcl,42,52.69916666666666,56.60920333862305
mimic,pcl,42,605.6433333333334,53.85759735107422
mimic,pcl,42,73.04944444444445,56.4069938659668
mimic,pcl,42,43.8811111111111,48.4771728515625
mimic,pcl,42,30.793333333333337,28.310033798217773
mimic,pcl,42,30.79222222222222,44.30752944946289
mimic,pcl,42,96.57055555555556,43.60527038574219
mimic,pcl,42,24.708888888888893,38.369110107421875
mimic,pcl,42,28.253055555555548,41.6800537109375
mimic,pcl,42,28.924166666666665,42.04428482055664
mimic,pcl,42,45.59527777777778,44.26643371582031
mimic,pcl,42,33.799166666666665,45.2769660949707
mimic,pcl,42,48.03194444444445,45.31739807128906
mimic,pcl,42,240.9761111111111,54.192867279052734
mimic,pcl,42,57.09027777777777,52.51933288574219
mimic,pcl,42,121.69277777777778,47.79312515258789
mimic,pcl,42,125.90833333333333,42.36725997924805
mimic,pcl,42,102.47555555555556,47.76441192626953
mimic,pcl,42,113.08444444444446,58.157676696777344
mimic,pcl,42,63.81305555555555,44.91282653808594
mimic,pcl,42,51.28111111111111,55.56046676635742
mimic,pcl,42,170.84277777777777,47.76919174194336
mimic,pcl,42,75.58361111111111,46.55080795288086
mimic,pcl,42,553.2861111111112,48.48876953125
mimic,pcl,42,131.0511111111111,48.59312438964844
mimic,pcl,42,76.69500000000001,48.17057418823242
mimic,pcl,42,48.11972222222222,67.65827941894531
mimic,pcl,42,89.60249999999999,47.71688461303711
mimic,pcl,42,60.46083333333333,46.510780334472656
mimic,pcl,42,85.07388888888889,54.632225036621094
mimic,pcl,42,26.07722222222222,42.93711471557617
mimic,pcl,42,71.05222222222223,49.75727081298828
mimic,pcl,42,67.02166666666666,45.05360794067383
mimic,pcl,42,653.5391666666667,47.055389404296875
mimic,pcl,42,52.136111111111106,45.847373962402344
mimic,pcl,42,25.82888888888889,37.13404846191406
mimic,pcl,42,67.57583333333334,55.08408737182617
mimic,pcl,42,47.08222222222222,45.09922790527344
mimic,pcl,42,91.06222222222222,43.39263916015625
mimic,pcl,42,44.56972222222223,52.1209602355957
mimic,pcl,42,335.69,60.007930755615234
mimic,pcl,42,117.07861111111112,47.644691467285156
mimic,pcl,42,29.03888888888889,43.137359619140625
mimic,pcl,42,187.8552777777778,52.43492889404297
mimic,pcl,42,129.93166666666667,61.83639144897461
mimic,pcl,42,26.009166666666673,25.959701538085938
mimic,pcl,42,99.04027777777776,48.56103515625
mimic,pcl,42,37.36472222222223,35.81171417236328
mimic,pcl,42,25.1875,43.9275016784668
mimic,pcl,42,52.60388888888889,45.55752944946289
mimic,pcl,42,41.044444444444444,41.34592819213867
mimic,pcl,42,49.525,47.444129943847656
mimic,pcl,42,28.97916666666667,42.88542938232422
mimic,pcl,42,46.730555555555554,44.11377716064453
mimic,pcl,42,25.37222222222222,40.83433532714844
mimic,pcl,42,42.24361111111111,44.8004264831543
mimic,pcl,42,43.49583333333334,42.36939239501953
mimic,pcl,42,291.41111111111104,51.023284912109375
mimic,pcl,42,45.1936111111111,36.767581939697266
mimic,pcl,42,72.8338888888889,63.81817626953125
mimic,pcl,42,96.82222222222222,55.63535690307617
mimic,pcl,42,67.00055555555555,46.95708084106445
mimic,pcl,42,120.61749999999999,58.598777770996094
mimic,pcl,42,29.280555555555566,37.35660934448242
mimic,pcl,42,164.75055555555556,55.3838996887207
mimic,pcl,42,61.32000000000001,53.725711822509766
mimic,pcl,42,72.0961111111111,44.90946578979492
mimic,pcl,42,121.2202777777778,52.06388473510742
mimic,pcl,42,43.27166666666667,39.430171966552734
mimic,pcl,42,68.215,45.90113067626953
mimic,pcl,42,79.33444444444444,48.83881759643555
mimic,pcl,42,25.316111111111113,31.66238021850586
mimic,pcl,42,26.882222222222225,37.1771125793457
mimic,pcl,42,161.4077777777778,60.3908576965332
mimic,pcl,42,119.28638888888888,60.54637908935547
mimic,pcl,42,158.3188888888889,47.59136199951172
mimic,pcl,42,58.53527777777779,46.52163314819336
mimic,pcl,42,356.31444444444446,65.32600402832031
mimic,pcl,42,178.01416666666665,53.63945770263672
mimic,pcl,42,30.598611111111108,35.50203323364258
mimic,pcl,42,54.73444444444445,48.38486099243164
mimic,pcl,42,31.669166666666662,43.188899993896484
mimic,pcl,42,112.36694444444444,54.18860626220703
mimic,pcl,42,54.62861111111111,53.199851989746094
mimic,pcl,42,179.28611111111113,50.18840408325195
mimic,pcl,42,33.04166666666667,32.84838104248047
mimic,pcl,42,33.394444444444446,42.390377044677734
mimic,pcl,42,147.14222222222222,45.294654846191406
mimic,pcl,42,69.14444444444445,45.507625579833984
mimic,pcl,42,77.91305555555556,51.58194351196289
mimic,pcl,42,73.6986111111111,47.92660140991211
mimic,pcl,42,46.90138888888889,53.45958709716797
mimic,pcl,42,27.91722222222222,44.20321273803711
mimic,pcl,42,40.3575,37.900272369384766
mimic,pcl,42,35.22694444444445,44.59370422363281
mimic,pcl,42,80.17,53.66786193847656
mimic,pcl,42,52.26777777777778,48.79130935668945
mimic,pcl,42,212.00166666666667,67.07007598876953
mimic,pcl,42,56.97861111111111,46.058536529541016
mimic,pcl,42,57.474722222222226,56.85884094238281
mimic,pcl,42,66.15472222222223,54.68583297729492
mimic,pcl,42,122.79666666666667,66.21331787109375
mimic,pcl,42,24.02361111111111,42.85844421386719
mimic,pcl,42,28.592777777777776,44.16728591918945
mimic,pcl,42,72.1175,54.47243881225586
mimic,pcl,42,44.32361111111111,41.244895935058594
mimic,pcl,42,28.60361111111111,44.11384201049805
mimic,pcl,42,163.81,48.10580062866211
mimic,pcl,42,48.04916666666668,60.28901290893555
mimic,pcl,42,338.32888888888886,54.50900650024414
mimic,pcl,42,39.562222222222225,45.14708709716797
mimic,pcl,42,71.50194444444443,55.33369827270508
mimic,pcl,42,26.145,47.045570373535156
mimic,pcl,42,71.92972222222222,42.62084197998047
mimic,pcl,42,26.464722222222225,26.347145080566406
mimic,pcl,42,205.61694444444447,66.02873992919922
mimic,pcl,42,80.64444444444445,45.47118377685547
mimic,pcl,42,46.07333333333333,47.63713073730469
mimic,pcl,42,522.2138888888888,46.61885452270508
mimic,pcl,42,233.3852777777778,47.04323196411133
mimic,pcl,42,24.820277777777775,36.89275360107422
mimic,pcl,42,49.58166666666666,43.9030876159668
mimic,pcl,42,37.44833333333333,45.830101013183594
mimic,pcl,42,35.28888888888889,43.71377182006836
mimic,pcl,42,28.652500000000003,44.22163772583008
mimic,pcl,42,63.88111111111111,47.45322036743164
mimic,pcl,42,376.0708333333333,57.50726318359375
mimic,pcl,42,26.8375,27.387500762939453
mimic,pcl,42,173.22833333333332,45.469242095947266
mimic,pcl,42,26.125,41.276737213134766
mimic,pcl,42,455.5380555555555,60.835426330566406
mimic,pcl,42,172.6197222222222,47.06983947753906
mimic,pcl,42,26.80444444444445,34.621177673339844
mimic,pcl,42,135.81861111111112,52.59998321533203
mimic,pcl,42,57.16638888888889,60.84999465942383
mimic,pcl,42,77.64944444444444,49.77598190307617
mimic,pcl,42,28.645555555555553,46.73137283325195
mimic,pcl,42,55.665,45.24660110473633
mimic,pcl,42,43.90138888888889,42.480648040771484
mimic,pcl,42,108.0163888888889,47.41447830200195
mimic,pcl,42,160.82638888888889,49.24394989013672
mimic,pcl,42,45.465555555555554,41.65940475463867
mimic,pcl,42,106.66194444444443,47.795719146728516
mimic,pcl,42,24.430277777777782,27.03769874572754
mimic,pcl,42,30.5525,36.72421646118164
mimic,pcl,42,27.84916666666666,47.401607513427734
mimic,pcl,42,141.11944444444447,44.808692932128906
mimic,pcl,42,321.6769444444445,61.36267852783203
mimic,pcl,42,242.0733333333333,51.89434814453125
mimic,pcl,42,25.29972222222223,43.14490509033203
mimic,pcl,42,46.755,43.2972412109375
mimic,pcl,42,66.90222222222222,54.224037170410156
mimic,pcl,42,30.580833333333338,43.995635986328125
mimic,pcl,42,306.9902777777778,49.863704681396484
mimic,pcl,42,97.00861111111111,45.542213439941406
mimic,pcl,42,45.71111111111111,56.960792541503906
mimic,pcl,42,26.101388888888888,35.58012008666992
mimic,pcl,42,41.2,40.241703033447266
mimic,pcl,42,34.028333333333336,37.14612579345703
mimic,pcl,42,30.70527777777778,43.259490966796875
mimic,pcl,42,41.26027777777778,41.0896110534668
mimic,pcl,42,869.65,57.344173431396484
mimic,pcl,42,48.80555555555556,64.10408020019531
mimic,pcl,42,137.68,64.8347396850586
mimic,pcl,42,428.8591666666666,62.04533767700195
mimic,pcl,42,159.73083333333335,56.09496307373047
mimic,pcl,42,52.69361111111111,48.33757400512695
mimic,pcl,42,26.455000000000005,45.491451263427734
mimic,pcl,42,88.98305555555557,46.940643310546875
mimic,pcl,42,48.13111111111111,49.11175537109375
mimic,pcl,42,46.56111111111111,45.697166442871094
mimic,pcl,42,78.2988888888889,63.30584716796875
mimic,pcl,42,56.33444444444444,53.699100494384766
mimic,pcl,42,27.612777777777787,38.425750732421875
mimic,pcl,42,118.7175,65.8296890258789
mimic,pcl,42,37.27361111111111,35.49005126953125
mimic,pcl,42,63.34777777777778,45.466064453125
mimic,pcl,42,99.78777777777776,46.763099670410156
mimic,pcl,42,24.64638888888889,37.65941619873047
mimic,pcl,42,146.10055555555556,56.80666732788086
mimic,pcl,42,72.595,48.09185791015625
mimic,pcl,42,42.13027777777778,50.25587844848633
mimic,pcl,42,99.21277777777777,55.267173767089844
mimic,pcl,42,30.77805555555556,43.470977783203125
mimic,pcl,42,50.04722222222222,50.569786071777344
mimic,pcl,42,230.41527777777782,61.642234802246094
mimic,pcl,42,43.45333333333334,42.45418167114258
mimic,pcl,42,60.669444444444444,51.830223083496094
mimic,pcl,42,97.32611111111112,57.8108024597168
mimic,pcl,42,50.497777777777785,44.06330490112305
mimic,pcl,42,31.30305555555556,42.95089340209961
mimic,pcl,42,30.712777777777774,44.16139602661133
mimic,pcl,42,38.07972222222222,37.30417251586914
mimic,pcl,42,30.93888888888889,40.32818603515625
mimic,pcl,42,70.37666666666667,46.59653854370117
mimic,pcl,42,45.373333333333335,48.78278732299805
mimic,pcl,42,25.06722222222222,43.09028244018555
mimic,pcl,42,496.8844444444445,61.40128707885742
mimic,pcl,42,45.775555555555556,47.52412033081055
mimic,pcl,42,28.039722222222224,28.695415496826172
mimic,pcl,42,136.44305555555556,52.99726104736328
mimic,pcl,42,184.55888888888887,48.37673568725586
mimic,pcl,42,91.19583333333334,51.03246307373047
mimic,pcl,42,68.9186111111111,55.709617614746094
mimic,pcl,42,58.463333333333324,48.62181854248047
mimic,pcl,42,75.71111111111111,53.404396057128906
mimic,pcl,42,194.80916666666667,51.80064392089844
mimic,pcl,42,26.41777777777778,36.598228454589844
mimic,pcl,42,691.0847222222222,46.13262176513672
mimic,pcl,42,55.33361111111111,47.66254425048828
mimic,pcl,42,233.0594444444444,65.2788314819336
mimic,pcl,42,27.168333333333333,37.30882263183594
mimic,pcl,42,70.35277777777777,53.42127227783203
mimic,pcl,42,274.45916666666665,56.03670120239258
mimic,pcl,42,287.415,61.21903610229492
mimic,pcl,42,80.94972222222222,63.74694061279297
mimic,pcl,42,93.37805555555556,50.410343170166016
mimic,pcl,42,43.129444444444445,40.121185302734375
mimic,pcl,42,92.58805555555556,54.07719039916992
mimic,pcl,42,121.51972222222221,47.12531661987305
mimic,pcl,42,113.56833333333333,58.46538543701172
mimic,pcl,42,280.0238888888889,52.03042221069336
mimic,pcl,42,54.999722222222225,48.43061065673828
mimic,pcl,42,48.355,46.07103729248047
mimic,pcl,42,92.18388888888887,47.814605712890625
mimic,pcl,42,37.75416666666666,38.62124252319336
mimic,pcl,42,73.6875,48.411712646484375
mimic,pcl,42,83.63972222222222,47.78987121582031
mimic,pcl,42,33.2175,48.00492477416992
mimic,pcl,42,55.69444444444445,47.80857849121094
mimic,pcl,42,96.96416666666667,47.423240661621094
mimic,pcl,42,937.6744444444446,56.64069366455078
mimic,pcl,42,37.599722222222226,38.26655578613281
mimic,pcl,42,176.03722222222223,58.89815139770508
mimic,pcl,42,41.92194444444445,41.70685577392578
mimic,pcl,42,135.1575,57.645973205566406
mimic,pcl,42,148.175,57.40713882446289
mimic,pcl,42,40.309999999999995,43.5354118347168
mimic,pcl,42,548.8733333333333,51.27891159057617
mimic,pcl,42,218.93416666666667,55.30029296875
mimic,pcl,42,96.01750000000001,47.59972381591797
mimic,pcl,42,34.66138888888889,34.632442474365234
mimic,pcl,42,36.746944444444445,36.65887451171875
mimic,pcl,42,53.55388888888889,48.72443771362305
mimic,pcl,42,51.98083333333333,49.175140380859375
mimic,pcl,42,30.734722222222224,42.3334846496582
mimic,pcl,42,359.1019444444444,46.51139450073242
mimic,pcl,42,29.458333333333336,36.26734924316406
mimic,pcl,42,43.92916666666667,48.242374420166016
mimic,pcl,42,50.28527777777779,46.54518508911133
mimic,pcl,42,165.4613888888889,46.77906799316406
mimic,pcl,42,41.89722222222221,42.91070556640625
mimic,pcl,42,66.27222222222223,49.02039337158203
mimic,pcl,42,69.31472222222222,47.76437759399414
mimic,pcl,42,50.28999999999999,44.897647857666016
mimic,pcl,42,62.472222222222214,57.228389739990234
mimic,pcl,42,57.0775,46.857688903808594
mimic,pcl,42,55.29333333333334,48.04362487792969
mimic,pcl,42,31.446111111111108,42.583595275878906
mimic,pcl,42,53.17888888888889,47.55901336669922
mimic,pcl,42,211.735,47.144596099853516
mimic,pcl,42,75.11222222222221,66.47097778320312
mimic,pcl,42,25.420277777777777,27.19209098815918
mimic,pcl,42,33.19694444444444,43.292869567871094
mimic,pcl,42,102.75888888888889,58.98804473876953
mimic,pcl,42,29.099999999999998,29.687467575073242
mimic,pcl,42,39.54277777777778,34.938926696777344
mimic,pcl,42,62.4736111111111,46.96840286254883
mimic,pcl,42,315.8852777777778,66.54949188232422
mimic,pcl,42,49.14194444444444,45.2579345703125
mimic,pcl,42,36.73527777777778,37.89223098754883
mimic,pcl,42,73.0188888888889,49.39324951171875
mimic,pcl,42,27.050833333333333,38.8043098449707
mimic,pcl,42,44.727499999999985,45.392372131347656
mimic,pcl,42,31.03388888888889,35.99443054199219
mimic,pcl,42,71.99833333333335,50.3508186340332
mimic,pcl,42,27.536666666666665,36.059322357177734
mimic,pcl,42,59.81527777777778,47.15842056274414
mimic,pcl,42,45.828611111111115,50.765846252441406
mimic,pcl,42,26.47138888888889,43.90287399291992
mimic,pcl,42,31.026666666666667,45.53524398803711
mimic,pcl,42,24.33416666666667,34.9101448059082
mimic,pcl,42,26.82277777777778,44.21403503417969
mimic,pcl,42,51.810833333333335,48.758262634277344
mimic,pcl,42,51.68805555555556,48.5908317565918
mimic,pcl,42,102.90583333333333,46.12720489501953
mimic,pcl,42,123.15583333333333,46.67002868652344
mimic,pcl,42,46.88888888888889,50.85080337524414
mimic,pcl,42,55.02888888888889,47.22148513793945
mimic,pcl,42,28.772777777777776,45.04042053222656
mimic,pcl,42,149.29611111111112,48.19499969482422
mimic,pcl,42,146.85972222222222,65.94393920898438
mimic,pcl,42,46.75888888888889,45.92897033691406
mimic,pcl,42,43.36527777777778,41.528045654296875
mimic,pcl,42,93.75583333333334,46.00242614746094
mimic,pcl,42,73.2875,46.203189849853516
mimic,pcl,42,60.826388888888886,45.675872802734375
mimic,pcl,42,53.757222222222225,49.6417121887207
mimic,pcl,42,690.143611111111,65.91885375976562
mimic,pcl,42,65.24,56.500633239746094
mimic,pcl,42,122.32222222222222,55.07627868652344
mimic,pcl,42,106.24694444444445,63.04627990722656
mimic,pcl,42,44.95611111111111,49.72792053222656
mimic,pcl,42,83.31444444444443,48.16010665893555
mimic,pcl,42,58.816944444444445,45.89812088012695
mimic,pcl,42,76.59583333333335,50.46979904174805
mimic,pcl,42,373.3752777777778,64.49878692626953
mimic,pcl,42,41.96,40.66547775268555
mimic,pcl,42,76.15138888888889,44.548580169677734
mimic,pcl,42,55.81777777777778,55.204532623291016
mimic,pcl,42,51.5313888888889,48.24083709716797
mimic,pcl,42,165.36583333333334,46.40306854248047
mimic,pcl,42,78.75222222222223,61.761348724365234
mimic,pcl,42,64.08138888888888,48.061004638671875
mimic,pcl,42,906.1302777777778,47.75114822387695
mimic,pcl,42,45.00666666666666,60.476749420166016
mimic,pcl,42,957.3141666666667,56.78660202026367
mimic,pcl,42,24.747777777777785,45.66435623168945
mimic,pcl,42,47.61861111111111,56.04385757446289
mimic,pcl,42,62.19361111111111,45.64080810546875
mimic,pcl,42,67.42027777777778,48.5234489440918
mimic,pcl,42,32.772222222222226,30.44740867614746
mimic,pcl,42,71.28444444444445,46.35364532470703
mimic,pcl,42,79.04055555555554,67.02175903320312
mimic,pcl,42,83.4125,55.468143463134766
mimic,pcl,42,126.29638888888888,48.67604446411133
mimic,pcl,42,38.00444444444444,43.87730407714844
mimic,pcl,42,54.07138888888889,49.20972442626953
mimic,pcl,42,40.71972222222222,38.909122467041016
mimic,pcl,42,24.592777777777776,43.08909225463867
mimic,pcl,42,105.03888888888889,46.694664001464844
mimic,pcl,42,63.856944444444444,50.02935028076172
mimic,pcl,42,50.59277777777778,45.49449920654297
mimic,pcl,42,50.60611111111112,56.27263641357422
mimic,pcl,42,44.35222222222223,47.24235534667969
mimic,pcl,42,49.20222222222223,57.86399841308594
mimic,pcl,42,25.374166666666667,34.140750885009766
mimic,pcl,42,35.999722222222225,37.062652587890625
mimic,pcl,42,93.83277777777778,52.201332092285156
mimic,pcl,42,52.393333333333345,47.7178955078125
mimic,pcl,42,131.085,49.39677047729492
mimic,pcl,42,135.905,47.65934371948242
mimic,pcl,42,66.5925,48.604713439941406
mimic,pcl,42,24.636666666666663,37.164573669433594
mimic,pcl,42,119.9111111111111,46.127105712890625
mimic,pcl,42,27.781666666666666,42.815757751464844
mimic,pcl,42,73.475,46.913700103759766
mimic,pcl,42,49.59222222222222,45.47651290893555
mimic,pcl,42,75.40555555555557,44.869773864746094
mimic,pcl,42,51.638333333333335,51.15494918823242
mimic,pcl,42,29.431944444444447,36.77945327758789
mimic,pcl,42,278.1622222222222,57.96006774902344
mimic,pcl,42,91.7377777777778,55.170345306396484
mimic,pcl,42,263.4066666666667,50.62659454345703
mimic,pcl,42,164.94527777777776,45.403778076171875
mimic,pcl,42,70.34555555555556,48.01670455932617
mimic,pcl,42,53.97472222222222,50.598968505859375
mimic,pcl,42,211.045,48.92298126220703
mimic,pcl,42,79.88388888888889,51.51495361328125
mimic,pcl,42,67.57694444444444,46.97572326660156
mimic,pcl,42,59.424166666666665,47.720367431640625
mimic,pcl,42,53.46333333333334,45.81980514526367
mimic,pcl,42,50.30916666666666,64.30169677734375
mimic,pcl,42,42.747777777777785,38.95225143432617
mimic,pcl,42,90.02222222222221,52.50605010986328
mimic,pcl,42,99.53305555555555,62.59176254272461
mimic,pcl,42,240.20027777777779,58.78104782104492
mimic,pcl,42,72.10444444444445,46.08908462524414
mimic,pcl,42,84.66638888888889,56.84891128540039
mimic,pcl,42,94.22944444444445,54.823204040527344
mimic,pcl,42,50.06638888888889,56.00209045410156
mimic,pcl,42,25.105000000000004,42.77608108520508
mimic,pcl,42,25.211388888888887,25.77092933654785
mimic,pcl,42,266.9175,45.05233383178711
mimic,pcl,42,55.867777777777775,46.5122184753418
mimic,pcl,42,243.3727777777778,57.728694915771484
mimic,pcl,42,63.811388888888885,44.37163162231445
mimic,pcl,42,41.068333333333335,41.20861053466797
mimic,pcl,42,29.812777777777775,47.334964752197266
mimic,pcl,42,24.22222222222222,26.40384292602539
mimic,pcl,42,35.70055555555555,31.266708374023438
mimic,pcl,42,31.686944444444446,29.539928436279297
mimic,pcl,42,25.11638888888889,39.69876480102539
mimic,pcl,42,109.79138888888889,58.5926399230957
mimic,pcl,42,48.72527777777778,46.2360725402832
mimic,pcl,42,42.07805555555555,41.8753547668457
mimic,pcl,42,49.38138888888889,47.5369987487793
mimic,pcl,42,81.33,47.70327377319336
mimic,pcl,42,61.561388888888885,53.07315444946289
mimic,pcl,42,51.50083333333334,45.4791374206543
mimic,pcl,42,28.223055555555554,36.547569274902344
mimic,pcl,42,97.7161111111111,63.21183776855469
mimic,pcl,42,166.4977777777778,60.405174255371094
mimic,pcl,42,26.739166666666666,36.99736022949219
mimic,pcl,42,106.86555555555555,46.28488540649414
mimic,pcl,42,75.38277777777778,49.049617767333984
mimic,pcl,42,28.07888888888889,44.691959381103516
mimic,pcl,42,29.81388888888889,42.29703140258789
mimic,pcl,42,226.46999999999997,42.483943939208984
mimic,pcl,42,339.8283333333333,49.85065841674805
mimic,pcl,42,116.08638888888889,50.777191162109375
mimic,pcl,42,28.975000000000005,35.15843963623047
mimic,pcl,42,25.910833333333336,44.7244987487793
mimic,pcl,42,157.72611111111112,58.98509979248047
mimic,pcl,42,53.19888888888889,47.23781204223633
mimic,pcl,42,163.2736111111111,50.25383758544922
mimic,pcl,42,28.539166666666667,44.029258728027344
mimic,pcl,42,26.60138888888889,41.32341766357422
mimic,pcl,42,34.638333333333335,35.282527923583984
mimic,pcl,42,48.58694444444444,48.155982971191406
mimic,pcl,42,59.41083333333333,50.30944061279297
mimic,pcl,42,97.61666666666667,51.264652252197266
mimic,pcl,42,92.88805555555555,54.1778678894043
mimic,pcl,42,55.991944444444435,52.86361312866211
mimic,pcl,42,192.3522222222222,49.9292106628418
mimic,pcl,42,63.856944444444444,46.43737030029297
mimic,pcl,42,395.4322222222222,67.2520523071289
mimic,pcl,42,223.0,53.33986282348633
mimic,pcl,42,100.16083333333333,56.54655075073242
mimic,pcl,42,476.59777777777776,39.889862060546875
mimic,pcl,42,141.51555555555558,62.05682373046875
mimic,pcl,42,83.57944444444445,47.86747360229492
mimic,pcl,42,32.45444444444445,31.357711791992188
mimic,pcl,42,33.00944444444444,44.9509162902832
mimic,pcl,42,197.45749999999998,60.51445770263672
mimic,pcl,42,30.80166666666667,40.18644332885742
mimic,pcl,42,30.513055555555557,31.558094024658203
mimic,pcl,42,26.366944444444446,43.30290222167969
mimic,pcl,42,98.44083333333333,57.7260627746582
mimic,pcl,42,423.5305555555555,62.6822509765625
mimic,pcl,42,97.55444444444444,47.250972747802734
mimic,pcl,42,64.29861111111111,53.68220138549805
mimic,pcl,42,193.39833333333337,46.09782028198242
mimic,pcl,42,48.480277777777786,47.8750114440918
mimic,pcl,42,66.83083333333335,48.232078552246094
mimic,pcl,42,26.936111111111114,36.1838493347168
mimic,pcl,42,24.200833333333335,26.834321975708008
mimic,pcl,42,66.7825,47.87793731689453
mimic,pcl,42,47.40416666666667,47.749961853027344
mimic,pcl,42,279.64916666666664,48.32102584838867
mimic,pcl,42,26.333055555555564,36.795066833496094
mimic,pcl,42,101.35083333333334,51.20191192626953
mimic,pcl,42,29.087222222222223,37.67464828491211
mimic,pcl,42,292.38166666666666,48.407047271728516
mimic,pcl,42,133.94,46.10699462890625
mimic,pcl,42,37.26861111111111,34.82482147216797
mimic,pcl,42,26.660555555555554,49.4222526550293
mimic,pcl,42,35.662222222222226,35.30594253540039
mimic,pcl,42,246.58722222222218,47.715850830078125
mimic,pcl,42,29.898888888888887,29.579578399658203
mimic,pcl,42,46.28111111111111,46.30350112915039
mimic,pcl,42,37.92055555555555,42.53169250488281
mimic,pcl,42,26.7725,42.19834518432617
mimic,pcl,42,156.02277777777778,51.789302825927734
mimic,pcl,42,25.054444444444446,42.27535629272461
mimic,pcl,42,111.89944444444444,61.025840759277344
mimic,pcl,42,49.338055555555556,45.94369888305664
mimic,pcl,42,167.33166666666665,45.03246307373047
mimic,pcl,42,46.06555555555555,46.370845794677734
mimic,pcl,42,43.48416666666666,41.312644958496094
mimic,pcl,42,470.2322222222221,45.563232421875
mimic,pcl,42,40.55222222222223,40.09312438964844
mimic,pcl,42,28.15638888888889,42.20366668701172
mimic,pcl,42,25.780555555555555,42.98617935180664
mimic,pcl,42,29.559444444444445,41.645809173583984
mimic,pcl,42,231.28722222222223,55.972633361816406
mimic,pcl,42,56.24777777777777,47.18217086791992
mimic,pcl,42,29.26361111111111,44.3075065612793
mimic,pcl,42,67.17555555555555,40.76389694213867
mimic,pcl,42,87.91444444444444,52.41925811767578
mimic,pcl,42,36.45055555555555,35.283287048339844
mimic,pcl,42,122.62583333333333,64.23503112792969
mimic,pcl,42,67.1563888888889,43.793304443359375
mimic,pcl,42,263.80444444444447,51.20654296875
mimic,pcl,42,87.31055555555557,47.679996490478516
mimic,pcl,42,26.157222222222224,26.7420654296875
mimic,pcl,42,96.74333333333334,45.384986877441406
mimic,pcl,42,92.44111111111111,47.14544677734375
mimic,pcl,42,26.759999999999998,38.52524185180664
mimic,pcl,42,32.33416666666667,44.4339599609375
mimic,pcl,42,47.096111111111114,46.201961517333984
mimic,pcl,42,161.67472222222221,47.65095520019531
mimic,pcl,42,73.95722222222221,46.95439529418945
mimic,pcl,42,27.370833333333337,27.970212936401367
mimic,pcl,42,251.77499999999998,63.44010925292969
mimic,pcl,42,28.401944444444446,43.11372756958008
mimic,pcl,42,24.291944444444447,36.58220291137695
mimic,pcl,42,178.42777777777778,65.17802429199219
mimic,pcl,42,124.245,56.65581130981445
mimic,pcl,42,99.09583333333333,57.304405212402344
mimic,pcl,42,69.10777777777778,49.519248962402344
mimic,pcl,42,42.22361111111111,41.64179229736328
mimic,pcl,42,48.44583333333334,48.3093147277832
mimic,pcl,42,40.06027777777778,43.73078918457031
mimic,pcl,42,69.22166666666666,50.752864837646484
mimic,pcl,42,375.28666666666663,45.99150085449219
mimic,pcl,42,311.62333333333333,54.61678695678711
mimic,pcl,42,40.63666666666667,36.44188690185547
mimic,pcl,42,316.6319444444444,51.99932861328125
mimic,pcl,42,116.76888888888888,46.15532684326172
mimic,pcl,42,72.76555555555557,52.51585006713867
mimic,pcl,42,231.62222222222215,50.23068618774414
mimic,pcl,42,577.6655555555556,48.44475555419922
mimic,pcl,42,38.549166666666665,35.73235321044922
mimic,pcl,42,47.94916666666667,44.117401123046875
mimic,pcl,42,27.566944444444445,36.99191665649414
mimic,pcl,42,81.79472222222222,51.1390495300293
mimic,pcl,42,44.82138888888889,47.6186408996582
mimic,pcl,42,54.11611111111111,51.793182373046875
mimic,pcl,42,81.57722222222222,54.80577087402344
mimic,pcl,42,70.88583333333334,51.51316452026367
mimic,pcl,42,32.22527777777778,39.67351531982422
mimic,pcl,42,123.08472222222223,53.98398208618164
mimic,pcl,42,53.150555555555556,53.9460334777832
mimic,pcl,42,73.14527777777778,46.04341506958008
mimic,pcl,42,59.0025,51.8455696105957
mimic,pcl,42,58.71388888888889,43.907081604003906
mimic,pcl,42,314.9236111111111,53.364990234375
mimic,pcl,42,56.14361111111111,46.114845275878906
mimic,pcl,42,398.8966666666667,46.99981689453125
mimic,pcl,42,55.535,50.508541107177734
mimic,pcl,42,145.97416666666666,63.19481658935547
mimic,pcl,42,242.54472222222222,49.422359466552734
mimic,pcl,42,136.35250000000002,48.253211975097656
mimic,pcl,42,28.310277777777785,35.32450485229492
mimic,pcl,42,115.25,46.770137786865234
mimic,pcl,42,44.897777777777776,41.64038848876953
mimic,pcl,42,168.9327777777778,66.3126220703125
mimic,pcl,42,66.62583333333333,46.15314483642578
mimic,pcl,42,44.03555555555556,46.61260986328125
mimic,pcl,42,359.7355555555555,46.70476150512695
mimic,pcl,42,593.4300000000001,47.96574020385742
mimic,pcl,42,100.26111111111112,59.59271240234375
mimic,pcl,42,74.9036111111111,44.45295333862305
mimic,pcl,42,45.55888888888889,50.61319351196289
mimic,pcl,42,204.89333333333335,48.502540588378906
mimic,pcl,42,92.88222222222221,56.116172790527344
mimic,pcl,42,46.129444444444445,47.726234436035156
mimic,pcl,42,26.733888888888888,26.67078971862793
mimic,pcl,42,28.766111111111112,44.014652252197266
mimic,pcl,42,82.12722222222223,43.04336929321289
mimic,pcl,42,36.05555555555556,38.605289459228516
mimic,pcl,42,180.28555555555553,49.830902099609375
mimic,pcl,42,35.989999999999995,36.443084716796875
mimic,pcl,42,93.99083333333333,44.53115463256836
mimic,pcl,42,146.97583333333333,57.02671813964844
mimic,pcl,42,25.351666666666667,37.561378479003906
mimic,pcl,42,107.99222222222222,46.22426223754883
mimic,pcl,42,66.72444444444444,45.939937591552734
mimic,pcl,42,230.93972222222223,57.13422775268555
mimic,pcl,42,49.83083333333333,48.07813262939453
mimic,pcl,42,54.33527777777779,45.06727981567383
mimic,pcl,42,70.28361111111111,54.76454162597656
mimic,pcl,42,380.16805555555555,48.432708740234375
mimic,pcl,42,402.9366666666667,48.332210540771484
mimic,pcl,42,624.603611111111,48.73073196411133
mimic,pcl,42,28.734444444444446,36.51921081542969
mimic,pcl,42,25.506388888888893,42.078861236572266
mimic,pcl,42,419.23611111111114,59.57647705078125
mimic,pcl,42,105.14111111111112,57.623634338378906
mimic,pcl,42,98.4375,67.47084045410156
mimic,pcl,42,44.69444444444444,42.21363067626953
mimic,pcl,42,32.13583333333334,30.20669937133789
mimic,pcl,42,269.90694444444443,50.34931182861328
mimic,pcl,42,31.537499999999998,31.180660247802734
mimic,pcl,42,77.02944444444444,47.544071197509766
mimic,pcl,42,27.169444444444444,45.04669952392578
mimic,pcl,42,225.61833333333334,43.92890548706055
mimic,pcl,42,89.56138888888889,61.67384719848633
mimic,pcl,42,39.138333333333335,38.064002990722656
mimic,pcl,42,47.74972222222222,47.64748764038086
mimic,pcl,42,91.26444444444444,47.404388427734375
mimic,pcl,42,141.7311111111111,55.072242736816406
mimic,pcl,42,61.60083333333333,55.39487075805664
mimic,pcl,42,96.73055555555555,48.34008026123047
mimic,pcl,42,354.61611111111114,46.60440444946289
mimic,pcl,42,33.897222222222226,45.25867462158203
mimic,pcl,42,56.99472222222222,47.821170806884766
mimic,pcl,42,64.24472222222222,47.030120849609375
mimic,pcl,42,30.56861111111111,46.07102584838867
mimic,pcl,42,557.4391666666668,46.851810455322266
mimic,pcl,42,53.285555555555554,49.857086181640625
mimic,pcl,42,151.08749999999998,45.84619140625
mimic,pcl,42,27.91777777777778,39.93141555786133
mimic,pcl,42,78.16527777777779,55.0461540222168
mimic,pcl,42,256.4316666666667,48.101539611816406
mimic,pcl,42,59.41027777777778,57.312076568603516
mimic,pcl,42,38.83888888888889,35.778114318847656
mimic,pcl,42,44.85611111111111,41.4931526184082
mimic,pcl,42,167.95916666666668,50.74380874633789
mimic,pcl,42,84.66527777777779,51.96124267578125
mimic,pcl,42,36.533055555555556,48.621925354003906
mimic,pcl,42,46.42916666666667,43.00753402709961
mimic,pcl,42,37.969722222222224,44.90492630004883
mimic,pcl,42,192.80027777777778,58.22123718261719
mimic,pcl,42,59.770555555555546,46.21830368041992
mimic,pcl,42,197.2475,52.61350631713867
mimic,pcl,42,44.989999999999995,42.69677734375
mimic,pcl,42,31.250555555555557,39.874755859375
mimic,pcl,42,63.178611111111096,57.36648941040039
mimic,pcl,42,49.83055555555555,46.8557243347168
mimic,pcl,42,59.794999999999995,46.68720626831055
mimic,pcl,42,52.26388888888889,55.4265022277832
mimic,pcl,42,42.87166666666666,40.21170425415039
mimic,pcl,42,50.86361111111111,45.398311614990234
mimic,pcl,42,119.00166666666667,45.56663131713867
mimic,pcl,42,86.72527777777778,60.275455474853516
mimic,pcl,42,31.759999999999998,43.84101486206055
mimic,pcl,42,40.62083333333334,42.556514739990234
mimic,pcl,42,52.73194444444445,46.313663482666016
mimic,pcl,42,25.12361111111111,25.329713821411133
mimic,pcl,42,118.49416666666666,59.52109909057617
mimic,pcl,42,554.5699999999999,52.09918212890625
mimic,pcl,42,41.10027777777778,37.43059158325195
mimic,pcl,42,43.37305555555555,48.188175201416016
mimic,pcl,42,31.99972222222222,32.5366325378418
mimic,pcl,42,28.072777777777777,36.59512710571289
mimic,pcl,42,39.611111111111114,39.61915969848633
mimic,pcl,42,56.42166666666667,51.710548400878906
mimic,pcl,42,30.027222222222225,42.07585144042969
mimic,pcl,42,286.91305555555556,54.90330123901367
mimic,pcl,42,51.72888888888889,45.96807098388672
mimic,pcl,42,24.77388888888889,46.51791763305664
mimic,pcl,42,24.392777777777777,45.64519119262695
mimic,pcl,42,75.70972222222224,51.541603088378906
mimic,pcl,42,71.25722222222223,51.3336181640625
mimic,pcl,42,27.116666666666667,45.52355194091797
mimic,pcl,42,52.60388888888889,50.03022384643555
mimic,pcl,42,27.158333333333324,51.44190979003906
mimic,pcl,42,29.881388888888885,29.469505310058594
mimic,pcl,42,47.067499999999995,47.50016784667969
mimic,pcl,42,74.08555555555556,48.09953689575195
mimic,pcl,42,69.26472222222223,46.68499755859375
mimic,pcl,42,170.73916666666665,49.07231903076172
mimic,pcl,42,27.805833333333332,44.04767608642578
mimic,pcl,42,94.22666666666666,60.333683013916016
mimic,pcl,42,43.844722222222224,45.246986389160156
mimic,pcl,42,27.862222222222222,44.53486633300781
mimic,pcl,42,105.89722222222224,56.502716064453125
mimic,pcl,42,38.855,39.1004524230957
mimic,pcl,42,188.1436111111111,48.96685028076172
mimic,pcl,42,84.91333333333336,53.83882141113281
mimic,pcl,42,29.434999999999995,46.36745834350586
mimic,pcl,42,386.26388888888886,48.925254821777344
mimic,pcl,42,54.32388888888889,49.72888946533203
mimic,pcl,42,63.465555555555554,45.05710983276367
mimic,pcl,42,268.3594444444444,46.68122482299805
mimic,pcl,42,47.63861111111111,45.80474090576172
mimic,pcl,42,43.50472222222223,42.97686767578125
mimic,pcl,42,101.9136111111111,47.61824417114258
mimic,pcl,42,101.08611111111111,46.96854019165039
mimic,pcl,42,239.93944444444446,47.37553405761719
mimic,pcl,42,103.62916666666666,52.82630920410156
mimic,pcl,42,26.901944444444446,41.258113861083984
mimic,pcl,42,60.18833333333333,70.98726654052734
mimic,pcl,42,187.44138888888887,55.65021514892578
mimic,pcl,42,131.85277777777776,46.864158630371094
mimic,pcl,42,43.32194444444444,45.323326110839844
mimic,pcl,42,47.97222222222223,48.10797882080078
mimic,pcl,42,80.73305555555555,53.591434478759766
mimic,pcl,42,49.38722222222222,46.17287826538086
mimic,pcl,42,29.688611111111108,42.52521514892578
mimic,pcl,42,31.262222222222213,44.541500091552734
mimic,pcl,42,69.97972222222222,52.44023895263672
mimic,pcl,42,27.759722222222223,35.63491439819336
mimic,pcl,42,75.85277777777779,45.8853759765625
mimic,pcl,42,142.3961111111111,46.57472229003906
mimic,pcl,42,54.70555555555555,45.62455368041992
mimic,pcl,42,233.7986111111111,64.61688995361328
mimic,pcl,42,33.11222222222222,30.129024505615234
mimic,pcl,42,61.097500000000004,53.017539978027344
mimic,pcl,42,37.56777777777778,45.44971466064453
mimic,pcl,42,50.62166666666667,46.16844940185547
mimic,pcl,42,51.77611111111112,48.96628952026367
mimic,pcl,42,67.70222222222222,48.44182205200195
mimic,pcl,42,43.65277777777778,52.45963668823242
mimic,pcl,42,46.47388888888889,49.027034759521484
mimic,pcl,42,118.46166666666667,46.87727355957031
mimic,pcl,42,32.905,40.27280807495117
mimic,pcl,42,190.76333333333335,70.88011169433594
mimic,pcl,42,136.55972222222223,46.17530822753906
mimic,pcl,42,78.80305555555556,48.945377349853516
mimic,pcl,42,55.72694444444444,59.83496856689453
mimic,pcl,42,28.845833333333324,45.015159606933594
mimic,pcl,42,64.46111111111111,49.66349792480469
mimic,pcl,42,45.86388888888889,43.219608306884766
mimic,pcl,42,54.430833333333325,55.627471923828125
mimic,pcl,42,138.63694444444445,59.20212936401367
mimic,pcl,42,136.78583333333336,58.57371520996094
mimic,pcl,42,52.16944444444445,53.823524475097656
mimic,pcl,42,29.887777777777778,42.86925506591797
mimic,pcl,42,66.51472222222222,46.88560485839844
mimic,pcl,42,38.33749999999999,37.07158279418945
mimic,pcl,42,89.48305555555555,47.67387008666992
mimic,pcl,42,39.747499999999995,36.78461456298828
mimic,pcl,42,383.2041666666666,57.8653450012207
mimic,pcl,42,263.1788888888889,67.32714080810547
mimic,pcl,42,36.42444444444445,36.06126022338867
mimic,pcl,42,30.705555555555556,34.844940185546875
mimic,pcl,42,52.8286111111111,52.41178512573242
mimic,pcl,42,59.00972222222222,45.673179626464844
mimic,pcl,42,42.416111111111114,40.56430435180664
mimic,pcl,42,46.036111111111104,45.69915771484375
mimic,pcl,42,50.01833333333333,45.719993591308594
mimic,pcl,42,74.5411111111111,51.22547912597656
mimic,pcl,42,43.30638888888889,48.891510009765625
mimic,pcl,42,117.06666666666668,56.731876373291016
mimic,pcl,42,64.18583333333333,51.644927978515625
mimic,pcl,42,42.01833333333334,49.5889892578125
mimic,pcl,42,85.66555555555556,46.39230728149414
mimic,pcl,42,72.1225,48.53263473510742
mimic,pcl,42,71.53055555555555,49.43081283569336
mimic,pcl,42,67.29916666666666,62.986698150634766
mimic,pcl,42,91.70972222222221,53.63716506958008
mimic,pcl,42,44.28527777777778,46.11669921875
mimic,pcl,42,123.6577777777778,44.6348876953125
mimic,pcl,42,57.87361111111112,46.08708572387695
mimic,pcl,42,41.213611111111106,37.86592483520508
mimic,pcl,42,28.968888888888884,44.601844787597656
mimic,pcl,42,139.84333333333333,48.308963775634766
mimic,pcl,42,42.98388888888889,41.78203582763672
mimic,pcl,42,136.69666666666666,47.28614044189453
mimic,pcl,42,91.62444444444445,54.79081726074219
mimic,pcl,42,94.59944444444444,48.6142692565918
mimic,pcl,42,61.720555555555556,52.871910095214844
mimic,pcl,42,50.546388888888885,45.888404846191406
mimic,pcl,42,64.90722222222222,46.845069885253906
mimic,pcl,42,47.626111111111115,46.11695861816406
mimic,pcl,42,206.4525,45.82773208618164
mimic,pcl,42,51.045833333333334,46.3477897644043
mimic,pcl,42,340.39916666666664,59.992923736572266
mimic,pcl,42,35.79083333333334,43.16495895385742
mimic,pcl,42,115.98277777777777,46.38398361206055
mimic,pcl,42,47.92194444444445,47.5385856628418
mimic,pcl,42,210.36611111111114,54.719886779785156
mimic,pcl,42,26.096944444444446,40.94795608520508
mimic,pcl,42,100.65472222222223,65.78477478027344
mimic,pcl,42,56.1363888888889,47.64833450317383
mimic,pcl,42,45.28555555555555,47.64731216430664
mimic,pcl,42,26.4075,26.184289932250977
mimic,pcl,42,41.14972222222222,45.14699935913086
mimic,pcl,42,186.75305555555553,63.64692687988281
mimic,pcl,42,29.059999999999995,43.84855270385742
mimic,pcl,42,169.57972222222222,52.805049896240234
mimic,pcl,42,148.05888888888887,55.540809631347656
mimic,pcl,42,44.76472222222223,47.56842803955078
mimic,pcl,42,77.13138888888889,51.94509506225586
mimic,pcl,42,88.94416666666666,58.87364959716797
mimic,pcl,42,76.88666666666666,45.71207809448242
mimic,pcl,42,26.09583333333333,27.460025787353516
mimic,pcl,42,281.8725,45.42771530151367
mimic,pcl,42,36.50277777777778,46.102291107177734
mimic,pcl,42,44.38055555555555,46.78759002685547
mimic,pcl,42,46.88888888888889,46.664459228515625
mimic,pcl,42,54.43555555555555,48.66055679321289
mimic,pcl,42,95.44222222222223,61.774818420410156
mimic,pcl,42,33.136944444444445,34.00689697265625
mimic,pcl,42,24.607222222222227,41.48585891723633
mimic,pcl,42,52.111111111111114,45.234493255615234
mimic,pcl,42,147.4636111111111,46.48097610473633
mimic,pcl,42,318.8194444444445,56.934486389160156
mimic,pcl,42,70.34416666666667,48.197227478027344
mimic,pcl,42,315.4713888888889,59.5752067565918
mimic,pcl,42,55.11361111111111,48.23869705200195
mimic,pcl,42,50.13972222222223,50.41350555419922
mimic,pcl,42,49.32944444444444,46.717140197753906
mimic,pcl,42,51.22277777777779,47.47820281982422
mimic,pcl,42,127.18388888888887,46.823822021484375
mimic,pcl,42,24.121944444444445,36.93489456176758
mimic,pcl,42,84.42055555555555,52.889190673828125
mimic,pcl,42,242.14777777777775,60.072547912597656
mimic,pcl,42,50.542777777777786,47.511558532714844
mimic,pcl,42,30.661388888888894,44.029666900634766
mimic,pcl,42,40.89666666666666,42.372039794921875
mimic,pcl,42,91.57638888888887,42.32096481323242
mimic,pcl,42,38.61722222222222,44.23362731933594
mimic,pcl,42,35.92111111111111,35.40321731567383
mimic,pcl,42,45.765,47.14514923095703
mimic,pcl,42,80.11416666666668,48.851654052734375
mimic,pcl,42,303.25111111111113,46.950679779052734
mimic,pcl,42,48.27194444444444,54.950931549072266
mimic,pcl,42,94.96416666666667,49.30865478515625
mimic,pcl,42,25.999166666666667,34.42448043823242
mimic,pcl,42,24.396388888888886,46.11053466796875
mimic,pcl,42,28.083611111111114,28.414348602294922
mimic,pcl,42,30.700000000000003,43.010494232177734
mimic,pcl,42,47.42305555555555,46.67679214477539
mimic,pcl,42,32.0375,42.726593017578125
mimic,pcl,42,51.34166666666666,42.62013626098633
mimic,pcl,42,120.78527777777776,45.697654724121094
mimic,pcl,42,136.0063888888889,52.72256088256836
mimic,pcl,42,29.02777777777778,42.89304733276367
mimic,pcl,42,79.80027777777778,48.939361572265625
mimic,pcl,42,42.92027777777778,46.441871643066406
mimic,pcl,42,56.23972222222223,46.356468200683594
mimic,pcl,42,47.021944444444436,46.54495620727539
mimic,pcl,42,95.02777777777779,59.835548400878906
mimic,pcl,42,250.48861111111108,65.01753997802734
mimic,pcl,42,94.62361111111112,49.65743637084961
mimic,pcl,42,44.40472222222222,43.513248443603516
mimic,pcl,42,296.0761111111111,60.82292556762695
mimic,pcl,42,76.17249999999999,46.82880783081055
mimic,pcl,42,40.3525,40.17756652832031
mimic,pcl,42,36.54555555555555,38.37211227416992
mimic,pcl,42,32.75333333333333,43.76744842529297
mimic,pcl,42,103.44611111111112,68.82390594482422
mimic,pcl,42,96.16083333333333,47.014617919921875
mimic,pcl,42,127.54333333333332,57.030426025390625
mimic,pcl,42,164.24805555555554,46.51213073730469
mimic,pcl,42,89.1075,50.85456466674805
mimic,pcl,42,62.24388888888889,45.982662200927734
mimic,pcl,42,34.92166666666667,41.71685791015625
mimic,pcl,42,25.996111111111116,38.0594482421875
mimic,pcl,42,215.76555555555558,55.632118225097656
mimic,pcl,42,50.31666666666666,49.22290802001953
mimic,pcl,42,32.88194444444444,31.330307006835938
mimic,pcl,42,26.876388888888886,44.12032699584961
mimic,pcl,42,53.06361111111111,45.98971939086914
mimic,pcl,42,26.65888888888889,39.13938522338867
mimic,pcl,42,77.07305555555556,45.624610900878906
mimic,pcl,42,99.42583333333334,47.26542282104492
mimic,pcl,42,42.28944444444444,40.68007278442383
mimic,pcl,42,70.24277777777779,45.26438903808594
mimic,pcl,42,42.95388888888888,40.746368408203125
mimic,pcl,42,107.50583333333333,47.32212829589844
mimic,pcl,42,265.5058333333333,69.72523498535156
mimic,pcl,42,37.772777777777776,38.59400939941406
mimic,pcl,42,477.0244444444445,55.24759292602539
mimic,pcl,42,116.21722222222223,45.570526123046875
mimic,pcl,42,30.884444444444448,29.46822738647461
mimic,pcl,42,57.195833333333326,47.42354965209961
mimic,pcl,42,36.67944444444444,44.712562561035156
mimic,pcl,42,44.093055555555566,46.551780700683594
mimic,pcl,42,76.55722222222222,49.13309860229492
mimic,pcl,42,136.43527777777777,45.75836181640625
mimic,pcl,42,560.5894444444444,47.15678787231445
mimic,pcl,42,86.29277777777779,58.19021224975586
mimic,pcl,42,25.002499999999994,38.23054885864258
mimic,pcl,42,29.92388888888889,41.74734878540039
mimic,pcl,42,171.4925,47.84638977050781
mimic,pcl,42,117.07138888888889,46.900447845458984
mimic,pcl,42,68.08805555555556,56.16254806518555
mimic,pcl,42,71.38361111111112,47.34714889526367
mimic,pcl,42,29.03027777777778,52.449466705322266
mimic,pcl,42,53.98138888888889,57.43003845214844
mimic,pcl,42,26.629444444444445,45.5374641418457
mimic,pcl,42,42.150555555555556,42.47562026977539
mimic,pcl,42,27.465555555555557,36.48467254638672
mimic,pcl,42,26.895,39.10125732421875
mimic,pcl,42,31.319166666666668,44.51870346069336
mimic,pcl,42,30.53027777777778,42.63285827636719
mimic,pcl,42,49.325,50.789695739746094
mimic,pcl,42,75.60999999999999,46.88632583618164
mimic,pcl,42,38.25194444444445,36.08948516845703
mimic,pcl,42,169.96833333333333,47.455909729003906
mimic,pcl,42,634.4172222222222,54.74122619628906
mimic,pcl,42,25.20388888888889,37.919593811035156
mimic,pcl,42,24.626944444444447,42.05338668823242
mimic,pcl,42,34.71083333333333,33.240989685058594
mimic,pcl,42,42.23222222222222,47.47947311401367
mimic,pcl,42,41.466944444444444,43.436214447021484
mimic,pcl,42,45.58777777777778,43.22868728637695
mimic,pcl,42,56.5113888888889,45.93467712402344
mimic,pcl,42,50.08416666666666,53.996307373046875
mimic,pcl,42,40.06416666666666,39.75712203979492
mimic,pcl,42,67.75694444444444,57.334381103515625
mimic,pcl,42,96.28972222222222,49.421409606933594
mimic,pcl,42,144.34277777777777,49.13185501098633
mimic,pcl,42,143.0677777777778,46.615447998046875
mimic,pcl,42,82.51416666666667,51.29376983642578
mimic,pcl,42,197.40305555555557,55.639732360839844
mimic,pcl,42,137.69111111111113,56.96836471557617
mimic,pcl,42,44.35000000000001,49.840476989746094
mimic,pcl,42,228.91972222222222,48.01053237915039
mimic,pcl,42,55.67444444444445,46.29884338378906
mimic,pcl,42,39.10777777777778,36.611541748046875
mimic,pcl,42,63.243333333333325,49.80560302734375
mimic,pcl,42,82.22694444444446,53.55418395996094
mimic,pcl,42,25.788333333333334,39.27249526977539
mimic,pcl,42,29.269444444444446,43.87360382080078
mimic,pcl,42,43.405,41.96480178833008
mimic,pcl,42,114.9563888888889,53.33831024169922
mimic,pcl,42,26.90916666666666,44.59373474121094
mimic,pcl,42,79.30611111111111,50.49702453613281
mimic,pcl,42,47.06722222222223,45.586063385009766
mimic,pcl,42,52.93888888888888,47.861366271972656
mimic,pcl,42,48.6725,47.8898811340332
mimic,pcl,42,42.619166666666665,44.110721588134766
mimic,pcl,42,34.855555555555554,44.32794952392578
mimic,pcl,42,54.24166666666667,45.03359603881836
mimic,pcl,42,121.82472222222222,49.4196662902832
mimic,pcl,42,109.245,46.48816680908203
mimic,pcl,42,30.005277777777778,42.631160736083984
mimic,pcl,42,161.73694444444445,44.9871711730957
mimic,pcl,42,109.76777777777778,46.75871658325195
mimic,pcl,42,159.90527777777777,59.95166778564453
mimic,pcl,42,46.662222222222226,46.06082534790039
mimic,pcl,42,29.841388888888886,43.93193817138672
mimic,pcl,42,154.1352777777778,56.404449462890625
mimic,pcl,42,341.13750000000005,52.34440994262695
mimic,pcl,42,26.415555555555564,43.73094940185547
mimic,pcl,42,99.22305555555556,54.46844482421875
mimic,pcl,42,89.91138888888887,49.605987548828125
mimic,pcl,42,41.320277777777775,46.07974624633789
mimic,pcl,42,24.040555555555557,38.398406982421875
mimic,pcl,42,69.08833333333334,45.54606246948242
mimic,pcl,42,200.84472222222223,60.511993408203125
mimic,pcl,42,53.17055555555555,47.663089752197266
mimic,pcl,42,177.94111111111113,46.73286437988281
mimic,pcl,42,353.4169444444445,49.71174240112305
mimic,pcl,42,78.69722222222222,47.79243850708008
mimic,pcl,42,28.0775,46.694915771484375
mimic,pcl,42,81.86250000000001,53.37949752807617
mimic,pcl,42,39.684444444444445,37.68183898925781
mimic,pcl,42,30.47888888888889,41.956138610839844
mimic,pcl,42,26.65694444444444,25.85175895690918
mimic,pcl,42,26.617222222222217,27.65667724609375
mimic,pcl,42,55.68361111111111,46.054630279541016
mimic,pcl,42,163.40972222222223,57.357086181640625
mimic,pcl,42,31.301111111111112,37.968833923339844
mimic,pcl,42,94.3075,67.45197296142578
mimic,pcl,42,136.52805555555557,60.94526672363281
mimic,pcl,42,56.10666666666667,48.91831588745117
mimic,pcl,42,64.45944444444444,56.983734130859375
mimic,pcl,42,44.19361111111111,46.11895751953125
mimic,pcl,42,120.02527777777777,70.50236511230469
mimic,pcl,42,223.76944444444445,48.00033187866211
mimic,pcl,42,246.20527777777778,46.94992446899414
mimic,pcl,42,33.48444444444445,46.7275390625
mimic,pcl,42,24.005555555555553,44.15180206298828
mimic,pcl,42,76.76555555555555,45.7667350769043
mimic,pcl,42,36.27111111111111,37.38737869262695
mimic,pcl,42,92.64416666666666,52.02110290527344
mimic,pcl,42,36.943333333333335,45.20995330810547
mimic,pcl,42,92.92527777777778,45.389286041259766
mimic,pcl,42,36.4,33.64595031738281
mimic,pcl,42,61.060833333333335,49.12633514404297
mimic,pcl,42,40.989444444444445,46.1815185546875
mimic,pcl,42,160.9638888888889,47.83956527709961
mimic,pcl,42,69.86944444444444,46.04043197631836
mimic,pcl,42,25.28194444444445,38.15572738647461
mimic,pcl,42,541.4283333333334,47.70226287841797
mimic,pcl,42,316.0566666666667,54.36678695678711
mimic,pcl,42,141.69166666666666,49.54728698730469
mimic,pcl,42,26.499722222222225,44.97388458251953
mimic,pcl,42,24.021388888888886,37.05916976928711
mimic,pcl,42,25.84416666666667,36.930809020996094
mimic,pcl,42,289.8902777777778,59.85307312011719
mimic,pcl,42,53.114999999999995,36.22762680053711
mimic,pcl,42,570.8974999999999,57.3804931640625
mimic,pcl,42,262.1336111111111,49.17364501953125
mimic,pcl,42,40.206944444444446,38.22085952758789
mimic,pcl,42,28.99972222222222,44.01700210571289
mimic,pcl,42,43.951944444444436,41.843135833740234
mimic,pcl,42,44.95777777777778,51.66718673706055
mimic,pcl,42,90.67972222222224,54.751407623291016
mimic,pcl,42,196.67916666666667,49.21743392944336
mimic,pcl,42,39.37,38.92906188964844
mimic,pcl,42,74.5411111111111,46.1606559753418
mimic,pcl,42,43.56444444444443,57.62058639526367
mimic,pcl,42,27.887222222222213,41.044456481933594
mimic,pcl,42,75.52999999999999,43.1981086730957
mimic,pcl,42,29.7725,44.19082260131836
mimic,pcl,42,72.13555555555556,46.847957611083984
mimic,pcl,42,60.491944444444435,45.95720672607422
mimic,pcl,42,25.189722222222223,42.70351791381836
mimic,pcl,42,298.95166666666665,53.05865478515625
mimic,pcl,42,688.0413888888888,66.99685668945312
mimic,pcl,42,97.05666666666667,49.19614028930664
mimic,pcl,42,26.814722222222215,35.82801818847656
mimic,pcl,42,101.22111111111111,50.898494720458984
mimic,pcl,42,75.52027777777778,48.49345397949219
mimic,pcl,42,81.69555555555556,55.74388885498047
mimic,pcl,42,67.10416666666666,47.33219909667969
mimic,pcl,42,56.68222222222222,48.9840202331543
mimic,pcl,42,26.90361111111111,41.34305191040039
mimic,pcl,42,236.60638888888883,47.19001770019531
mimic,pcl,42,72.4575,53.57493209838867
mimic,pcl,42,144.6175,42.48707580566406
mimic,pcl,42,71.00472222222223,48.95705795288086
mimic,pcl,42,31.016666666666666,37.72935485839844
mimic,pcl,42,30.267222222222223,41.979984283447266
mimic,pcl,42,206.06055555555557,55.20656967163086
mimic,pcl,42,317.15222222222224,47.04058837890625
mimic,pcl,42,80.58166666666668,68.86430358886719
mimic,pcl,42,28.598333333333333,47.2886848449707
mimic,pcl,42,293.0494444444445,42.715702056884766
mimic,pcl,42,47.2,48.60683059692383
mimic,pcl,42,28.928333333333327,36.20533752441406
mimic,pcl,42,36.44916666666666,43.752750396728516
mimic,pcl,42,36.543055555555554,48.782691955566406
mimic,pcl,42,118.10027777777779,46.564456939697266
mimic,pcl,42,49.726666666666674,44.914798736572266
mimic,pcl,42,25.197222222222223,44.67808151245117
mimic,pcl,42,27.21555555555556,49.5191764831543
mimic,pcl,42,82.51694444444445,55.631038665771484
mimic,pcl,42,116.17722222222221,45.99609375
mimic,pcl,42,43.12916666666666,39.82963180541992
mimic,pcl,42,539.4258333333333,56.140907287597656
mimic,pcl,42,61.562222222222225,59.044795989990234
mimic,pcl,42,93.42722222222223,51.034114837646484
mimic,pcl,42,29.043888888888887,44.00128173828125
mimic,pcl,42,196.02194444444444,45.49338912963867
mimic,pcl,42,118.73666666666668,46.7203254699707
mimic,pcl,42,33.27388888888889,33.46635055541992
mimic,pcl,42,98.75083333333333,48.4835319519043
mimic,pcl,42,39.32944444444445,38.04843521118164
mimic,pcl,42,25.446944444444448,44.43748092651367
mimic,pcl,42,107.23666666666666,48.03878402709961
mimic,pcl,42,57.716111111111104,46.68563461303711
mimic,pcl,42,225.28555555555556,55.425533294677734
mimic,pcl,42,485.7172222222222,44.78028106689453
mimic,pcl,42,46.51083333333333,45.3250732421875
mimic,pcl,42,36.01833333333334,43.18522262573242
mimic,pcl,42,34.008611111111115,40.723323822021484
mimic,pcl,42,75.34777777777778,61.90921401977539
mimic,pcl,42,72.31583333333333,49.24632263183594
mimic,pcl,42,43.34805555555555,41.820804595947266
mimic,pcl,42,35.42611111111111,35.174678802490234
mimic,pcl,42,25.41583333333333,37.75254821777344
mimic,pcl,42,546.9772222222223,67.16813659667969
mimic,pcl,42,46.363333333333344,48.90421676635742
mimic,pcl,42,80.00416666666666,46.24462127685547
mimic,pcl,42,33.471666666666664,33.06153106689453
mimic,pcl,42,25.156111111111112,42.08419418334961
mimic,pcl,42,24.679999999999993,37.55290222167969
mimic,pcl,42,161.11944444444444,49.79717254638672
mimic,pcl,42,29.036666666666665,41.39802551269531
mimic,pcl,42,86.18444444444444,56.068450927734375
mimic,pcl,42,44.488333333333344,49.18080139160156
mimic,pcl,42,282.92527777777775,57.062255859375
mimic,pcl,42,46.86277777777778,50.5666389465332
mimic,pcl,42,43.845555555555556,46.23221969604492
mimic,pcl,42,30.603888888888886,31.160198211669922
mimic,pcl,42,68.56472222222222,55.73301315307617
mimic,pcl,42,83.04444444444444,48.281612396240234
mimic,pcl,42,211.84527777777777,56.21607971191406
mimic,pcl,42,29.299166666666665,45.097877502441406
mimic,pcl,42,90.35611111111112,48.70319747924805
mimic,pcl,42,104.00638888888888,48.09980773925781
mimic,pcl,42,180.79527777777778,56.08777618408203
mimic,pcl,42,489.7966666666666,64.62959289550781
mimic,pcl,42,117.64527777777778,56.09833908081055
mimic,pcl,42,29.509166666666665,30.473495483398438
mimic,pcl,42,179.8113888888889,58.45917510986328
mimic,pcl,42,45.88333333333333,47.13582992553711
mimic,pcl,42,232.70499999999998,47.65537643432617
mimic,pcl,42,35.63333333333334,43.313392639160156
mimic,pcl,42,337.2969444444444,57.48394775390625
mimic,pcl,42,549.27,55.32064437866211
mimic,pcl,42,77.42138888888888,45.11080551147461
mimic,pcl,42,54.716944444444444,47.7052116394043
mimic,pcl,42,42.5975,43.18010330200195
mimic,pcl,42,41.30722222222222,35.529212951660156
mimic,pcl,42,99.04805555555556,48.747894287109375
mimic,pcl,42,394.69888888888886,52.212913513183594
mimic,pcl,42,36.51888888888889,36.57477569580078
mimic,pcl,42,55.57944444444445,53.77275466918945
mimic,pcl,42,142.8913888888889,48.48307418823242
mimic,pcl,42,53.81111111111111,59.17988586425781
mimic,pcl,42,191.62194444444447,47.42009735107422
mimic,pcl,42,37.70027777777777,31.916584014892578
mimic,pcl,42,35.216944444444444,33.42158508300781
mimic,pcl,42,270.01194444444445,65.44375610351562
mimic,pcl,42,61.435833333333335,50.86397171020508
mimic,pcl,42,66.32388888888889,56.34735107421875
mimic,pcl,42,90.84222222222223,60.05630111694336
mimic,pcl,42,43.37805555555555,40.16093826293945
mimic,pcl,42,34.06666666666667,34.06190872192383
mimic,pcl,42,29.176666666666666,42.66981506347656
mimic,pcl,42,147.19194444444446,54.73705291748047
mimic,pcl,42,54.46527777777777,50.274906158447266
mimic,pcl,42,25.875277777777775,38.43975067138672
mimic,pcl,42,240.4488888888889,47.105079650878906
mimic,pcl,42,69.35749999999999,48.8654899597168
mimic,pcl,42,31.48694444444444,44.42035675048828
mimic,pcl,42,91.05555555555556,47.25204086303711
mimic,pcl,42,102.19583333333335,63.252723693847656
mimic,pcl,42,74.36666666666666,47.13566970825195
mimic,pcl,42,97.68472222222222,48.862648010253906
mimic,pcl,42,31.174722222222226,38.73867416381836
mimic,pcl,42,98.9238888888889,46.37567901611328
mimic,pcl,42,30.0925,46.1824951171875
mimic,pcl,42,98.8852777777778,63.643104553222656
mimic,pcl,42,28.259722222222223,26.12805938720703
mimic,pcl,42,115.16222222222223,58.591331481933594
mimic,pcl,42,38.87777777777778,38.77455139160156
mimic,pcl,42,42.776666666666664,47.45179748535156
mimic,pcl,42,27.655,44.44209671020508
mimic,pcl,42,49.76583333333333,57.670528411865234
mimic,pcl,42,302.52416666666664,64.15234375
mimic,pcl,42,28.073611111111113,46.13764572143555
mimic,pcl,42,218.7525,49.62595748901367
mimic,pcl,42,49.0886111111111,47.28032684326172
mimic,pcl,42,106.35138888888889,50.67228317260742
mimic,pcl,42,28.121388888888887,40.25056457519531
mimic,pcl,42,37.80638888888888,46.776573181152344
mimic,pcl,42,28.004166666666666,37.59492492675781
mimic,pcl,42,170.2713888888889,63.82855987548828
mimic,pcl,42,44.80138888888889,46.90798568725586
mimic,pcl,42,33.54611111111112,45.757904052734375
mimic,pcl,42,1220.641111111111,53.29132843017578
mimic,pcl,42,205.13333333333333,61.49595260620117
mimic,pcl,42,70.14527777777778,47.136573791503906
mimic,pcl,42,81.28999999999999,51.48461151123047
mimic,pcl,42,26.90777777777777,36.262542724609375
mimic,pcl,42,59.733333333333334,48.13505554199219
mimic,pcl,42,63.1402777777778,50.54667663574219
mimic,pcl,42,33.5325,31.683029174804688
mimic,pcl,42,50.126666666666665,49.481021881103516
mimic,pcl,42,36.62583333333333,36.96205520629883
mimic,pcl,42,28.492222222222217,43.26123046875
mimic,pcl,42,49.273333333333326,45.287513732910156
mimic,pcl,42,122.39916666666667,45.22868728637695
mimic,pcl,42,26.61333333333333,35.95663833618164
mimic,pcl,42,61.66944444444444,48.09185791015625
mimic,pcl,42,53.47,46.7537841796875
mimic,pcl,42,45.1263888888889,43.53874588012695
mimic,pcl,42,260.8358333333333,63.74700164794922
mimic,pcl,42,101.19416666666666,45.91494369506836
mimic,pcl,42,77.06194444444445,46.72586441040039
mimic,pcl,42,162.70916666666668,47.80718231201172
mimic,pcl,42,90.81333333333333,46.64842987060547
mimic,pcl,42,47.07805555555555,45.62767791748047
mimic,pcl,42,570.1569444444444,49.67570114135742
mimic,pcl,42,45.18444444444444,49.28929901123047
mimic,pcl,42,68.59,46.24276351928711
mimic,pcl,42,74.03611111111111,53.870731353759766
mimic,pcl,42,116.67277777777778,55.43339157104492
mimic,pcl,42,95.69472222222221,46.55374526977539
mimic,pcl,42,398.3758333333334,53.76591110229492
mimic,pcl,42,692.3855555555556,42.375667572021484
mimic,pcl,42,54.30833333333334,52.21216583251953
mimic,pcl,42,116.94638888888889,49.204444885253906
mimic,pcl,42,152.3022222222222,48.96128845214844
mimic,pcl,42,109.47749999999999,51.583763122558594
mimic,pcl,42,89.28027777777777,48.3741340637207
mimic,pcl,42,223.1152777777778,54.98033905029297
mimic,pcl,42,34.463611111111106,34.43197250366211
mimic,pcl,42,74.31472222222223,59.582889556884766
mimic,pcl,42,63.11638888888889,61.38519287109375
mimic,pcl,42,73.82583333333332,45.99530029296875
mimic,pcl,42,34.140277777777776,33.340354919433594
mimic,pcl,42,89.05999999999999,45.186668395996094
mimic,pcl,42,47.94861111111111,45.53789520263672
mimic,pcl,42,26.393611111111113,42.197540283203125
mimic,pcl,42,34.764444444444436,35.17731857299805
mimic,pcl,42,54.47583333333333,46.94825744628906
mimic,pcl,42,68.97333333333333,46.904239654541016
mimic,pcl,42,44.71722222222223,42.28760528564453
mimic,pcl,42,25.04416666666667,26.083106994628906
mimic,pcl,42,78.41861111111112,54.156982421875
mimic,pcl,42,42.723333333333336,42.072967529296875
mimic,pcl,42,43.70722222222222,41.866310119628906
mimic,pcl,42,82.79861111111111,47.58885955810547
mimic,pcl,42,77.36611111111111,43.20704650878906
mimic,pcl,42,83.44527777777778,55.6351432800293
mimic,pcl,42,220.17222222222222,49.35865020751953
mimic,pcl,42,45.04166666666667,42.091888427734375
mimic,pcl,42,25.09361111111111,36.35344696044922
mimic,pcl,42,119.04194444444445,52.908748626708984
mimic,pcl,42,49.464166666666664,45.4128303527832
mimic,pcl,42,64.02805555555555,45.86367416381836
mimic,pcl,42,29.33138888888889,44.63304901123047
mimic,pcl,42,44.156388888888884,47.99309158325195
mimic,pcl,42,138.28416666666666,48.33192825317383
mimic,pcl,42,27.248333333333342,42.89624786376953
mimic,pcl,42,101.14138888888888,47.45393371582031
mimic,pcl,42,108.22333333333333,50.7884521484375
mimic,pcl,42,88.40527777777778,46.72112274169922
mimic,pcl,42,136.07999999999998,45.355899810791016
mimic,pcl,42,25.049999999999997,27.44093132019043
mimic,pcl,42,62.156666666666666,47.20680618286133
mimic,pcl,42,71.85361111111112,46.157100677490234
mimic,pcl,42,33.304722222222225,34.27806091308594
mimic,pcl,42,84.50444444444445,53.21339416503906
mimic,pcl,42,95.19611111111112,60.90971374511719
mimic,pcl,42,71.40694444444445,61.53819274902344
mimic,pcl,42,315.03583333333336,48.55274963378906
mimic,pcl,42,28.76555555555555,29.027559280395508
mimic,pcl,42,143.97916666666669,47.57340621948242
mimic,pcl,42,135.08944444444444,52.966461181640625
mimic,pcl,42,178.5911111111111,57.599849700927734
mimic,pcl,42,39.87833333333333,37.779075622558594
mimic,pcl,42,115.93555555555555,54.9311408996582
mimic,pcl,42,204.98000000000002,47.66669845581055
mimic,pcl,42,74.29805555555555,53.21808624267578
mimic,pcl,42,55.91083333333334,48.529388427734375
mimic,pcl,42,40.83222222222223,39.083984375
mimic,pcl,42,307.7994444444445,62.37985610961914
mimic,pcl,42,82.12916666666666,52.06249237060547
mimic,pcl,42,377.6933333333333,55.029052734375
mimic,pcl,42,30.376944444444444,47.073974609375
mimic,pcl,42,65.56583333333333,49.122283935546875
mimic,pcl,42,37.290277777777774,35.69535446166992
mimic,pcl,42,54.083333333333336,47.39455795288086
mimic,pcl,42,98.4325,45.548091888427734
mimic,pcl,42,124.32166666666666,49.04068374633789
mimic,pcl,42,41.155833333333334,45.21018600463867
mimic,pcl,42,61.884166666666665,53.89472961425781
mimic,pcl,42,54.784444444444446,47.19475173950195
mimic,pcl,42,371.18083333333334,51.31925964355469
mimic,pcl,42,118.56583333333333,47.42909240722656
mimic,pcl,42,766.3211111111111,55.927555084228516
mimic,pcl,42,104.28777777777776,45.992252349853516
mimic,pcl,42,494.71277777777783,70.99269104003906
mimic,pcl,42,327.8313888888889,51.50339889526367
mimic,pcl,42,29.79361111111111,29.751802444458008
mimic,pcl,42,81.15777777777778,50.18865966796875
mimic,pcl,42,53.01111111111111,47.94309997558594
mimic,pcl,42,103.00777777777779,47.382259368896484
mimic,pcl,42,136.7602777777778,44.837554931640625
mimic,pcl,42,34.279444444444444,43.45269012451172
mimic,pcl,42,41.340833333333336,40.948394775390625
mimic,pcl,42,27.08833333333334,43.9006462097168
mimic,pcl,42,98.875,46.83557891845703
mimic,pcl,42,38.16611111111111,37.24179458618164
mimic,pcl,42,70.69027777777778,46.9014778137207
mimic,pcl,42,61.86055555555556,59.51486587524414
mimic,pcl,42,47.07083333333334,37.854000091552734
mimic,pcl,42,98.4075,53.941314697265625
mimic,pcl,42,43.615833333333335,43.01422119140625
mimic,pcl,42,59.97277777777778,58.29320526123047
mimic,pcl,42,287.13777777777784,59.82209014892578
mimic,pcl,42,260.69972222222225,48.31421661376953
mimic,pcl,42,97.44916666666666,44.89868927001953
mimic,pcl,42,26.472499999999997,42.63064193725586
mimic,pcl,42,46.05027777777778,41.87659454345703
mimic,pcl,42,71.5777777777778,49.494747161865234
mimic,pcl,42,75.88277777777778,48.704158782958984
mimic,pcl,42,24.788611111111116,25.828760147094727
mimic,pcl,42,24.541666666666664,26.237255096435547
mimic,pcl,42,24.02777777777778,35.73402786254883
mimic,pcl,42,207.74333333333334,46.253238677978516
mimic,pcl,42,55.208333333333336,52.50492858886719
mimic,pcl,42,274.24527777777786,61.92772674560547
mimic,pcl,42,62.56777777777778,45.38508605957031
mimic,pcl,42,50.00611111111111,43.792057037353516
mimic,pcl,42,49.020833333333336,45.53866195678711
mimic,pcl,42,101.09833333333333,45.8095703125
mimic,pcl,42,29.76611111111111,37.59897994995117
mimic,pcl,42,319.4197222222222,51.23119354248047
mimic,pcl,42,187.06194444444446,53.19335174560547
mimic,pcl,42,96.53805555555556,49.736000061035156
mimic,pcl,42,140.07722222222222,49.633018493652344
mimic,pcl,42,33.88194444444444,34.9619140625
mimic,pcl,42,87.78027777777777,46.7470703125
mimic,pcl,42,71.12555555555555,47.39128112792969
mimic,pcl,42,222.19305555555556,48.48365020751953
mimic,pcl,42,30.788611111111116,29.431245803833008
mimic,pcl,42,56.552777777777784,45.91804122924805
mimic,pcl,42,86.35277777777779,58.19557571411133
mimic,pcl,42,39.83361111111111,41.20988845825195
mimic,pcl,42,80.41305555555554,48.80648422241211
mimic,pcl,42,76.53555555555556,50.00946044921875
mimic,pcl,42,102.33055555555556,53.476600646972656
mimic,pcl,42,41.276666666666664,37.62812805175781
mimic,pcl,42,66.96555555555557,50.6300163269043
mimic,pcl,42,27.519722222222228,38.74619674682617
mimic,pcl,42,26.128055555555555,35.64394760131836
mimic,pcl,42,360.33888888888896,45.8897819519043
mimic,pcl,42,39.725,37.43999099731445
mimic,pcl,42,187.5822222222222,61.053768157958984
mimic,pcl,42,46.443333333333335,47.213287353515625
mimic,pcl,42,56.18444444444444,48.04942321777344
mimic,pcl,42,48.56027777777777,65.10539245605469
mimic,pcl,42,36.56055555555555,33.1823844909668
mimic,pcl,42,98.04333333333335,49.75756072998047
mimic,pcl,42,99.12777777777777,45.09962463378906
mimic,pcl,42,41.825833333333335,40.28772735595703
mimic,pcl,42,45.58416666666666,46.05077362060547
mimic,pcl,42,28.32111111111111,42.540672302246094
mimic,pcl,42,96.92083333333335,52.319576263427734
mimic,pcl,42,232.76083333333332,71.69384765625
mimic,pcl,42,70.67527777777778,47.6586799621582
mimic,pcl,42,30.13972222222222,27.398954391479492
mimic,pcl,42,31.43888888888889,43.10553741455078
mimic,pcl,42,24.075000000000003,33.153472900390625
mimic,pcl,42,101.4625,45.92862319946289
mimic,pcl,42,50.94555555555556,47.17566680908203
mimic,pcl,42,28.54888888888889,43.66482162475586
mimic,pcl,42,268.4197222222222,53.594974517822266
mimic,pcl,42,218.85194444444443,47.6218147277832
mimic,pcl,42,517.5422222222222,46.02015686035156
mimic,pcl,42,96.82333333333335,50.5093879699707
mimic,pcl,42,175.95305555555555,62.30537414550781
mimic,pcl,42,28.468888888888888,48.02357482910156
mimic,pcl,42,47.52222222222221,46.28184127807617
mimic,pcl,42,31.600833333333334,33.820762634277344
mimic,pcl,42,82.15361111111112,48.0859375
mimic,pcl,42,72.24,48.3646125793457
mimic,pcl,42,33.412499999999994,43.33186340332031
mimic,pcl,42,169.36944444444444,48.35098648071289
mimic,pcl,42,37.83416666666667,37.36835479736328
mimic,pcl,42,47.42916666666666,47.27061462402344
mimic,pcl,42,185.4325,58.89883804321289
mimic,pcl,42,313.04083333333335,59.291072845458984
mimic,pcl,42,80.25194444444445,47.74406051635742
mimic,pcl,42,88.33000000000001,46.136959075927734
mimic,pcl,42,89.1086111111111,49.6052131652832
mimic,pcl,42,214.19694444444445,59.802894592285156
mimic,pcl,42,39.969166666666666,38.76523208618164
mimic,pcl,42,51.40111111111112,48.576847076416016
mimic,pcl,42,27.717499999999998,43.30648422241211
mimic,pcl,42,125.58138888888888,49.04830551147461
mimic,pcl,42,45.98527777777778,49.34128952026367
mimic,pcl,42,476.6561111111111,48.902809143066406
mimic,pcl,42,28.889166666666668,38.44803237915039
mimic,pcl,42,191.32055555555553,53.23260498046875
mimic,pcl,42,63.08388888888889,47.32706069946289
mimic,pcl,42,44.04194444444444,43.30976867675781
mimic,pcl,42,102.0736111111111,47.96201705932617
mimic,pcl,42,49.76,48.096012115478516
mimic,pcl,42,74.30833333333335,49.349754333496094
mimic,pcl,42,71.99833333333335,45.614707946777344
mimic,pcl,42,39.73972222222222,39.758541107177734
mimic,pcl,42,79.8775,45.303428649902344
mimic,pcl,42,43.005833333333335,44.96936798095703
mimic,pcl,42,50.68000000000001,47.72541046142578
mimic,pcl,42,55.94916666666667,46.38764190673828
mimic,pcl,42,42.555,43.221317291259766
mimic,pcl,42,35.816944444444445,44.557464599609375
mimic,pcl,42,45.18555555555555,48.26322937011719
mimic,pcl,42,41.1425,37.07288360595703
mimic,pcl,42,41.0225,37.475135803222656
mimic,pcl,42,39.551944444444445,37.60459518432617
mimic,pcl,42,24.285555555555554,24.943098068237305
mimic,pcl,42,479.6441666666667,47.76169204711914
mimic,pcl,42,163.0077777777778,62.9124755859375
mimic,pcl,42,54.16416666666666,43.369075775146484
mimic,pcl,42,40.391111111111115,39.93787384033203
mimic,pcl,42,34.26583333333333,34.279441833496094
mimic,pcl,42,24.564166666666665,46.044456481933594
mimic,pcl,42,53.58527777777779,46.38722610473633
mimic,pcl,42,50.55972222222222,54.915992736816406
mimic,pcl,42,88.27305555555556,42.866119384765625
mimic,pcl,42,49.829166666666666,60.02410888671875
mimic,pcl,42,123.39722222222221,47.86148452758789
mimic,pcl,42,47.07555555555556,49.481624603271484
mimic,pcl,42,52.84583333333333,53.474796295166016
mimic,pcl,42,42.1425,43.57841491699219
mimic,pcl,42,750.6902777777777,47.874603271484375
mimic,pcl,42,51.5475,49.27019119262695
mimic,pcl,42,37.82527777777777,44.33304977416992
mimic,pcl,42,39.218333333333334,38.77259826660156
mimic,pcl,42,94.76305555555555,58.50069808959961
mimic,pcl,42,67.37194444444444,57.08723449707031
mimic,pcl,42,25.028055555555557,44.11830520629883
mimic,pcl,42,170.33888888888887,53.48809814453125
mimic,pcl,42,250.95388888888888,56.99352264404297
mimic,pcl,42,63.73555555555556,48.073768615722656
mimic,pcl,42,380.40749999999997,47.08610534667969
mimic,pcl,42,73.23305555555555,52.66074752807617
mimic,pcl,42,74.26861111111111,46.29916000366211
mimic,pcl,42,59.045277777777784,43.836856842041016
mimic,pcl,42,156.1822222222222,46.65776824951172
mimic,pcl,42,88.30888888888889,55.93944549560547
mimic,pcl,42,72.11222222222221,45.66525650024414
mimic,pcl,42,28.238333333333337,38.20918273925781
mimic,pcl,42,93.0311111111111,63.385215759277344
mimic,pcl,42,28.95638888888889,36.277400970458984
mimic,pcl,42,46.56388888888888,50.035552978515625
mimic,pcl,42,30.8425,44.74290466308594
mimic,pcl,42,52.55444444444444,44.87284851074219
mimic,pcl,42,243.3436111111111,53.30073928833008
mimic,pcl,42,50.752222222222215,46.29261779785156
mimic,pcl,42,91.01249999999999,49.23538589477539
mimic,pcl,42,80.75277777777778,48.85832214355469
mimic,pcl,42,31.759166666666665,43.42195510864258
mimic,pcl,42,34.76555555555555,36.34203338623047
mimic,pcl,42,91.4036111111111,61.278995513916016
mimic,pcl,42,269.85361111111115,59.90907287597656
mimic,pcl,42,193.06083333333333,46.43507385253906
mimic,pcl,42,45.2675,46.97320556640625
mimic,pcl,42,51.161944444444444,55.89580535888672
mimic,pcl,42,71.37361111111112,45.829383850097656
mimic,pcl,42,107.54611111111112,50.29437255859375
mimic,pcl,42,131.86944444444444,44.598388671875
mimic,pcl,42,55.621666666666684,49.32106018066406
mimic,pcl,42,287.9111111111111,46.15847396850586
mimic,pcl,42,112.87194444444444,48.385223388671875
mimic,pcl,42,66.37916666666666,49.208744049072266
mimic,pcl,42,97.17416666666668,56.72909927368164
mimic,pcl,42,26.455000000000005,45.815677642822266
mimic,pcl,42,148.22805555555556,48.694618225097656
mimic,pcl,42,216.70583333333337,59.787010192871094
mimic,pcl,42,294.24611111111113,44.18364715576172
mimic,pcl,42,65.55666666666667,44.22570037841797
mimic,pcl,42,205.76888888888888,57.420509338378906
mimic,pcl,42,137.83277777777778,54.99051284790039
mimic,pcl,42,41.044444444444444,39.42823791503906
mimic,pcl,42,47.279444444444444,49.671653747558594
mimic,pcl,42,26.320277777777775,43.996944427490234
mimic,pcl,42,38.12055555555556,36.913692474365234
mimic,pcl,42,126.5591666666667,45.25874328613281
mimic,pcl,42,40.48444444444444,45.60760498046875
mimic,pcl,42,32.27194444444444,43.384300231933594
mimic,pcl,42,53.80027777777777,47.53224182128906
mimic,pcl,42,468.42777777777786,50.57011795043945
mimic,pcl,42,172.0425,64.01349639892578
mimic,pcl,42,336.1258333333334,50.332763671875
mimic,pcl,42,73.42138888888888,63.785980224609375
mimic,pcl,42,25.79944444444445,36.69921112060547
mimic,pcl,42,81.67916666666666,45.91940689086914
mimic,pcl,42,28.565277777777776,29.53857421875
mimic,pcl,42,50.74277777777779,47.07968521118164
mimic,pcl,42,31.335833333333333,31.823410034179688
mimic,pcl,42,48.449999999999996,61.116912841796875
mimic,pcl,42,37.12,42.3972053527832
mimic,pcl,42,25.461388888888884,36.46486282348633
mimic,pcl,42,167.1161111111111,46.67051696777344
mimic,pcl,42,48.67277777777778,47.29156494140625
mimic,pcl,42,114.51833333333332,46.72777557373047
mimic,pcl,42,39.57083333333334,39.87690734863281
mimic,pcl,42,128.23194444444445,47.800201416015625
mimic,pcl,42,80.51527777777778,53.76601791381836
mimic,pcl,42,53.42111111111112,47.22827911376953
mimic,pcl,42,77.74055555555556,49.00617980957031
mimic,pcl,42,39.06583333333334,43.25418472290039
mimic,pcl,42,126.33666666666667,48.33846664428711
mimic,pcl,42,53.54083333333334,52.73273468017578
mimic,pcl,42,60.185555555555545,49.968807220458984
mimic,pcl,42,63.56277777777778,57.877750396728516
mimic,pcl,42,77.35333333333334,48.81706619262695
mimic,pcl,42,36.51305555555555,34.55796432495117
mimic,pcl,42,57.973055555555554,53.37234115600586
mimic,pcl,42,27.488611111111112,45.92229080200195
mimic,pcl,42,28.901111111111113,38.4975471496582
mimic,pcl,42,106.60555555555555,48.60409927368164
mimic,pcl,42,96.14722222222224,43.47028732299805
mimic,pcl,42,69.32166666666667,57.86107635498047
mimic,pcl,42,49.89638888888889,45.15276336669922
mimic,pcl,42,179.91583333333335,48.711753845214844
mimic,pcl,42,48.251111111111115,46.530006408691406
mimic,pcl,42,60.85166666666667,46.62234115600586
mimic,pcl,42,54.12444444444445,52.63962936401367
mimic,pcl,42,45.918055555555554,46.379981994628906
mimic,pcl,42,44.78194444444445,47.92142105102539
mimic,pcl,42,65.95805555555555,45.449981689453125
mimic,pcl,42,87.58305555555556,52.031898498535156
mimic,pcl,42,46.318055555555546,41.04435729980469
mimic,pcl,42,229.10944444444445,63.07994842529297
mimic,pcl,42,34.41583333333333,43.177101135253906
mimic,pcl,42,98.03722222222223,56.79743194580078
mimic,pcl,42,97.61861111111111,62.9655876159668
mimic,pcl,42,52.00694444444444,47.55332946777344
mimic,pcl,42,63.36,46.237850189208984
mimic,pcl,42,435.00694444444446,57.34211730957031
mimic,pcl,42,117.4736111111111,46.753170013427734
mimic,pcl,42,150.10583333333335,45.80431365966797
mimic,pcl,42,73.33083333333333,45.905357360839844
mimic,pcl,42,176.0402777777778,51.84730529785156
mimic,pcl,42,126.95305555555555,55.85474395751953
mimic,pcl,42,228.45888888888888,47.74570846557617
mimic,pcl,42,34.564166666666665,43.37487030029297
mimic,pcl,42,38.76472222222222,41.19472885131836
mimic,pcl,42,53.939166666666665,48.255584716796875
mimic,pcl,42,114.97166666666666,47.42964553833008
mimic,pcl,42,27.815555555555555,42.288658142089844
mimic,pcl,42,40.571666666666665,37.790225982666016
mimic,pcl,42,72.25666666666666,55.69826126098633
mimic,pcl,42,95.57805555555555,47.99195861816406
mimic,pcl,42,51.42388888888889,48.56875228881836
mimic,pcl,42,36.4225,35.70064926147461
mimic,pcl,42,28.60333333333333,45.24579620361328
mimic,pcl,42,38.31805555555556,38.702857971191406
mimic,pcl,42,76.27166666666668,45.953369140625
mimic,pcl,42,78.84444444444445,54.821632385253906
mimic,pcl,42,85.18805555555555,47.82883071899414
mimic,pcl,42,104.55805555555557,48.35422134399414
mimic,pcl,42,176.11777777777777,39.30379867553711
mimic,pcl,42,105.95611111111111,55.028568267822266
mimic,pcl,42,253.39944444444438,48.448246002197266
mimic,pcl,42,78.03777777777778,57.72650909423828
mimic,pcl,42,44.977222222222224,47.92534255981445
mimic,pcl,42,29.661944444444444,28.259750366210938
mimic,pcl,42,29.50472222222222,30.609285354614258
mimic,pcl,42,50.77638888888889,43.99253463745117
mimic,pcl,42,147.19,45.66384506225586
mimic,pcl,42,135.46833333333333,56.5954704284668
mimic,pcl,42,37.14944444444444,41.88273620605469
mimic,pcl,42,28.82888888888889,46.787986755371094
mimic,pcl,42,72.33555555555556,47.08393859863281
mimic,pcl,42,33.10694444444444,41.899375915527344
mimic,pcl,42,42.22805555555556,47.518280029296875
mimic,pcl,42,54.81277777777778,47.84014892578125
mimic,pcl,42,32.760555555555555,41.74513626098633
mimic,pcl,42,52.05833333333334,53.65782928466797
mimic,pcl,42,73.84222222222223,45.51617431640625
mimic,pcl,42,30.755000000000003,30.17495346069336
mimic,pcl,42,128.65555555555557,47.96932601928711
mimic,pcl,42,50.2363888888889,50.62281799316406
mimic,pcl,42,592.9005555555555,62.10630416870117
mimic,pcl,42,29.486666666666665,33.45848846435547
mimic,pcl,42,25.705833333333338,31.023475646972656
mimic,pcl,42,86.63055555555556,49.222511291503906
mimic,pcl,42,212.09305555555554,44.89333724975586
mimic,pcl,42,47.288611111111116,49.14192199707031
mimic,pcl,42,310.01194444444445,49.02442169189453
mimic,pcl,42,48.302777777777784,47.1098518371582
mimic,pcl,42,76.33694444444444,47.36479949951172
mimic,pcl,42,81.1036111111111,54.314300537109375
mimic,pcl,42,188.09,48.64458465576172
mimic,pcl,42,38.20916666666667,34.929466247558594
mimic,pcl,42,31.061944444444443,30.62303352355957
mimic,pcl,42,39.188333333333325,33.31406784057617
mimic,pcl,42,145.89111111111112,46.86243438720703
mimic,pcl,42,35.05638888888889,40.95269775390625
mimic,pcl,42,268.7030555555556,56.26575469970703
mimic,pcl,42,41.388333333333335,38.33634567260742
mimic,pcl,42,178.4738888888889,63.777015686035156
mimic,pcl,42,111.78472222222226,64.38706970214844
mimic,pcl,42,251.03833333333333,49.03013610839844
mimic,pcl,42,26.814166666666665,39.759098052978516
mimic,pcl,42,87.95027777777779,49.79700469970703
mimic,pcl,42,115.47666666666667,49.5752067565918
mimic,pcl,42,128.3525,47.1707763671875
mimic,pcl,42,33.656111111111116,41.1048469543457
mimic,pcl,42,52.605000000000004,46.124114990234375
mimic,pcl,42,53.7625,45.260780334472656
mimic,pcl,42,31.356666666666662,39.965789794921875
mimic,pcl,42,65.25861111111111,54.342926025390625
mimic,pcl,42,54.44722222222222,46.51665115356445
mimic,pcl,42,97.4966666666667,44.46271896362305
mimic,pcl,42,90.8575,58.52042007446289
mimic,pcl,42,26.520555555555564,39.42835235595703
mimic,pcl,42,52.702222222222225,53.433677673339844
mimic,pcl,42,25.640555555555554,32.21174240112305
mimic,pcl,42,90.69277777777778,50.62222671508789
mimic,pcl,42,145.28444444444443,48.47724533081055
mimic,pcl,42,24.008055555555558,38.464599609375
mimic,pcl,42,29.828888888888887,24.80683708190918
mimic,pcl,42,194.1475,56.31159210205078
mimic,pcl,42,62.2863888888889,58.908607482910156
mimic,pcl,42,36.004444444444445,42.77956771850586
mimic,pcl,42,41.037222222222226,45.08908462524414
mimic,pcl,42,28.89944444444444,41.09718704223633
mimic,pcl,42,69.91777777777779,57.74522018432617
mimic,pcl,42,58.17361111111111,52.06367111206055
mimic,pcl,42,24.088055555555556,31.576114654541016
mimic,pcl,42,25.759166666666665,42.09571075439453
mimic,pcl,42,76.48805555555555,55.10508346557617
mimic,pcl,42,41.52722222222223,40.18948745727539
mimic,pcl,42,226.23722222222216,54.968116760253906
mimic,pcl,42,37.92638888888889,36.97268295288086
mimic,pcl,42,186.50138888888887,49.383819580078125
mimic,pcl,42,143.38166666666666,43.02678298950195
mimic,pcl,42,31.44222222222222,35.57462692260742
mimic,pcl,42,27.57472222222222,34.1539306640625
mimic,pcl,42,45.99166666666667,56.03096389770508
mimic,pcl,42,71.42583333333334,65.23658752441406
mimic,pcl,42,38.931666666666665,40.08137893676758
mimic,pcl,42,32.00444444444444,36.226844787597656
mimic,pcl,42,31.737499999999997,43.265811920166016
mimic,pcl,42,26.40277777777778,42.64464569091797
mimic,pcl,42,38.025555555555556,41.5941047668457
mimic,pcl,42,34.690000000000005,32.46049499511719
mimic,pcl,42,44.31555555555555,54.02857208251953
mimic,pcl,42,30.106944444444437,36.818241119384766
mimic,pcl,42,36.21944444444444,33.71935272216797
mimic,pcl,42,49.14777777777778,47.67988204956055
mimic,pcl,42,94.83888888888889,55.01734924316406
mimic,pcl,42,49.74527777777777,52.87091064453125
mimic,pcl,42,295.2597222222222,49.79276657104492
mimic,pcl,42,28.415277777777785,36.1131706237793
mimic,pcl,42,100.35416666666666,49.45085906982422
mimic,pcl,42,138.97416666666666,49.540802001953125
mimic,pcl,42,32.65361111111111,43.47904586791992
mimic,pcl,42,49.92833333333333,45.996768951416016
mimic,pcl,42,24.261388888888888,28.59425926208496
mimic,pcl,42,77.26527777777778,48.241188049316406
mimic,pcl,42,77.69416666666666,45.06639099121094
mimic,pcl,42,43.94583333333333,45.98601150512695
mimic,pcl,42,25.01305555555555,36.961395263671875
mimic,pcl,42,48.88666666666667,46.177085876464844
mimic,pcl,42,31.086666666666666,45.55213165283203
mimic,pcl,42,26.48388888888889,40.13862991333008
mimic,pcl,42,82.61916666666667,44.33981704711914
mimic,pcl,42,36.45666666666668,44.69990921020508
mimic,pcl,42,146.48944444444444,57.42234802246094
mimic,pcl,42,607.1277777777779,55.98143768310547
mimic,pcl,42,44.99694444444444,47.541812896728516
mimic,pcl,42,51.82166666666666,51.650211334228516
mimic,pcl,42,36.95333333333333,44.49565887451172
mimic,pcl,42,42.224722222222226,39.15202713012695
mimic,pcl,42,58.734999999999985,47.77835464477539
mimic,pcl,42,66.13138888888889,52.62042236328125
mimic,pcl,42,69.84194444444444,50.550498962402344
mimic,pcl,42,48.67916666666666,44.80019760131836
mimic,pcl,42,131.26361111111112,54.39213943481445
mimic,pcl,42,36.39833333333333,35.730716705322266
mimic,pcl,42,24.55138888888889,44.51154327392578
mimic,pcl,42,95.43666666666667,53.94938659667969
mimic,pcl,42,200.2802777777778,46.40495300292969
mimic,pcl,42,33.10805555555556,43.69066619873047
mimic,pcl,42,72.15277777777779,45.9001579284668
mimic,pcl,42,28.53777777777778,44.073341369628906
mimic,pcl,42,68.3675,55.5981559753418
mimic,pcl,42,128.28527777777776,54.73955154418945
mimic,pcl,42,53.18722222222222,53.695343017578125
mimic,pcl,42,120.59888888888888,55.34068298339844
mimic,pcl,42,39.03666666666667,38.63795471191406
mimic,pcl,42,103.61638888888889,50.47481918334961
mimic,pcl,42,715.8688888888889,66.35429382324219
mimic,pcl,42,34.859722222222224,29.813995361328125
mimic,pcl,42,76.2786111111111,54.71074676513672
mimic,pcl,42,37.79333333333332,38.02539825439453
mimic,pcl,42,25.02305555555556,46.16435623168945
mimic,pcl,42,106.50277777777778,57.77360153198242
mimic,pcl,42,50.29416666666667,42.31138229370117
mimic,pcl,42,47.96444444444444,48.067039489746094
mimic,pcl,42,53.92333333333333,46.58308410644531
mimic,pcl,42,24.161944444444444,26.450061798095703
mimic,pcl,42,69.56805555555556,51.3470344543457
mimic,pcl,42,281.32527777777784,48.47650146484375
mimic,pcl,42,56.33972222222222,55.39944076538086
mimic,pcl,42,32.156666666666666,36.40384292602539
mimic,pcl,42,27.764166666666668,27.710956573486328
mimic,pcl,42,26.076388888888886,44.19407653808594
mimic,pcl,42,51.95527777777778,48.38718032836914
mimic,pcl,42,68.75583333333333,52.81681442260742
mimic,pcl,42,245.3055555555556,54.699432373046875
mimic,pcl,42,210.83888888888887,46.51651382446289
mimic,pcl,42,43.3475,41.20761489868164
mimic,pcl,42,31.754444444444445,41.52973937988281
mimic,pcl,42,37.20833333333333,45.760704040527344
mimic,pcl,42,44.041666666666664,55.82590866088867
mimic,pcl,42,550.3522222222223,55.980621337890625
mimic,pcl,42,115.93833333333333,64.63265991210938
mimic,pcl,42,251.34166666666664,60.557708740234375
mimic,pcl,42,815.3919444444443,54.83345413208008
mimic,pcl,42,46.92249999999999,49.75871276855469
mimic,pcl,42,40.04361111111111,46.239959716796875
mimic,pcl,42,101.94444444444444,46.953182220458984
mimic,pcl,42,31.119444444444447,43.73198318481445
mimic,pcl,42,44.07194444444444,41.33186721801758
mimic,pcl,42,34.71333333333334,32.56028366088867
mimic,pcl,42,105.50444444444446,54.050724029541016
mimic,pcl,42,28.248888888888892,28.00090980529785
mimic,pcl,42,47.38999999999999,48.25100326538086
mimic,pcl,42,311.2269444444445,60.54573440551758
mimic,pcl,42,128.00055555555556,53.2718620300293
mimic,pcl,42,55.64388888888889,48.462608337402344
mimic,pcl,42,88.17277777777778,58.99602508544922
mimic,pcl,42,64.04638888888888,45.28322219848633
mimic,pcl,42,91.84444444444445,46.78163146972656
mimic,pcl,42,61.7238888888889,46.52094268798828
mimic,pcl,42,177.28027777777777,52.77231979370117
mimic,pcl,42,404.7077777777778,44.8578987121582
mimic,pcl,42,25.384444444444444,36.051204681396484
mimic,pcl,42,34.92166666666667,32.601654052734375
mimic,pcl,42,255.46027777777775,60.18016052246094
mimic,pcl,42,81.42611111111111,54.36604690551758
mimic,pcl,42,105.845,52.91579055786133
mimic,pcl,42,40.68361111111111,39.98870086669922
mimic,pcl,42,27.632222222222225,38.154022216796875
mimic,pcl,42,38.24583333333334,36.249847412109375
mimic,pcl,42,74.87722222222223,53.80426025390625
mimic,pcl,42,88.1675,46.76736068725586
mimic,pcl,42,343.33750000000003,51.48816680908203
mimic,pcl,42,33.599444444444444,42.934383392333984
mimic,pcl,42,35.594722222222224,44.151546478271484
mimic,pcl,42,96.4625,46.806915283203125
mimic,pcl,42,25.816944444444438,44.18306350708008
mimic,pcl,42,120.13111111111112,59.41862106323242
mimic,pcl,42,137.49472222222224,49.470001220703125
mimic,pcl,42,49.4025,47.81303405761719
mimic,pcl,42,42.56722222222222,42.155067443847656
mimic,pcl,42,73.94694444444444,54.527034759521484
mimic,pcl,42,118.72500000000001,57.03479766845703
mimic,pcl,42,25.988888888888887,25.61744499206543
mimic,pcl,42,106.07111111111112,53.07135009765625
mimic,pcl,42,51.02611111111112,47.631404876708984
mimic,pcl,42,71.27416666666666,58.86611557006836
mimic,pcl,42,818.351388888889,59.30337905883789
mimic,pcl,42,1410.9458333333334,61.643428802490234
mimic,pcl,42,109.20916666666666,56.148128509521484
mimic,pcl,42,1044.2494444444444,46.700462341308594
mimic,pcl,42,89.55555555555556,50.708946228027344
mimic,pcl,42,68.53555555555556,46.9077262878418
mimic,pcl,42,43.62277777777778,41.00165557861328
mimic,pcl,42,226.8055555555555,60.89067840576172
mimic,pcl,42,35.32083333333333,42.87825393676758
mimic,pcl,42,40.54666666666667,45.51566696166992
mimic,pcl,42,131.91277777777776,44.651363372802734
mimic,pcl,42,254.60722222222222,47.7166748046875
mimic,pcl,42,45.96666666666666,46.55217742919922
mimic,pcl,42,51.03222222222222,49.27848434448242
mimic,pcl,42,28.89388888888889,45.388790130615234
mimic,pcl,42,66.49555555555557,62.793243408203125
mimic,pcl,42,90.61472222222223,47.660247802734375
mimic,pcl,42,83.49027777777778,69.17357635498047
mimic,pcl,42,49.20666666666666,47.120887756347656
mimic,pcl,42,27.2475,44.564483642578125
mimic,pcl,42,44.308611111111105,43.0116081237793
mimic,pcl,42,24.36805555555555,36.29112243652344
mimic,pcl,42,25.53333333333333,37.7071533203125
mimic,pcl,42,161.20388888888888,45.49547576904297
mimic,pcl,42,53.60527777777778,45.15267562866211
mimic,pcl,42,46.25027777777778,47.62488555908203
mimic,pcl,42,78.15194444444444,44.84987258911133
mimic,pcl,42,24.888888888888886,43.960880279541016
mimic,pcl,42,147.80944444444444,56.2081413269043
mimic,pcl,42,86.86777777777777,49.51436233520508
mimic,pcl,42,57.94444444444445,53.263092041015625
mimic,pcl,42,358.665,48.047367095947266
mimic,pcl,42,41.577777777777776,38.57365036010742
mimic,pcl,42,81.2788888888889,50.68709182739258
mimic,pcl,42,50.75027777777778,48.17687225341797
mimic,pcl,42,36.78333333333333,47.33399963378906
mimic,pcl,42,117.54555555555555,69.64265441894531
mimic,pcl,42,56.76722222222223,46.53063201904297
mimic,pcl,42,96.40333333333334,55.289180755615234
mimic,pcl,42,77.70027777777779,62.9942626953125
mimic,pcl,42,26.627222222222215,27.461572647094727
mimic,pcl,42,37.67583333333333,36.82265090942383
mimic,pcl,42,144.14833333333334,49.88778305053711
mimic,pcl,42,43.68138888888889,49.92066192626953
mimic,pcl,42,35.978611111111114,35.856510162353516
mimic,pcl,42,33.96055555555555,33.35239791870117
mimic,pcl,42,31.793055555555554,43.70326232910156
mimic,pcl,42,136.505,53.25227737426758
mimic,pcl,42,122.54805555555555,47.69225311279297
mimic,pcl,42,1743.1347222222223,61.48078536987305
mimic,pcl,42,71.10138888888889,44.014339447021484
mimic,pcl,42,39.504999999999995,44.285465240478516
mimic,pcl,42,39.526944444444446,37.036773681640625
mimic,pcl,42,147.9436111111111,47.961631774902344
mimic,pcl,42,85.98444444444445,46.73936462402344
mimic,pcl,42,85.42972222222222,44.64628219604492
mimic,pcl,42,30.604444444444447,42.3473014831543
mimic,pcl,42,95.79027777777777,54.9429817199707
mimic,pcl,42,51.66972222222223,51.1425666809082
mimic,pcl,42,68.75972222222222,48.84794616699219
mimic,pcl,42,342.2369444444444,58.84764862060547
mimic,pcl,42,66.52277777777779,47.404388427734375
mimic,pcl,42,62.91444444444445,46.717308044433594
mimic,pcl,42,78.45194444444444,57.049991607666016
mimic,pcl,42,26.066944444444445,36.946022033691406
mimic,pcl,42,66.07916666666667,48.505550384521484
mimic,pcl,42,53.757222222222225,50.94526290893555
mimic,pcl,42,162.74166666666667,48.18128967285156
mimic,pcl,42,160.3061111111111,59.905792236328125
mimic,pcl,42,103.58500000000001,44.877647399902344
mimic,pcl,42,66.04944444444445,34.006103515625
mimic,pcl,42,54.623333333333335,54.812103271484375
mimic,pcl,42,179.19222222222223,55.08657455444336
mimic,pcl,42,122.78194444444443,57.88420867919922
mimic,pcl,42,36.370555555555555,43.292015075683594
mimic,pcl,42,59.81444444444445,50.73080825805664
mimic,pcl,42,50.65694444444445,52.40849685668945
mimic,pcl,42,280.6325,50.426082611083984
mimic,pcl,42,291.6402777777778,45.38460922241211
mimic,pcl,42,82.58805555555556,56.648223876953125
mimic,pcl,42,111.55055555555555,45.45766830444336
mimic,pcl,42,77.29416666666667,45.065608978271484
mimic,pcl,42,375.7747222222222,47.627044677734375
mimic,pcl,42,70.47055555555556,47.61214828491211
mimic,pcl,42,38.90777777777777,44.216407775878906
mimic,pcl,42,263.67861111111114,48.71144485473633
mimic,pcl,42,56.17,49.374691009521484
mimic,pcl,42,107.61722222222222,48.105472564697266
mimic,pcl,42,50.004444444444445,46.8757209777832
mimic,pcl,42,113.69333333333333,47.58421325683594
mimic,pcl,42,69.18111111111111,48.40631866455078
mimic,pcl,42,112.13916666666665,49.52686309814453
mimic,pcl,42,96.90333333333334,47.430606842041016
mimic,pcl,42,73.20194444444444,46.69247055053711
mimic,pcl,42,77.78361111111111,49.74872970581055
mimic,pcl,42,89.26416666666667,46.29143524169922
mimic,pcl,42,38.30500000000001,36.694061279296875
mimic,pcl,42,48.783888888888896,49.83552932739258
mimic,pcl,42,31.362777777777787,43.88723373413086
mimic,pcl,42,53.38527777777777,47.50871276855469
mimic,pcl,42,113.82638888888889,61.63691711425781
mimic,pcl,42,29.074444444444445,46.09529495239258
mimic,pcl,42,43.66694444444444,42.6899528503418
mimic,pcl,42,25.820277777777783,40.64625930786133
mimic,pcl,42,81.50277777777778,53.5119514465332
mimic,pcl,42,272.24500000000006,54.864131927490234
mimic,pcl,42,96.00083333333333,49.03087615966797
mimic,pcl,42,94.8436111111111,45.35089111328125
mimic,pcl,42,106.0863888888889,46.8203125
mimic,pcl,42,28.994999999999997,36.897315979003906
mimic,pcl,42,98.17222222222222,47.97365951538086
mimic,pcl,42,28.3225,39.777069091796875
mimic,pcl,42,54.58222222222222,46.36180114746094
mimic,pcl,42,26.80027777777778,41.156768798828125
mimic,pcl,42,137.56277777777777,46.20048522949219
mimic,pcl,42,33.33305555555555,46.049034118652344
mimic,pcl,42,67.13583333333334,46.91682815551758
mimic,pcl,42,99.46333333333335,47.173587799072266
mimic,pcl,42,67.47999999999999,50.48371887207031
mimic,pcl,42,45.24194444444444,44.51515579223633
mimic,pcl,42,84.47888888888889,45.15232467651367
mimic,pcl,42,64.49472222222222,54.74800491333008
mimic,pcl,42,464.5636111111111,48.23515319824219
mimic,pcl,42,138.97611111111112,47.30359649658203
mimic,pcl,42,40.156111111111116,38.836246490478516
mimic,pcl,42,49.32333333333334,51.09598159790039
mimic,pcl,42,210.06527777777777,47.5391845703125
mimic,pcl,42,60.673055555555564,56.59681701660156
mimic,pcl,42,58.80416666666666,49.45389175415039
mimic,pcl,42,1207.8925,60.87907791137695
mimic,pcl,42,40.381388888888885,39.365970611572266
mimic,pcl,42,116.22361111111111,45.570106506347656
mimic,pcl,42,27.566388888888888,37.11481475830078
mimic,pcl,42,24.633333333333333,43.95710754394531
mimic,pcl,42,275.15166666666664,63.32939910888672
mimic,pcl,42,27.435833333333342,26.069259643554688
mimic,pcl,42,95.91666666666666,48.83068084716797
mimic,pcl,42,123.19277777777778,63.576988220214844
mimic,pcl,42,82.94916666666667,59.602073669433594
mimic,pcl,42,48.94055555555554,41.989463806152344
mimic,pcl,42,59.961666666666666,45.43832015991211
mimic,pcl,42,42.92333333333333,44.32667541503906
mimic,pcl,42,120.5141666666667,47.855987548828125
mimic,pcl,42,732.8044444444445,56.088863372802734
mimic,pcl,42,115.67055555555555,61.029624938964844
mimic,pcl,42,87.38055555555556,52.21570587158203
mimic,pcl,42,43.06805555555555,39.79111099243164
mimic,pcl,42,186.53944444444446,48.49366760253906
mimic,pcl,42,116.28722222222223,49.65018844604492
mimic,pcl,42,108.2275,57.86691665649414
mimic,pcl,42,210.60250000000002,59.469520568847656
mimic,pcl,42,27.425833333333333,36.9412727355957
mimic,pcl,42,34.55388888888889,34.16614532470703
mimic,pcl,42,137.26416666666665,50.97498321533203
mimic,pcl,42,53.566388888888895,49.66294479370117
mimic,pcl,42,72.86472222222221,51.345088958740234
mimic,pcl,42,68.62222222222222,46.94525146484375
mimic,pcl,42,123.68944444444445,48.84231185913086
mimic,pcl,42,47.96166666666666,49.03093719482422
mimic,pcl,42,27.534999999999997,43.35321807861328
mimic,pcl,42,34.89972222222222,43.603538513183594
mimic,pcl,42,74.44944444444444,39.19329071044922
mimic,pcl,42,44.723888888888894,40.99065017700195
mimic,pcl,42,121.19277777777779,47.227176666259766
mimic,pcl,42,78.53638888888888,45.98405075073242
mimic,pcl,42,142.55638888888888,49.748291015625
mimic,pcl,42,437.2705555555556,62.674171447753906
mimic,pcl,42,78.61444444444444,51.50812911987305
mimic,pcl,42,135.6638888888889,54.75837326049805
mimic,pcl,42,27.044444444444448,37.521812438964844
mimic,pcl,42,142.74638888888887,60.476131439208984
mimic,pcl,42,59.879444444444445,46.67815399169922
mimic,pcl,42,40.72416666666667,46.57921600341797
mimic,pcl,42,27.215000000000003,43.96381759643555
mimic,pcl,42,49.87138888888889,57.296844482421875
mimic,pcl,42,45.98555555555555,48.672611236572266
mimic,pcl,42,31.65972222222222,44.06098556518555
mimic,pcl,42,63.557500000000005,46.08268737792969
mimic,pcl,42,71.07861111111112,56.40693664550781
mimic,pcl,42,52.76805555555555,47.67433547973633
mimic,pcl,42,76.18944444444443,57.77046203613281
mimic,pcl,42,295.9922222222222,52.651268005371094
mimic,pcl,42,47.35444444444445,45.366355895996094
mimic,pcl,42,24.683055555555555,37.04907989501953
mimic,pcl,42,64.3863888888889,61.43611145019531
mimic,pcl,42,24.810833333333342,24.788593292236328
mimic,pcl,42,24.345,38.51106262207031
mimic,pcl,42,85.34277777777777,54.77097702026367
mimic,pcl,42,72.30166666666666,47.07509994506836
mimic,pcl,42,164.00666666666666,45.568275451660156
mimic,pcl,42,48.650555555555556,52.34463882446289
mimic,pcl,42,33.81,42.392486572265625
mimic,pcl,42,61.57083333333334,56.722877502441406
eicu,pcl,42,70.96666666666667,45.90917205810547
eicu,pcl,42,62.75,49.34438705444336
eicu,pcl,42,48.916666666666664,43.666908264160156
eicu,pcl,42,44.68333333333333,51.846866607666016
eicu,pcl,42,32.03333333333333,39.222999572753906
eicu,pcl,42,44.75,48.46924591064453
eicu,pcl,42,54.25,51.082679748535156
eicu,pcl,42,66.11666666666666,63.89994812011719
eicu,pcl,42,125.13333333333334,46.5164794921875
eicu,pcl,42,26.35,25.420421600341797
eicu,pcl,42,229.28333333333333,50.142608642578125
eicu,pcl,42,49.95,47.40939712524414
eicu,pcl,42,25.466666666666665,27.973224639892578
eicu,pcl,42,36.516666666666666,36.64822769165039
eicu,pcl,42,72.76666666666667,50.447959899902344
eicu,pcl,42,42.56666666666667,42.439544677734375
eicu,pcl,42,401.55,46.80311965942383
eicu,pcl,42,68.5,44.498687744140625
eicu,pcl,42,31.533333333333335,32.68730545043945
eicu,pcl,42,46.56666666666667,46.81401824951172
eicu,pcl,42,28.0,37.11847686767578
eicu,pcl,42,42.25,43.17299270629883
eicu,pcl,42,47.2,45.711116790771484
eicu,pcl,42,58.5,42.96323013305664
eicu,pcl,42,64.13333333333334,47.9702033996582
eicu,pcl,42,84.25,51.80321502685547
eicu,pcl,42,40.75,54.11762237548828
eicu,pcl,42,53.68333333333333,56.981937408447266
eicu,pcl,42,32.71666666666667,47.52948760986328
eicu,pcl,42,35.85,49.98702621459961
eicu,pcl,42,42.583333333333336,42.08247756958008
eicu,pcl,42,107.16666666666667,51.88210678100586
eicu,pcl,42,46.43333333333333,48.796260833740234
eicu,pcl,42,164.66666666666666,47.68714904785156
eicu,pcl,42,58.233333333333334,55.748355865478516
eicu,pcl,42,79.01666666666667,47.90077209472656
eicu,pcl,42,90.55,53.60887908935547
eicu,pcl,42,29.5,30.22426414489746
eicu,pcl,42,50.96666666666667,47.0422248840332
eicu,pcl,42,26.8,28.665489196777344
eicu,pcl,42,39.68333333333333,51.765018463134766
eicu,pcl,42,76.9,44.691184997558594
eicu,pcl,42,82.35,45.63422775268555
eicu,pcl,42,229.46666666666667,40.67601776123047
eicu,pcl,42,358.8666666666667,50.6639289855957
eicu,pcl,42,231.25,45.84886169433594
eicu,pcl,42,53.71666666666667,51.71772766113281
eicu,pcl,42,166.55,47.40390396118164
eicu,pcl,42,63.3,45.42615509033203
eicu,pcl,42,53.56666666666667,52.1336784362793
eicu,pcl,42,73.56666666666666,44.67280960083008
eicu,pcl,42,39.5,37.1295051574707
eicu,pcl,42,26.383333333333333,42.696475982666016
eicu,pcl,42,27.65,50.82863235473633
eicu,pcl,42,74.15,52.49094772338867
eicu,pcl,42,64.18333333333334,52.283958435058594
eicu,pcl,42,61.916666666666664,53.91659164428711
eicu,pcl,42,67.38333333333334,57.8805046081543
eicu,pcl,42,256.46666666666664,50.30718994140625
eicu,pcl,42,36.983333333333334,37.12559509277344
eicu,pcl,42,87.65,46.66828918457031
eicu,pcl,42,44.7,41.78913497924805
eicu,pcl,42,38.3,50.066043853759766
eicu,pcl,42,722.95,49.88276290893555
eicu,pcl,42,66.88333333333334,50.034725189208984
eicu,pcl,42,52.416666666666664,56.52899169921875
eicu,pcl,42,41.5,47.22964859008789
eicu,pcl,42,136.51666666666668,49.1807746887207
eicu,pcl,42,35.483333333333334,36.875003814697266
eicu,pcl,42,199.96666666666667,62.01871109008789
eicu,pcl,42,44.68333333333333,41.10432434082031
eicu,pcl,42,67.05,46.799110412597656
eicu,pcl,42,30.133333333333333,32.06235885620117
eicu,pcl,42,71.48333333333333,44.68095779418945
eicu,pcl,42,67.5,48.75472640991211
eicu,pcl,42,45.3,46.86213684082031
eicu,pcl,42,50.95,45.79950714111328
eicu,pcl,42,54.56666666666667,45.51884841918945
eicu,pcl,42,227.1,42.11961364746094
eicu,pcl,42,268.05,50.23626708984375
eicu,pcl,42,59.3,46.32650375366211
eicu,pcl,42,88.15,56.049949645996094
eicu,pcl,42,155.11666666666667,50.991554260253906
eicu,pcl,42,165.86666666666667,47.3509521484375
eicu,pcl,42,70.66666666666667,48.406978607177734
eicu,pcl,42,42.9,43.192893981933594
eicu,pcl,42,75.33333333333333,47.18828201293945
eicu,pcl,42,54.75,46.17021179199219
eicu,pcl,42,121.43333333333334,46.31196975708008
eicu,pcl,42,26.333333333333332,43.94419479370117
eicu,pcl,42,182.6,63.30811309814453
eicu,pcl,42,236.95,45.10853958129883
eicu,pcl,42,193.51666666666668,45.298606872558594
eicu,pcl,42,40.266666666666666,40.947914123535156
eicu,pcl,42,30.4,30.570737838745117
eicu,pcl,42,27.633333333333333,36.320289611816406
eicu,pcl,42,58.28333333333333,56.67379379272461
eicu,pcl,42,29.833333333333332,30.274927139282227
eicu,pcl,42,88.16666666666667,45.830413818359375
eicu,pcl,42,39.8,39.79216003417969
eicu,pcl,42,24.35,46.77119827270508
eicu,pcl,42,58.233333333333334,51.928802490234375
eicu,pcl,42,94.31666666666666,50.811580657958984
eicu,pcl,42,37.56666666666667,35.72761535644531
eicu,pcl,42,84.88333333333334,48.0115966796875
eicu,pcl,42,24.433333333333334,35.78510665893555
eicu,pcl,42,96.65,51.06163787841797
eicu,pcl,42,38.0,48.12173843383789
eicu,pcl,42,42.166666666666664,42.419281005859375
eicu,pcl,42,74.36666666666666,47.82535934448242
eicu,pcl,42,50.86666666666667,43.73419952392578
eicu,pcl,42,31.183333333333334,53.25436019897461
eicu,pcl,42,29.183333333333334,44.403846740722656
eicu,pcl,42,50.9,41.4393196105957
eicu,pcl,42,47.53333333333333,60.06625747680664
eicu,pcl,42,66.91666666666667,40.92667007446289
eicu,pcl,42,43.05,41.740013122558594
eicu,pcl,42,196.01666666666668,45.489356994628906
eicu,pcl,42,50.333333333333336,46.97572326660156
eicu,pcl,42,123.83333333333333,49.23137283325195
eicu,pcl,42,52.583333333333336,39.91015625
eicu,pcl,42,29.883333333333333,41.76549530029297
eicu,pcl,42,40.083333333333336,41.67254638671875
eicu,pcl,42,238.25,60.122249603271484
eicu,pcl,42,68.33333333333333,46.348960876464844
eicu,pcl,42,63.983333333333334,41.0439567565918
eicu,pcl,42,26.216666666666665,39.35369110107422
eicu,pcl,42,29.516666666666666,30.22797203063965
eicu,pcl,42,25.1,58.435760498046875
eicu,pcl,42,48.65,45.11930465698242
eicu,pcl,42,506.9166666666667,46.71256637573242
eicu,pcl,42,38.666666666666664,43.360939025878906
eicu,pcl,42,61.6,47.28755569458008
eicu,pcl,42,65.06666666666666,47.30392074584961
eicu,pcl,42,41.266666666666666,42.4953727722168
eicu,pcl,42,306.28333333333336,46.58552169799805
eicu,pcl,42,38.083333333333336,39.105712890625
eicu,pcl,42,105.81666666666666,48.15494918823242
eicu,pcl,42,230.8,57.105682373046875
eicu,pcl,42,39.78333333333333,38.03269577026367
eicu,pcl,42,126.83333333333333,47.360198974609375
eicu,pcl,42,214.05,48.721309661865234
eicu,pcl,42,158.91666666666666,44.03025817871094
eicu,pcl,42,26.716666666666665,26.217702865600586
eicu,pcl,42,26.95,38.471771240234375
eicu,pcl,42,48.416666666666664,42.67037582397461
eicu,pcl,42,139.98333333333332,44.45531463623047
eicu,pcl,42,40.45,49.87599182128906
eicu,pcl,42,27.933333333333334,28.713586807250977
eicu,pcl,42,27.866666666666667,36.93497848510742
eicu,pcl,42,24.05,36.482749938964844
eicu,pcl,42,262.1166666666667,46.92049789428711
eicu,pcl,42,63.4,47.17466735839844
eicu,pcl,42,275.3666666666667,47.77943801879883
eicu,pcl,42,73.78333333333333,41.078033447265625
eicu,pcl,42,41.7,47.69171905517578
eicu,pcl,42,53.5,53.22346496582031
eicu,pcl,42,37.083333333333336,51.7186164855957
eicu,pcl,42,24.233333333333334,25.380735397338867
eicu,pcl,42,50.4,44.454559326171875
eicu,pcl,42,57.81666666666667,51.04269790649414
eicu,pcl,42,259.53333333333336,46.71451187133789
eicu,pcl,42,25.733333333333334,27.482839584350586
eicu,pcl,42,44.583333333333336,47.466957092285156
eicu,pcl,42,80.66666666666667,50.304805755615234
eicu,pcl,42,74.48333333333333,49.70482635498047
eicu,pcl,42,28.3,26.578155517578125
eicu,pcl,42,72.28333333333333,44.25180435180664
eicu,pcl,42,138.61666666666667,54.18860626220703
eicu,pcl,42,97.0,47.432430267333984
eicu,pcl,42,34.65,49.112030029296875
eicu,pcl,42,40.53333333333333,50.29846954345703
eicu,pcl,42,42.81666666666667,46.57668685913086
eicu,pcl,42,236.36666666666667,40.660709381103516
eicu,pcl,42,230.78333333333333,44.72249221801758
eicu,pcl,42,47.7,45.91346740722656
eicu,pcl,42,92.18333333333334,46.847991943359375
eicu,pcl,42,29.716666666666665,30.81031036376953
eicu,pcl,42,69.3,46.52298355102539
eicu,pcl,42,29.1,43.085689544677734
eicu,pcl,42,303.26666666666665,48.34006881713867
eicu,pcl,42,283.05,54.833560943603516
eicu,pcl,42,76.08333333333333,55.44340133666992
eicu,pcl,42,28.466666666666665,42.17473220825195
eicu,pcl,42,46.8,41.0822639465332
eicu,pcl,42,35.983333333333334,38.42354202270508
eicu,pcl,42,30.166666666666668,29.561620712280273
eicu,pcl,42,149.3,59.25514602661133
eicu,pcl,42,52.61666666666667,44.72208786010742
eicu,pcl,42,120.91666666666667,44.61102294921875
eicu,pcl,42,53.95,48.07208251953125
eicu,pcl,42,117.33333333333333,47.0937385559082
eicu,pcl,42,31.783333333333335,45.053993225097656
eicu,pcl,42,28.366666666666667,29.53717613220215
eicu,pcl,42,64.25,46.660518646240234
eicu,pcl,42,362.2,51.01838684082031
eicu,pcl,42,29.916666666666668,49.15958023071289
eicu,pcl,42,116.21666666666667,54.5195426940918
eicu,pcl,42,47.28333333333333,61.85365295410156
eicu,pcl,42,42.916666666666664,52.70309829711914
eicu,pcl,42,231.15,52.065216064453125
eicu,pcl,42,41.583333333333336,46.144073486328125
eicu,pcl,42,67.88333333333334,46.920997619628906
eicu,pcl,42,49.25,47.53575897216797
eicu,pcl,42,61.983333333333334,46.70098876953125
eicu,pcl,42,24.833333333333332,36.65712356567383
eicu,pcl,42,51.0,47.62661361694336
eicu,pcl,42,58.916666666666664,45.043617248535156
eicu,pcl,42,252.83333333333334,48.35049057006836
eicu,pcl,42,32.6,36.113197326660156
eicu,pcl,42,141.36666666666667,43.782657623291016
eicu,pcl,42,66.28333333333333,45.404762268066406
eicu,pcl,42,68.36666666666666,49.80153274536133
eicu,pcl,42,62.61666666666667,40.97978973388672
eicu,pcl,42,45.05,48.23069381713867
eicu,pcl,42,36.61666666666667,34.909786224365234
eicu,pcl,42,43.13333333333333,45.738121032714844
eicu,pcl,42,121.51666666666667,46.71152114868164
eicu,pcl,42,46.6,45.645545959472656
eicu,pcl,42,146.55,46.673370361328125
eicu,pcl,42,94.18333333333334,45.1298828125
eicu,pcl,42,28.55,32.060482025146484
eicu,pcl,42,137.08333333333334,52.271888732910156
eicu,pcl,42,80.88333333333334,44.88170623779297
eicu,pcl,42,108.66666666666667,59.38699722290039
eicu,pcl,42,89.91666666666667,43.84964370727539
eicu,pcl,42,38.516666666666666,40.257835388183594
eicu,pcl,42,152.48333333333332,53.45240783691406
eicu,pcl,42,371.1,46.214073181152344
eicu,pcl,42,111.08333333333333,50.455909729003906
eicu,pcl,42,117.38333333333334,46.11676788330078
eicu,pcl,42,100.83333333333333,45.4537239074707
eicu,pcl,42,25.0,39.65428924560547
eicu,pcl,42,25.0,28.422582626342773
eicu,pcl,42,107.53333333333333,46.11716079711914
eicu,pcl,42,48.8,45.40253829956055
eicu,pcl,42,46.45,46.59476852416992
eicu,pcl,42,57.06666666666667,44.14320373535156
eicu,pcl,42,58.5,56.00758361816406
eicu,pcl,42,60.43333333333333,46.74482727050781
eicu,pcl,42,35.0,37.252445220947266
eicu,pcl,42,114.75,45.456871032714844
eicu,pcl,42,46.53333333333333,48.34910202026367
eicu,pcl,42,63.36666666666667,43.07291793823242
eicu,pcl,42,102.08333333333333,46.820560455322266
eicu,pcl,42,28.75,51.83491134643555
eicu,pcl,42,24.15,25.987464904785156
eicu,pcl,42,35.36666666666667,35.6888542175293
eicu,pcl,42,24.133333333333333,50.27878189086914
eicu,pcl,42,39.25,40.37385177612305
eicu,pcl,42,77.83333333333333,43.27583694458008
eicu,pcl,42,94.61666666666666,46.87477111816406
eicu,pcl,42,57.93333333333333,40.058807373046875
eicu,pcl,42,27.766666666666666,42.46296691894531
eicu,pcl,42,142.68333333333334,45.545719146728516
eicu,pcl,42,409.7,48.52210235595703
eicu,pcl,42,38.65,39.43994903564453
eicu,pcl,42,73.51666666666667,45.051048278808594
eicu,pcl,42,130.85,51.82004928588867
eicu,pcl,42,56.45,46.431419372558594
eicu,pcl,42,28.5,29.621456146240234
eicu,pcl,42,40.75,41.93177032470703
eicu,pcl,42,26.116666666666667,37.524566650390625
eicu,pcl,42,45.516666666666666,42.16681671142578
eicu,pcl,42,270.1666666666667,56.39470291137695
eicu,pcl,42,50.266666666666666,52.85023498535156
eicu,pcl,42,36.983333333333334,37.828163146972656
eicu,pcl,42,37.25,48.10430145263672
eicu,pcl,42,67.41666666666667,49.47428512573242
eicu,pcl,42,70.65,46.063392639160156
eicu,pcl,42,43.0,47.27963638305664
eicu,pcl,42,27.683333333333334,46.73750686645508
eicu,pcl,42,79.31666666666666,54.6501579284668
eicu,pcl,42,62.083333333333336,57.61393356323242
eicu,pcl,42,510.6,46.751441955566406
eicu,pcl,42,78.7,55.90530014038086
eicu,pcl,42,26.783333333333335,53.24165725708008
eicu,pcl,42,91.46666666666667,54.01020812988281
eicu,pcl,42,62.016666666666666,41.23654556274414
eicu,pcl,42,75.0,45.928321838378906
eicu,pcl,42,34.06666666666667,52.36555099487305
eicu,pcl,42,40.36666666666667,51.72330856323242
eicu,pcl,42,74.38333333333334,46.95062255859375
eicu,pcl,42,41.3,40.703460693359375
eicu,pcl,42,265.0833333333333,48.695281982421875
eicu,pcl,42,38.016666666666666,37.6599235534668
eicu,pcl,42,79.48333333333333,48.73918914794922
eicu,pcl,42,24.966666666666665,25.386302947998047
eicu,pcl,42,117.01666666666667,51.58042526245117
eicu,pcl,42,65.6,48.08324432373047
eicu,pcl,42,171.15,50.28152084350586
eicu,pcl,42,76.76666666666667,40.9437255859375
eicu,pcl,42,35.36666666666667,37.703861236572266
eicu,pcl,42,60.916666666666664,53.33045959472656
eicu,pcl,42,47.06666666666667,47.48250198364258
eicu,pcl,42,35.71666666666667,36.39228820800781
eicu,pcl,42,423.8666666666667,47.00242614746094
eicu,pcl,42,27.716666666666665,52.74538040161133
eicu,pcl,42,34.63333333333333,48.23886489868164
eicu,pcl,42,24.45,25.2515869140625
eicu,pcl,42,67.4,47.997493743896484
eicu,pcl,42,30.433333333333334,50.814918518066406
eicu,pcl,42,65.86666666666666,44.605751037597656
eicu,pcl,42,53.833333333333336,40.168949127197266
eicu,pcl,42,30.433333333333334,46.247032165527344
eicu,pcl,42,72.51666666666667,44.53746032714844
eicu,pcl,42,49.916666666666664,44.879093170166016
eicu,pcl,42,150.3,49.23349380493164
eicu,pcl,42,133.28333333333333,51.20132827758789
eicu,pcl,42,48.46666666666667,45.487648010253906
eicu,pcl,42,142.63333333333333,57.38163375854492
eicu,pcl,42,34.35,51.50955581665039
eicu,pcl,42,47.93333333333333,45.48534393310547
eicu,pcl,42,33.53333333333333,48.80027389526367
eicu,pcl,42,25.583333333333332,34.223289489746094
eicu,pcl,42,357.2,43.241058349609375
eicu,pcl,42,67.88333333333334,47.43458938598633
eicu,pcl,42,42.13333333333333,51.6706657409668
eicu,pcl,42,70.1,45.7912712097168
eicu,pcl,42,41.666666666666664,48.43516159057617
eicu,pcl,42,26.433333333333334,37.404396057128906
eicu,pcl,42,33.61666666666667,34.95326232910156
eicu,pcl,42,116.6,44.33732986450195
eicu,pcl,42,72.5,50.319095611572266
eicu,pcl,42,42.6,41.20869445800781
eicu,pcl,42,92.33333333333333,54.8370475769043
eicu,pcl,42,55.266666666666666,47.71065902709961
eicu,pcl,42,39.56666666666667,37.21933364868164
eicu,pcl,42,35.75,40.543479919433594
eicu,pcl,42,42.18333333333333,42.62869644165039
eicu,pcl,42,101.68333333333334,46.77788162231445
eicu,pcl,42,106.81666666666666,49.43954086303711
eicu,pcl,42,26.983333333333334,29.08935546875
eicu,pcl,42,44.666666666666664,48.81826400756836
eicu,pcl,42,27.716666666666665,47.67222213745117
eicu,pcl,42,91.38333333333334,43.01355743408203
eicu,pcl,42,30.95,49.13875198364258
eicu,pcl,42,44.083333333333336,47.30435562133789
eicu,pcl,42,82.58333333333333,47.610965728759766
eicu,pcl,42,57.416666666666664,49.13871765136719
eicu,pcl,42,60.15,51.71059799194336
eicu,pcl,42,154.21666666666667,59.290958404541016
eicu,pcl,42,40.5,49.91783142089844
eicu,pcl,42,93.85,43.86442184448242
eicu,pcl,42,64.4,46.762393951416016
eicu,pcl,42,90.56666666666666,46.95447540283203
eicu,pcl,42,33.1,34.52732849121094
eicu,pcl,42,68.48333333333333,45.63717269897461
eicu,pcl,42,97.38333333333334,49.73285675048828
eicu,pcl,42,74.5,51.217247009277344
eicu,pcl,42,49.083333333333336,45.591217041015625
eicu,pcl,42,29.833333333333332,38.86513137817383
eicu,pcl,42,29.216666666666665,50.77041244506836
eicu,pcl,42,441.78333333333336,42.5353889465332
eicu,pcl,42,330.26666666666665,41.42532730102539
eicu,pcl,42,74.9,44.507667541503906
eicu,pcl,42,146.78333333333333,49.297645568847656
eicu,pcl,42,556.75,64.80768585205078
eicu,pcl,42,96.13333333333334,41.77149200439453
eicu,pcl,42,121.51666666666667,46.23149871826172
eicu,pcl,42,62.983333333333334,56.23796463012695
eicu,pcl,42,26.483333333333334,38.61941146850586
eicu,pcl,42,439.1166666666667,55.13692855834961
eicu,pcl,42,51.35,42.378883361816406
eicu,pcl,42,71.6,46.13534164428711
eicu,pcl,42,58.11666666666667,61.013980865478516
eicu,pcl,42,45.78333333333333,45.91679763793945
eicu,pcl,42,49.46666666666667,44.73923873901367
eicu,pcl,42,69.4,41.44961929321289
eicu,pcl,42,28.516666666666666,48.795310974121094
eicu,pcl,42,61.85,47.73764419555664
eicu,pcl,42,142.13333333333333,53.44899368286133
eicu,pcl,42,53.63333333333333,52.3558349609375
eicu,pcl,42,43.516666666666666,49.65422439575195
eicu,pcl,42,94.6,40.64223861694336
eicu,pcl,42,30.35,30.148475646972656
eicu,pcl,42,50.11666666666667,63.591339111328125
eicu,pcl,42,44.233333333333334,48.697628021240234
eicu,pcl,42,25.8,27.387203216552734
eicu,pcl,42,38.583333333333336,36.11871337890625
eicu,pcl,42,40.8,50.81659698486328
eicu,pcl,42,913.0166666666667,54.752681732177734
eicu,pcl,42,79.53333333333333,47.19844055175781
eicu,pcl,42,27.35,29.211803436279297
eicu,pcl,42,40.5,42.24640655517578
eicu,pcl,42,24.983333333333334,40.0311164855957
eicu,pcl,42,47.93333333333333,56.078792572021484
eicu,pcl,42,205.38333333333333,55.207908630371094
eicu,pcl,42,31.616666666666667,50.146156311035156
eicu,pcl,42,28.666666666666668,37.64411926269531
eicu,pcl,42,127.48333333333333,52.93721008300781
eicu,pcl,42,123.75,53.56570816040039
eicu,pcl,42,273.4166666666667,51.35005569458008
eicu,pcl,42,163.83333333333334,46.80696105957031
eicu,pcl,42,50.46666666666667,45.95415115356445
eicu,pcl,42,195.16666666666666,57.71363067626953
eicu,pcl,42,168.38333333333333,38.38153076171875
eicu,pcl,42,37.4,33.0602912902832
eicu,pcl,42,53.35,44.570457458496094
eicu,pcl,42,234.55,51.81800842285156
eicu,pcl,42,46.666666666666664,44.59031295776367
eicu,pcl,42,119.41666666666667,58.169105529785156
eicu,pcl,42,261.6166666666667,66.3155746459961
eicu,pcl,42,30.65,32.294193267822266
eicu,pcl,42,48.61666666666667,43.0855712890625
eicu,pcl,42,391.8833333333333,52.88226318359375
eicu,pcl,42,138.58333333333334,49.229530334472656
eicu,pcl,42,88.15,49.96697235107422
eicu,pcl,42,44.86666666666667,48.297889709472656
eicu,pcl,42,38.81666666666667,37.11850357055664
eicu,pcl,42,39.9,38.581947326660156
eicu,pcl,42,173.98333333333332,58.031890869140625
eicu,pcl,42,44.516666666666666,41.6759033203125
eicu,pcl,42,47.016666666666666,42.86138153076172
eicu,pcl,42,94.55,44.48626708984375
eicu,pcl,42,68.63333333333334,47.786460876464844
eicu,pcl,42,32.63333333333333,42.13685989379883
eicu,pcl,42,32.083333333333336,33.31600570678711
eicu,pcl,42,186.56666666666666,41.60316467285156
eicu,pcl,42,480.3,48.44736099243164
eicu,pcl,42,54.5,50.708045959472656
eicu,pcl,42,35.13333333333333,36.24211502075195
eicu,pcl,42,26.5,35.133079528808594
eicu,pcl,42,33.93333333333333,36.390281677246094
eicu,pcl,42,41.25,42.831233978271484
eicu,pcl,42,32.1,41.64930725097656
eicu,pcl,42,24.1,25.417146682739258
eicu,pcl,42,386.26666666666665,50.096405029296875
eicu,pcl,42,25.166666666666668,39.19948196411133
eicu,pcl,42,26.15,26.922590255737305
eicu,pcl,42,279.1333333333333,49.14667892456055
eicu,pcl,42,36.9,40.33394241333008
eicu,pcl,42,88.75,52.08740997314453
eicu,pcl,42,27.8,29.790950775146484
eicu,pcl,42,59.55,46.80911636352539
eicu,pcl,42,24.333333333333332,44.55055618286133
eicu,pcl,42,62.86666666666667,48.51850128173828
eicu,pcl,42,94.33333333333333,46.48601531982422
eicu,pcl,42,85.88333333333334,41.21571731567383
eicu,pcl,42,86.81666666666666,48.010990142822266
eicu,pcl,42,30.183333333333334,47.11756134033203
eicu,pcl,42,50.5,43.28863525390625
eicu,pcl,42,202.56666666666666,56.12736892700195
eicu,pcl,42,92.23333333333333,47.99161911010742
eicu,pcl,42,25.883333333333333,50.847171783447266
eicu,pcl,42,165.1,48.221866607666016
eicu,pcl,42,80.75,48.3382568359375
eicu,pcl,42,67.2,47.102088928222656
eicu,pcl,42,45.7,40.65969467163086
eicu,pcl,42,276.8333333333333,48.035160064697266
eicu,pcl,42,70.0,46.09444046020508
eicu,pcl,42,92.98333333333333,39.705596923828125
eicu,pcl,42,59.31666666666667,46.633853912353516
eicu,pcl,42,56.78333333333333,49.18962860107422
eicu,pcl,42,54.95,44.92009735107422
eicu,pcl,42,48.56666666666667,42.246829986572266
eicu,pcl,42,36.75,36.17130661010742
eicu,pcl,42,140.68333333333334,54.77022933959961
eicu,pcl,42,44.8,50.4626350402832
eicu,pcl,42,62.3,51.12602233886719
eicu,pcl,42,62.75,54.3714599609375
eicu,pcl,42,46.61666666666667,46.24085998535156
eicu,pcl,42,72.56666666666666,45.74346923828125
eicu,pcl,42,88.36666666666666,41.447513580322266
eicu,pcl,42,45.4,46.019126892089844
eicu,pcl,42,45.9,45.43040466308594
eicu,pcl,42,50.166666666666664,42.24473571777344
eicu,pcl,42,35.36666666666667,50.78462219238281
eicu,pcl,42,116.36666666666666,57.875450134277344
eicu,pcl,42,279.0,49.206851959228516
eicu,pcl,42,67.61666666666666,45.970184326171875
eicu,pcl,42,165.68333333333334,47.914730072021484
eicu,pcl,42,62.31666666666667,53.296142578125
eicu,pcl,42,255.51666666666668,47.74406051635742
eicu,pcl,42,32.86666666666667,50.45755386352539
eicu,pcl,42,39.53333333333333,41.19752502441406
eicu,pcl,42,26.583333333333332,28.690982818603516
eicu,pcl,42,27.533333333333335,29.04130744934082
eicu,pcl,42,96.11666666666666,51.156593322753906
eicu,pcl,42,142.03333333333333,43.631004333496094
eicu,pcl,42,87.98333333333333,48.593990325927734
eicu,pcl,42,62.03333333333333,49.499717712402344
eicu,pcl,42,31.883333333333333,30.986164093017578
eicu,pcl,42,26.75,50.51631546020508
eicu,pcl,42,238.55,45.057945251464844
eicu,pcl,42,46.916666666666664,41.721858978271484
eicu,pcl,42,99.33333333333333,40.936336517333984
eicu,pcl,42,65.3,49.34568405151367
eicu,pcl,42,39.2,39.64885330200195
eicu,pcl,42,92.38333333333334,47.625083923339844
eicu,pcl,42,32.71666666666667,59.17446517944336
eicu,pcl,42,272.78333333333336,52.75356674194336
eicu,pcl,42,175.75,54.43727111816406
eicu,pcl,42,26.316666666666666,27.90717887878418
eicu,pcl,42,84.45,46.119789123535156
eicu,pcl,42,39.35,42.535316467285156
eicu,pcl,42,51.766666666666666,48.53197479248047
eicu,pcl,42,45.333333333333336,47.06551742553711
eicu,pcl,42,96.5,46.23476791381836
eicu,pcl,42,729.7,54.977725982666016
eicu,pcl,42,57.85,46.55021667480469
eicu,pcl,42,77.48333333333333,47.4195556640625
eicu,pcl,42,30.083333333333332,30.30521583557129
eicu,pcl,42,24.433333333333334,36.36791229248047
eicu,pcl,42,704.3833333333333,41.84183120727539
eicu,pcl,42,42.46666666666667,42.79761505126953
eicu,pcl,42,325.76666666666665,66.09087371826172
eicu,pcl,42,47.11666666666667,51.620845794677734
eicu,pcl,42,43.4,43.118011474609375
eicu,pcl,42,42.88333333333333,46.0959587097168
eicu,pcl,42,86.13333333333334,39.83781814575195
eicu,pcl,42,52.233333333333334,42.27240753173828
eicu,pcl,42,46.63333333333333,43.32024002075195
eicu,pcl,42,43.5,42.82400131225586
eicu,pcl,42,95.48333333333333,47.62126922607422
eicu,pcl,42,64.51666666666667,42.497032165527344
eicu,pcl,42,118.11666666666666,49.086849212646484
eicu,pcl,42,30.833333333333332,52.0090446472168
eicu,pcl,42,46.766666666666666,40.68985366821289
eicu,pcl,42,112.98333333333333,51.238914489746094
eicu,pcl,42,28.316666666666666,30.048046112060547
eicu,pcl,42,52.516666666666666,46.521995544433594
eicu,pcl,42,40.6,50.819190979003906
eicu,pcl,42,82.26666666666667,49.711307525634766
eicu,pcl,42,35.96666666666667,35.775230407714844
eicu,pcl,42,69.8,49.124935150146484
eicu,pcl,42,42.25,58.446590423583984
eicu,pcl,42,109.61666666666666,54.87729263305664
eicu,pcl,42,175.08333333333334,51.082096099853516
eicu,pcl,42,27.0,30.225440979003906
eicu,pcl,42,45.083333333333336,44.99190902709961
eicu,pcl,42,214.11666666666667,42.00640106201172
eicu,pcl,42,39.6,36.7508544921875
eicu,pcl,42,43.18333333333333,40.438812255859375
eicu,pcl,42,105.16666666666667,57.441795349121094
eicu,pcl,42,52.21666666666667,45.52342987060547
eicu,pcl,42,124.68333333333334,47.16386032104492
eicu,pcl,42,35.56666666666667,38.5122184753418
eicu,pcl,42,39.516666666666666,37.7927131652832
eicu,pcl,42,38.083333333333336,37.349185943603516
eicu,pcl,42,185.96666666666667,49.55424118041992
eicu,pcl,42,29.75,40.207855224609375
eicu,pcl,42,60.28333333333333,51.29966735839844
eicu,pcl,42,24.8,35.42182159423828
eicu,pcl,42,164.28333333333333,47.21928787231445
eicu,pcl,42,73.81666666666666,45.42601013183594
eicu,pcl,42,24.65,47.59389877319336
eicu,pcl,42,29.116666666666667,30.547428131103516
eicu,pcl,42,122.2,53.157264709472656
eicu,pcl,42,85.65,46.87603759765625
eicu,pcl,42,30.716666666666665,31.507080078125
eicu,pcl,42,44.916666666666664,41.151954650878906
eicu,pcl,42,49.266666666666666,48.75259017944336
eicu,pcl,42,49.0,44.42961883544922
eicu,pcl,42,27.833333333333332,47.86711120605469
eicu,pcl,42,26.0,47.24320602416992
eicu,pcl,42,81.26666666666667,58.04205322265625
eicu,pcl,42,64.35,44.35373306274414
eicu,pcl,42,77.6,43.40519332885742
eicu,pcl,42,50.06666666666667,44.91461181640625
eicu,pcl,42,34.45,36.034934997558594
eicu,pcl,42,66.55,44.65005874633789
eicu,pcl,42,94.91666666666667,41.6623649597168
eicu,pcl,42,30.85,36.15241622924805
eicu,pcl,42,35.45,35.66750717163086
eicu,pcl,42,46.666666666666664,46.72629928588867
eicu,pcl,42,38.96666666666667,48.54820251464844
eicu,pcl,42,26.05,48.175228118896484
eicu,pcl,42,68.75,46.56662368774414
eicu,pcl,42,69.83333333333333,43.16891860961914
eicu,pcl,42,40.6,41.40375518798828
eicu,pcl,42,162.31666666666666,50.63681411743164
eicu,pcl,42,75.3,41.36433792114258
eicu,pcl,42,61.583333333333336,47.31113052368164
eicu,pcl,42,569.0666666666667,45.944671630859375
eicu,pcl,42,41.9,51.69367599487305
eicu,pcl,42,56.583333333333336,51.73757553100586
eicu,pcl,42,65.7,45.2670783996582
eicu,pcl,42,154.25,62.944541931152344
eicu,pcl,42,71.43333333333334,46.137901306152344
eicu,pcl,42,90.58333333333333,48.58089065551758
eicu,pcl,42,87.85,55.29996871948242
eicu,pcl,42,93.98333333333333,44.43198013305664
eicu,pcl,42,62.5,47.93315887451172
eicu,pcl,42,30.75,30.942502975463867
eicu,pcl,42,38.13333333333333,37.583431243896484
eicu,pcl,42,217.18333333333334,46.45555877685547
eicu,pcl,42,137.53333333333333,48.60926818847656
eicu,pcl,42,70.38333333333334,41.16974639892578
eicu,pcl,42,59.666666666666664,49.848609924316406
eicu,pcl,42,94.08333333333333,46.88024139404297
eicu,pcl,42,96.61666666666666,53.739803314208984
eicu,pcl,42,245.91666666666666,46.303829193115234
eicu,pcl,42,58.55,48.321956634521484
eicu,pcl,42,123.05,55.4333381652832
eicu,pcl,42,41.3,49.738033294677734
eicu,pcl,42,48.31666666666667,47.359012603759766
eicu,pcl,42,44.916666666666664,45.50469970703125
eicu,pcl,42,48.96666666666667,48.402549743652344
eicu,pcl,42,48.766666666666666,46.42300796508789
eicu,pcl,42,52.11666666666667,44.69710159301758
eicu,pcl,42,43.71666666666667,45.64851760864258
eicu,pcl,42,114.65,45.89796447753906
eicu,pcl,42,26.333333333333332,27.280677795410156
eicu,pcl,42,141.88333333333333,44.70137023925781
eicu,pcl,42,262.55,47.2274169921875
eicu,pcl,42,41.86666666666667,40.89376449584961
eicu,pcl,42,64.96666666666667,46.361968994140625
eicu,pcl,42,657.9333333333333,46.630855560302734
eicu,pcl,42,170.66666666666666,45.73005676269531
eicu,pcl,42,696.9666666666667,47.498409271240234
eicu,pcl,42,64.8,46.1427116394043
eicu,pcl,42,128.48333333333332,40.080596923828125
eicu,pcl,42,97.95,56.50809097290039
eicu,pcl,42,70.28333333333333,43.74655532836914
eicu,pcl,42,78.2,46.00689697265625
eicu,pcl,42,44.96666666666667,45.059043884277344
eicu,pcl,42,46.15,47.96202850341797
eicu,pcl,42,25.266666666666666,43.81766128540039
eicu,pcl,42,58.9,47.33342361450195
eicu,pcl,42,119.95,43.618778228759766
eicu,pcl,42,25.9,44.91473388671875
eicu,pcl,42,32.05,33.73280715942383
eicu,pcl,42,33.0,49.08029556274414
eicu,pcl,42,127.85,47.32078170776367
eicu,pcl,42,27.666666666666668,36.6993522644043
eicu,pcl,42,72.45,48.569637298583984
eicu,pcl,42,115.98333333333333,50.44081115722656
eicu,pcl,42,77.8,50.25795364379883
eicu,pcl,42,34.0,54.9617919921875
eicu,pcl,42,394.3,55.69453048706055
eicu,pcl,42,69.28333333333333,45.19124984741211
eicu,pcl,42,28.2,34.873504638671875
eicu,pcl,42,86.33333333333333,50.82534408569336
eicu,pcl,42,77.38333333333334,51.89573669433594
eicu,pcl,42,193.8,52.142269134521484
eicu,pcl,42,37.666666666666664,33.04829788208008
eicu,pcl,42,24.2,34.89860534667969
eicu,pcl,42,56.68333333333333,57.164119720458984
eicu,pcl,42,61.0,46.485076904296875
eicu,pcl,42,25.633333333333333,31.711326599121094
eicu,pcl,42,36.666666666666664,37.37026596069336
eicu,pcl,42,116.33333333333333,46.93988800048828
eicu,pcl,42,24.8,26.627334594726562
eicu,pcl,42,162.35,43.3363037109375
eicu,pcl,42,220.18333333333334,44.83155822753906
eicu,pcl,42,66.9,47.53579330444336
eicu,pcl,42,208.11666666666667,48.408294677734375
eicu,pcl,42,31.666666666666668,50.48971939086914
eicu,pcl,42,189.16666666666666,49.319908142089844
eicu,pcl,42,30.816666666666666,47.59418869018555
eicu,pcl,42,56.78333333333333,45.43844223022461
eicu,pcl,42,62.21666666666667,48.74290084838867
eicu,pcl,42,35.93333333333333,51.44951248168945
eicu,pcl,42,48.733333333333334,43.219398498535156
eicu,pcl,42,270.45,56.343902587890625
eicu,pcl,42,45.31666666666667,44.80764389038086
eicu,pcl,42,40.36666666666667,50.141536712646484
eicu,pcl,42,96.88333333333334,45.11915969848633
eicu,pcl,42,135.0,56.209312438964844
eicu,pcl,42,84.28333333333333,46.73976135253906
eicu,pcl,42,93.28333333333333,46.63615036010742
eicu,pcl,42,24.3,25.066640853881836
eicu,pcl,42,118.1,51.188533782958984
eicu,pcl,42,38.5,37.854461669921875
eicu,pcl,42,33.06666666666667,48.302860260009766
eicu,pcl,42,634.7,46.17069625854492
eicu,pcl,42,48.2,45.60419464111328
eicu,pcl,42,25.55,47.00307846069336
eicu,pcl,42,88.06666666666666,42.434852600097656
eicu,pcl,42,39.81666666666667,41.120548248291016
eicu,pcl,42,63.266666666666666,47.44124221801758
eicu,pcl,42,38.583333333333336,38.253238677978516
eicu,pcl,42,198.6,50.76603317260742
eicu,pcl,42,37.9,31.724964141845703
eicu,pcl,42,95.51666666666667,44.432228088378906
eicu,pcl,42,52.083333333333336,42.176021575927734
eicu,pcl,42,37.416666666666664,39.21919250488281
eicu,pcl,42,130.13333333333333,42.88595199584961
eicu,pcl,42,26.033333333333335,49.44854736328125
eicu,pcl,42,34.96666666666667,34.20283126831055
eicu,pcl,42,35.3,33.103233337402344
eicu,pcl,42,76.11666666666666,50.3414421081543
eicu,pcl,42,121.91666666666667,45.94001388549805
eicu,pcl,42,36.56666666666667,36.313724517822266
eicu,pcl,42,39.2,51.077030181884766
eicu,pcl,42,38.43333333333333,37.06478500366211
eicu,pcl,42,64.68333333333334,48.97610855102539
eicu,pcl,42,105.33333333333333,47.27961349487305
eicu,pcl,42,28.066666666666666,47.920570373535156
eicu,pcl,42,69.45,44.351829528808594
eicu,pcl,42,50.733333333333334,42.665306091308594
eicu,pcl,42,83.35,54.243736267089844
eicu,pcl,42,32.81666666666667,32.75132369995117
eicu,pcl,42,40.5,41.66815185546875
eicu,pcl,42,123.15,47.04909896850586
eicu,pcl,42,95.08333333333333,44.91163635253906
eicu,pcl,42,235.91666666666666,48.933265686035156
eicu,pcl,42,24.4,48.124210357666016
eicu,pcl,42,25.833333333333332,23.946914672851562
eicu,pcl,42,40.4,39.23343276977539
eicu,pcl,42,38.733333333333334,51.854740142822266
eicu,pcl,42,82.88333333333334,41.57421875
eicu,pcl,42,28.266666666666666,46.31953048706055
eicu,pcl,42,47.3,46.209693908691406
eicu,pcl,42,131.43333333333334,46.39532470703125
eicu,pcl,42,25.9,27.255842208862305
eicu,pcl,42,69.63333333333334,51.96758270263672
eicu,pcl,42,139.58333333333334,47.697933197021484
eicu,pcl,42,36.21666666666667,50.23590087890625
eicu,pcl,42,24.583333333333332,47.10666275024414
eicu,pcl,42,66.56666666666666,46.56999206542969
eicu,pcl,42,526.4666666666667,57.96113967895508
eicu,pcl,42,52.28333333333333,48.10533142089844
eicu,pcl,42,26.716666666666665,50.899658203125
eicu,pcl,42,32.483333333333334,33.044921875
eicu,pcl,42,32.083333333333336,48.28054428100586
eicu,pcl,42,67.81666666666666,46.40802764892578
eicu,pcl,42,42.36666666666667,42.44355010986328
eicu,pcl,42,63.13333333333333,47.89958190917969
eicu,pcl,42,126.91666666666667,40.95781707763672
eicu,pcl,42,62.85,46.17518615722656
eicu,pcl,42,266.6666666666667,52.950008392333984
eicu,pcl,42,383.15,49.01447677612305
eicu,pcl,42,34.21666666666667,32.75541687011719
eicu,pcl,42,96.38333333333334,42.186004638671875
eicu,pcl,42,72.88333333333334,54.23377990722656
eicu,pcl,42,58.083333333333336,47.07284164428711
eicu,pcl,42,165.76666666666668,54.74082565307617
eicu,pcl,42,127.51666666666667,46.35873794555664
eicu,pcl,42,41.85,49.061649322509766
eicu,pcl,42,152.5,55.683502197265625
eicu,pcl,42,31.35,40.991050720214844
eicu,pcl,42,213.75,51.09738540649414
eicu,pcl,42,25.3,43.35769271850586
eicu,pcl,42,165.16666666666666,40.86548614501953
eicu,pcl,42,30.4,45.70798873901367
eicu,pcl,42,47.71666666666667,46.52877426147461
eicu,pcl,42,113.81666666666666,44.36680603027344
eicu,pcl,42,239.71666666666667,48.065940856933594
eicu,pcl,42,70.76666666666667,41.308536529541016
eicu,pcl,42,98.41666666666667,50.9184455871582
eicu,pcl,42,69.91666666666667,47.07112121582031
eicu,pcl,42,396.2,51.963199615478516
eicu,pcl,42,141.56666666666666,48.57218933105469
eicu,pcl,42,41.96666666666667,44.60689163208008
eicu,pcl,42,43.21666666666667,51.4843635559082
eicu,pcl,42,72.4,46.03028106689453
eicu,pcl,42,33.13333333333333,50.5113410949707
eicu,pcl,42,29.083333333333332,27.08320426940918
eicu,pcl,42,31.033333333333335,51.38923645019531
eicu,pcl,42,25.283333333333335,25.826637268066406
eicu,pcl,42,83.33333333333333,42.72303009033203
eicu,pcl,42,337.1166666666667,48.72922897338867
eicu,pcl,42,32.016666666666666,50.498226165771484
eicu,pcl,42,26.45,28.1835994720459
eicu,pcl,42,571.3166666666667,49.55628967285156
eicu,pcl,42,58.43333333333333,42.82878875732422
eicu,pcl,42,27.0,27.759790420532227
eicu,pcl,42,59.38333333333333,47.66714096069336
eicu,pcl,42,76.65,53.57093811035156
eicu,pcl,42,511.9166666666667,46.25368881225586
eicu,pcl,42,494.26666666666665,48.69831466674805
eicu,pcl,42,38.4,49.17781066894531
eicu,pcl,42,46.7,46.63172149658203
eicu,pcl,42,39.53333333333333,43.185455322265625
eicu,pcl,42,36.95,35.7431526184082
eicu,pcl,42,51.6,49.503822326660156
eicu,pcl,42,121.38333333333334,58.688419342041016
eicu,pcl,42,26.366666666666667,35.682926177978516
eicu,pcl,42,84.73333333333333,42.16057205200195
eicu,pcl,42,31.45,32.177772521972656
eicu,pcl,42,75.91666666666667,58.641361236572266
eicu,pcl,42,27.0,32.587242126464844
eicu,pcl,42,31.016666666666666,32.57215118408203
eicu,pcl,42,49.11666666666667,46.718013763427734
eicu,pcl,42,39.516666666666666,35.22898483276367
eicu,pcl,42,37.36666666666667,36.84099578857422
eicu,pcl,42,44.983333333333334,39.35087966918945
eicu,pcl,42,53.81666666666667,49.47428512573242
eicu,pcl,42,44.68333333333333,39.79212951660156
eicu,pcl,42,25.933333333333334,49.923187255859375
eicu,pcl,42,216.41666666666666,47.41188049316406
eicu,pcl,42,39.81666666666667,52.952388763427734
eicu,pcl,42,55.416666666666664,46.95637512207031
eicu,pcl,42,49.65,43.491371154785156
eicu,pcl,42,196.45,52.0905876159668
eicu,pcl,42,94.66666666666667,49.11349868774414
eicu,pcl,42,165.55,47.91004180908203
eicu,pcl,42,182.8,47.24108123779297
eicu,pcl,42,72.91666666666667,54.005645751953125
eicu,pcl,42,114.0,46.21227264404297
eicu,pcl,42,213.63333333333333,53.50631332397461
eicu,pcl,42,27.333333333333332,27.82709503173828
eicu,pcl,42,38.2,38.2157096862793
eicu,pcl,42,52.43333333333333,39.13821792602539
eicu,pcl,42,212.65,53.9474983215332
eicu,pcl,42,67.86666666666666,50.75422286987305
eicu,pcl,42,95.83333333333333,52.55209732055664
eicu,pcl,42,48.38333333333333,47.06934356689453
eicu,pcl,42,44.78333333333333,45.4713020324707
eicu,pcl,42,47.0,44.897769927978516
eicu,pcl,42,112.68333333333334,50.20843505859375
eicu,pcl,42,41.75,40.2849235534668
eicu,pcl,42,72.95,46.95462417602539
eicu,pcl,42,74.3,51.42826843261719
eicu,pcl,42,118.26666666666667,46.478092193603516
eicu,pcl,42,1411.0666666666666,54.25366973876953
eicu,pcl,42,46.21666666666667,42.28485107421875
eicu,pcl,42,99.76666666666667,49.72499465942383
eicu,pcl,42,30.566666666666666,32.97233581542969
eicu,pcl,42,77.1,46.28709411621094
eicu,pcl,42,48.916666666666664,47.10017395019531
eicu,pcl,42,40.7,43.120155334472656
eicu,pcl,42,67.85,52.560855865478516
eicu,pcl,42,46.166666666666664,46.79170227050781
eicu,pcl,42,39.333333333333336,43.39888381958008
eicu,pcl,42,44.38333333333333,46.82469940185547
eicu,pcl,42,35.78333333333333,45.64030838012695
eicu,pcl,42,39.583333333333336,38.8767204284668
eicu,pcl,42,30.183333333333334,41.10353088378906
eicu,pcl,42,37.6,38.663936614990234
eicu,pcl,42,44.016666666666666,46.06165313720703
eicu,pcl,42,48.86666666666667,46.77037811279297
eicu,pcl,42,300.7,55.55369567871094
eicu,pcl,42,43.5,41.365447998046875
eicu,pcl,42,47.166666666666664,45.8358154296875
eicu,pcl,42,33.53333333333333,57.28767013549805
eicu,pcl,42,24.966666666666665,26.72720718383789
eicu,pcl,42,24.916666666666668,35.18418502807617
eicu,pcl,42,37.36666666666667,35.74919891357422
eicu,pcl,42,51.38333333333333,43.06052017211914
eicu,pcl,42,29.166666666666668,42.207252502441406
eicu,pcl,42,29.3,28.59318733215332
eicu,pcl,42,1019.5333333333333,40.01692199707031
eicu,pcl,42,39.65,50.27410125732422
eicu,pcl,42,72.18333333333334,48.93193435668945
eicu,pcl,42,52.916666666666664,55.2459831237793
eicu,pcl,42,25.666666666666668,36.27774429321289
eicu,pcl,42,35.31666666666667,51.717750549316406
eicu,pcl,42,35.25,37.56794357299805
eicu,pcl,42,42.71666666666667,39.76210021972656
eicu,pcl,42,49.333333333333336,39.235103607177734
eicu,pcl,42,59.833333333333336,54.803749084472656
eicu,pcl,42,83.53333333333333,46.88880157470703
eicu,pcl,42,123.36666666666666,46.17985153198242
eicu,pcl,42,73.41666666666667,43.701778411865234
eicu,pcl,42,43.483333333333334,47.75205612182617
eicu,pcl,42,31.5,44.456661224365234
eicu,pcl,42,45.3,44.38444137573242
eicu,pcl,42,298.01666666666665,44.50175476074219
eicu,pcl,42,70.1,44.627708435058594
eicu,pcl,42,47.4,49.195411682128906
eicu,pcl,42,51.31666666666667,54.439598083496094
eicu,pcl,42,28.95,43.126953125
eicu,pcl,42,170.0,50.13968276977539
eicu,pcl,42,46.0,40.81669616699219
eicu,pcl,42,29.9,32.384315490722656
eicu,pcl,42,287.93333333333334,45.92724609375
eicu,pcl,42,65.3,41.78707504272461
eicu,pcl,42,38.96666666666667,35.96335983276367
eicu,pcl,42,102.43333333333334,50.69356155395508
eicu,pcl,42,69.01666666666667,47.7107048034668
eicu,pcl,42,26.833333333333332,28.97332763671875
eicu,pcl,42,62.03333333333333,49.73173141479492
eicu,pcl,42,53.96666666666667,39.42434310913086
eicu,pcl,42,51.36666666666667,41.73915481567383
eicu,pcl,42,382.56666666666666,47.753135681152344
eicu,pcl,42,223.45,49.49618911743164
eicu,pcl,42,43.083333333333336,42.244293212890625
eicu,pcl,42,373.05,52.08496856689453
eicu,pcl,42,90.0,45.660606384277344
eicu,pcl,42,30.75,50.325836181640625
eicu,pcl,42,120.15,58.775917053222656
eicu,pcl,42,117.91666666666667,49.307960510253906
eicu,pcl,42,27.883333333333333,40.027278900146484
eicu,pcl,42,71.98333333333333,44.91764450073242
eicu,pcl,42,72.33333333333333,40.29138946533203
eicu,pcl,42,40.21666666666667,39.56928634643555
eicu,pcl,42,39.416666666666664,39.19219970703125
eicu,pcl,42,110.58333333333333,48.03129196166992
eicu,pcl,42,117.95,45.09202194213867
eicu,pcl,42,28.0,49.55715560913086
eicu,pcl,42,151.06666666666666,44.19603729248047
eicu,pcl,42,31.466666666666665,32.65224075317383
eicu,pcl,42,101.01666666666667,57.64474105834961
eicu,pcl,42,91.18333333333334,47.84608459472656
eicu,pcl,42,71.25,44.187957763671875
eicu,pcl,42,45.416666666666664,46.803897857666016
eicu,pcl,42,33.4,42.440650939941406
eicu,pcl,42,42.46666666666667,43.87027359008789
eicu,pcl,42,25.216666666666665,26.208301544189453
eicu,pcl,42,43.333333333333336,42.545467376708984
eicu,pcl,42,249.33333333333334,50.79414367675781
eicu,pcl,42,400.95,51.615325927734375
eicu,pcl,42,142.35,42.959476470947266
eicu,pcl,42,41.333333333333336,46.56434631347656
eicu,pcl,42,50.9,47.81647872924805
eicu,pcl,42,39.56666666666667,46.59832000732422
eicu,pcl,42,165.83333333333334,45.600982666015625
eicu,pcl,42,37.81666666666667,39.428707122802734
eicu,pcl,42,33.55,34.37272644042969
eicu,pcl,42,58.63333333333333,49.42857360839844
eicu,pcl,42,33.5,45.34519958496094
eicu,pcl,42,172.31666666666666,58.826107025146484
eicu,pcl,42,120.0,50.770538330078125
eicu,pcl,42,26.016666666666666,48.33505630493164
eicu,pcl,42,47.75,44.405601501464844
eicu,pcl,42,85.86666666666666,47.478145599365234
eicu,pcl,42,24.283333333333335,46.71944808959961
eicu,pcl,42,184.96666666666667,56.588932037353516
eicu,pcl,42,109.65,47.037254333496094
eicu,pcl,42,29.5,30.974695205688477
eicu,pcl,42,64.06666666666666,47.22809600830078
eicu,pcl,42,25.9,27.198396682739258
eicu,pcl,42,100.5,39.91607666015625
eicu,pcl,42,46.38333333333333,45.19773483276367
eicu,pcl,42,30.666666666666668,38.92764663696289
eicu,pcl,42,29.05,48.35274887084961
eicu,pcl,42,44.083333333333336,41.172489166259766
eicu,pcl,42,25.233333333333334,33.053340911865234
eicu,pcl,42,712.2333333333333,52.60753631591797
eicu,pcl,42,143.01666666666668,49.61807632446289
eicu,pcl,42,29.85,51.23186492919922
eicu,pcl,42,28.2,52.64054870605469
eicu,pcl,42,71.35,44.24543762207031
eicu,pcl,42,45.85,54.58812713623047
eicu,pcl,42,64.76666666666667,50.90163803100586
eicu,pcl,42,26.0,42.96320724487305
eicu,pcl,42,195.23333333333332,49.35029220581055
eicu,pcl,42,28.35,27.763425827026367
eicu,pcl,42,94.2,44.850738525390625
eicu,pcl,42,161.81666666666666,43.381832122802734
eicu,pcl,42,34.666666666666664,34.87372589111328
eicu,pcl,42,24.8,26.022315979003906
eicu,pcl,42,25.683333333333334,27.68177032470703
eicu,pcl,42,102.98333333333333,41.0713996887207
eicu,pcl,42,72.13333333333334,50.936767578125
eicu,pcl,42,64.83333333333333,44.65007781982422
eicu,pcl,42,94.83333333333333,45.123504638671875
eicu,pcl,42,225.41666666666666,44.37580871582031
eicu,pcl,42,60.81666666666667,46.71415710449219
eicu,pcl,42,49.233333333333334,45.527099609375
eicu,pcl,42,26.833333333333332,47.37776184082031
eicu,pcl,42,51.86666666666667,40.28995132446289
eicu,pcl,42,26.033333333333335,27.93283462524414
eicu,pcl,42,215.23333333333332,47.581825256347656
eicu,pcl,42,79.0,51.99947738647461
eicu,pcl,42,39.55,36.6057243347168
eicu,pcl,42,168.13333333333333,59.23127365112305
eicu,pcl,42,41.483333333333334,48.92630386352539
eicu,pcl,42,79.0,45.562477111816406
eicu,pcl,42,165.0,45.6432991027832
eicu,pcl,42,37.75,50.49018478393555
eicu,pcl,42,41.36666666666667,48.969112396240234
eicu,pcl,42,39.833333333333336,55.57468032836914
eicu,pcl,42,34.56666666666667,35.85006332397461
eicu,pcl,42,108.25,56.541831970214844
eicu,pcl,42,70.26666666666667,46.620933532714844
eicu,pcl,42,26.833333333333332,23.378631591796875
eicu,pcl,42,313.0833333333333,49.89109420776367
eicu,pcl,42,69.51666666666667,47.93101119995117
eicu,pcl,42,83.71666666666667,46.994598388671875
eicu,pcl,42,148.53333333333333,56.57663345336914
eicu,pcl,42,47.88333333333333,51.41688537597656
eicu,pcl,42,46.0,45.96236801147461
eicu,pcl,42,57.833333333333336,49.62005615234375
eicu,pcl,42,43.21666666666667,41.22001647949219
eicu,pcl,42,67.26666666666667,45.68551254272461
eicu,pcl,42,40.31666666666667,52.32136917114258
eicu,pcl,42,171.18333333333334,45.54473114013672
eicu,pcl,42,202.61666666666667,44.65182113647461
eicu,pcl,42,46.81666666666667,47.554046630859375
eicu,pcl,42,98.1,53.779754638671875
eicu,pcl,42,45.28333333333333,40.53126907348633
eicu,pcl,42,492.1333333333333,42.13908004760742
eicu,pcl,42,40.31666666666667,53.43000411987305
eicu,pcl,42,54.833333333333336,56.67835998535156
eicu,pcl,42,149.48333333333332,53.21277618408203
eicu,pcl,42,30.933333333333334,48.391876220703125
eicu,pcl,42,53.9,49.547298431396484
eicu,pcl,42,208.1,47.78999710083008
eicu,pcl,42,432.3,45.61809539794922
eicu,pcl,42,66.25,46.478485107421875
eicu,pcl,42,30.333333333333332,35.84450912475586
eicu,pcl,42,44.016666666666666,43.82804870605469
eicu,pcl,42,40.95,36.94569778442383
eicu,pcl,42,24.733333333333334,38.829864501953125
eicu,pcl,42,24.633333333333333,53.98351287841797
eicu,pcl,42,35.0,53.51715087890625
eicu,pcl,42,143.8,58.72713851928711
eicu,pcl,42,250.68333333333334,49.16673278808594
eicu,pcl,42,125.2,42.5725212097168
eicu,pcl,42,35.083333333333336,37.29042053222656
eicu,pcl,42,43.85,49.2875862121582
eicu,pcl,42,35.65,37.3544807434082
eicu,pcl,42,69.06666666666666,47.02184295654297
eicu,pcl,42,75.16666666666667,52.03526306152344
eicu,pcl,42,95.21666666666667,40.16672897338867
eicu,pcl,42,66.13333333333334,45.986045837402344
eicu,pcl,42,24.666666666666668,26.067794799804688
eicu,pcl,42,36.13333333333333,36.47233200073242
eicu,pcl,42,58.06666666666667,49.39788818359375
eicu,pcl,42,67.33333333333333,46.428707122802734
eicu,pcl,42,49.666666666666664,52.340240478515625
eicu,pcl,42,33.0,47.33849334716797
eicu,pcl,42,92.3,41.76319122314453
eicu,pcl,42,117.78333333333333,46.274818420410156
eicu,pcl,42,37.1,36.5175666809082
eicu,pcl,42,38.083333333333336,46.824745178222656
eicu,pcl,42,30.033333333333335,30.19816017150879
eicu,pcl,42,73.5,41.316680908203125
eicu,pcl,42,155.03333333333333,47.86814880371094
eicu,pcl,42,101.53333333333333,41.252559661865234
eicu,pcl,42,34.3,49.77347946166992
eicu,pcl,42,25.166666666666668,25.366676330566406
eicu,pcl,42,139.25,46.77189254760742
eicu,pcl,42,31.6,54.53535079956055
eicu,pcl,42,143.65,49.170284271240234
eicu,pcl,42,146.33333333333334,57.39939880371094
eicu,pcl,42,33.61666666666667,34.21700668334961
eicu,pcl,42,26.466666666666665,42.907188415527344
eicu,pcl,42,32.1,46.3961296081543
eicu,pcl,42,42.15,55.67690658569336
eicu,pcl,42,44.916666666666664,46.48787307739258
eicu,pcl,42,90.55,46.03605651855469
eicu,pcl,42,92.3,45.18286895751953
eicu,pcl,42,29.1,24.302209854125977
eicu,pcl,42,29.75,37.98870086669922
eicu,pcl,42,47.93333333333333,47.384429931640625
eicu,pcl,42,116.68333333333334,43.92833709716797
eicu,pcl,42,29.883333333333333,44.64866256713867
eicu,pcl,42,119.05,48.772544860839844
eicu,pcl,42,461.6,49.042625427246094
eicu,pcl,42,34.266666666666666,34.63227081298828
eicu,pcl,42,55.766666666666666,46.70779800415039
eicu,pcl,42,68.23333333333333,46.850521087646484
eicu,pcl,42,25.483333333333334,46.47175216674805
eicu,pcl,42,50.81666666666667,44.14798355102539
eicu,pcl,42,49.9,46.38176727294922
eicu,pcl,42,31.0,48.1375617980957
eicu,pcl,42,26.266666666666666,27.51832389831543
eicu,pcl,42,40.75,39.56670379638672
eicu,pcl,42,25.066666666666666,26.658126831054688
eicu,pcl,42,45.083333333333336,42.98869705200195
eicu,pcl,42,239.13333333333333,46.76344299316406
eicu,pcl,42,39.5,45.31089401245117
eicu,pcl,42,28.283333333333335,46.89624786376953
eicu,pcl,42,76.66666666666667,47.23621368408203
eicu,pcl,42,43.3,45.47056198120117
eicu,pcl,42,75.08333333333333,53.07886505126953
eicu,pcl,42,179.8,47.061519622802734
eicu,pcl,42,43.983333333333334,47.170188903808594
eicu,pcl,42,121.81666666666666,45.74382781982422
eicu,pcl,42,28.6,46.14518737792969
eicu,pcl,42,188.35,46.24758529663086
eicu,pcl,42,74.33333333333333,46.89574432373047
eicu,pcl,42,26.483333333333334,49.84798049926758
eicu,pcl,42,37.1,30.28458595275879
eicu,pcl,42,70.61666666666666,52.31074523925781
eicu,pcl,42,482.25,46.412357330322266
eicu,pcl,42,93.1,41.01082992553711
eicu,pcl,42,89.5,48.70104217529297
eicu,pcl,42,39.36666666666667,45.140132904052734
eicu,pcl,42,196.76666666666668,43.80159378051758
eicu,pcl,42,239.85,44.975746154785156
eicu,pcl,42,83.63333333333334,47.68187713623047
eicu,pcl,42,37.016666666666666,40.98558807373047
eicu,pcl,42,55.45,54.60909652709961
eicu,pcl,42,114.48333333333333,53.1899528503418
eicu,pcl,42,156.55,46.16362380981445
eicu,pcl,42,51.983333333333334,49.58965301513672
eicu,pcl,42,70.25,42.4852294921875
eicu,pcl,42,39.733333333333334,37.54874801635742
eicu,pcl,42,52.916666666666664,45.835906982421875
eicu,pcl,42,66.2,46.77865982055664
eicu,pcl,42,32.266666666666666,33.07590103149414
eicu,pcl,42,264.0,48.93845748901367
eicu,pcl,42,260.4166666666667,45.82251739501953
eicu,pcl,42,27.366666666666667,28.23438835144043
eicu,pcl,42,43.166666666666664,41.737667083740234
eicu,pcl,42,228.41666666666666,50.0993537902832
eicu,pcl,42,27.716666666666665,48.77718734741211
eicu,pcl,42,54.61666666666667,48.99683380126953
eicu,pcl,42,47.166666666666664,43.7530517578125
eicu,pcl,42,70.8,46.18373489379883
eicu,pcl,42,100.96666666666667,44.7801513671875
eicu,pcl,42,48.43333333333333,52.520545959472656
eicu,pcl,42,26.083333333333332,37.48945999145508
eicu,pcl,42,29.766666666666666,29.398990631103516
eicu,pcl,42,192.3,46.125518798828125
eicu,pcl,42,35.516666666666666,35.71519470214844
eicu,pcl,42,102.83333333333333,51.67708206176758
eicu,pcl,42,62.233333333333334,49.505882263183594
eicu,pcl,42,34.7,40.998931884765625
eicu,pcl,42,32.083333333333336,50.894981384277344
eicu,pcl,42,35.8,35.83365249633789
eicu,pcl,42,41.35,36.35831069946289
eicu,pcl,42,61.36666666666667,45.982215881347656
eicu,pcl,42,139.23333333333332,51.51443862915039
eicu,pcl,42,29.416666666666668,30.308454513549805
eicu,pcl,42,471.25,49.57917404174805
eicu,pcl,42,172.66666666666666,46.46175765991211
eicu,pcl,42,30.55,48.762672424316406
eicu,pcl,42,43.46666666666667,46.018733978271484
eicu,pcl,42,39.46666666666667,44.252105712890625
eicu,pcl,42,86.4,59.59577560424805
eicu,pcl,42,40.0,35.1279182434082
eicu,pcl,42,45.4,48.19451904296875
eicu,pcl,42,78.13333333333334,44.410980224609375
eicu,pcl,42,85.31666666666666,46.57522201538086
eicu,pcl,42,29.316666666666666,44.04966354370117
eicu,pcl,42,24.566666666666666,47.62062072753906
eicu,pcl,42,49.016666666666666,41.686668395996094
eicu,pcl,42,28.316666666666666,50.492347717285156
eicu,pcl,42,49.13333333333333,46.135643005371094
eicu,pcl,42,132.8,49.10752487182617
eicu,pcl,42,89.01666666666667,47.14239501953125
eicu,pcl,42,43.25,46.53228759765625
eicu,pcl,42,69.41666666666667,49.22002029418945
eicu,pcl,42,42.13333333333333,45.553375244140625
eicu,pcl,42,73.36666666666666,45.880794525146484
eicu,pcl,42,68.68333333333334,41.70905685424805
eicu,pcl,42,82.85,46.15336990356445
eicu,pcl,42,39.11666666666667,40.28390884399414
eicu,pcl,42,42.766666666666666,41.6961784362793
eicu,pcl,42,44.36666666666667,45.98853302001953
eicu,pcl,42,31.75,50.91063690185547
eicu,pcl,42,129.83333333333334,61.62329864501953
eicu,pcl,42,25.55,50.11898422241211
eicu,pcl,42,54.28333333333333,47.189937591552734
eicu,pcl,42,94.73333333333333,55.340980529785156
eicu,pcl,42,28.9,48.571502685546875
eicu,pcl,42,27.85,29.455524444580078
eicu,pcl,42,50.083333333333336,43.57232666015625
eicu,pcl,42,69.73333333333333,49.63031768798828
eicu,pcl,42,27.3,27.22173500061035
eicu,pcl,42,301.78333333333336,61.116085052490234
eicu,pcl,42,34.9,44.95391845703125
eicu,pcl,42,87.2,47.01389694213867
eicu,pcl,42,106.96666666666667,48.134037017822266
eicu,pcl,42,96.76666666666667,44.35247802734375
eicu,pcl,42,51.38333333333333,44.8843994140625
eicu,pcl,42,88.5,47.0141487121582
eicu,pcl,42,61.516666666666666,42.60249328613281
eicu,pcl,42,91.31666666666666,53.27326202392578
eicu,pcl,42,149.35,47.600791931152344
eicu,pcl,42,116.55,58.55758285522461
eicu,pcl,42,25.233333333333334,41.92729568481445
eicu,pcl,42,31.416666666666668,32.267818450927734
eicu,pcl,42,39.45,38.852386474609375
eicu,pcl,42,47.11666666666667,47.38177490234375
eicu,pcl,42,76.78333333333333,42.94412612915039
eicu,pcl,42,35.7,49.922386169433594
eicu,pcl,42,205.66666666666666,48.362998962402344
eicu,pcl,42,51.583333333333336,41.191375732421875
eicu,pcl,42,24.766666666666666,25.533878326416016
eicu,pcl,42,53.35,49.61553192138672
eicu,pcl,42,70.8,51.777801513671875
eicu,pcl,42,34.35,49.65104675292969
eicu,pcl,42,676.5833333333334,45.99047088623047
eicu,pcl,42,24.533333333333335,26.27911376953125
eicu,pcl,42,104.75,49.129058837890625
eicu,pcl,42,47.71666666666667,46.74051284790039
eicu,pcl,42,29.1,30.371137619018555
eicu,pcl,42,97.65,45.352317810058594
eicu,pcl,42,92.21666666666667,47.95084762573242
eicu,pcl,42,33.71666666666667,39.68600845336914
eicu,pcl,42,49.583333333333336,44.92829895019531
eicu,pcl,42,129.48333333333332,46.6711540222168
eicu,pcl,42,43.53333333333333,41.36968994140625
eicu,pcl,42,31.55,31.45000457763672
eicu,pcl,42,97.61666666666666,52.03715896606445
eicu,pcl,42,59.2,54.73407745361328
eicu,pcl,42,225.4,46.23654556274414
eicu,pcl,42,45.85,42.953826904296875
eicu,pcl,42,152.23333333333332,45.662296295166016
eicu,pcl,42,678.8333333333334,53.59501266479492
eicu,pcl,42,64.71666666666667,55.398956298828125
eicu,pcl,42,735.5833333333334,52.33631134033203
eicu,pcl,42,50.0,41.89902877807617
eicu,pcl,42,27.0,43.20418930053711
eicu,pcl,42,51.9,49.409271240234375
eicu,pcl,42,178.55,47.24750900268555
eicu,pcl,42,483.55,48.46061325073242
eicu,pcl,42,59.75,45.288673400878906
eicu,pcl,42,132.26666666666668,56.92139434814453
eicu,pcl,42,59.516666666666666,56.158103942871094
eicu,pcl,42,188.5,44.48479461669922
eicu,pcl,42,48.583333333333336,51.55817794799805
eicu,pcl,42,61.5,50.60464096069336
eicu,pcl,42,74.35,44.82504653930664
eicu,pcl,42,27.35,29.89220428466797
eicu,pcl,42,53.61666666666667,48.38852310180664
eicu,pcl,42,67.43333333333334,44.81120300292969
eicu,pcl,42,84.05,45.670997619628906
eicu,pcl,42,380.28333333333336,60.06643295288086
eicu,pcl,42,73.5,50.52452087402344
eicu,pcl,42,103.68333333333334,45.03007125854492
eicu,pcl,42,66.03333333333333,46.76676559448242
eicu,pcl,42,66.98333333333333,47.47095489501953
eicu,pcl,42,219.01666666666668,46.170753479003906
eicu,pcl,42,73.6,46.12001419067383
eicu,pcl,42,26.266666666666666,49.66749572753906
eicu,pcl,42,136.78333333333333,47.734718322753906
eicu,pcl,42,110.3,51.090118408203125
eicu,pcl,42,219.28333333333333,48.05683898925781
eicu,pcl,42,57.916666666666664,48.36146926879883
eicu,pcl,42,59.95,45.0584602355957
eicu,pcl,42,24.35,50.88022232055664
eicu,pcl,42,27.733333333333334,51.86452102661133
eicu,pcl,42,144.01666666666668,44.32359313964844
eicu,pcl,42,60.43333333333333,45.369163513183594
eicu,pcl,42,130.66666666666666,44.23601150512695
eicu,pcl,42,83.0,59.397308349609375
eicu,pcl,42,50.11666666666667,41.831565856933594
eicu,pcl,42,333.73333333333335,55.12686538696289
eicu,pcl,42,29.666666666666668,50.692909240722656
eicu,pcl,42,24.833333333333332,26.03966522216797
eicu,pcl,42,48.666666666666664,48.472633361816406
eicu,pcl,42,37.55,37.76628875732422
eicu,pcl,42,27.116666666666667,29.111021041870117
eicu,pcl,42,28.7,31.209575653076172
eicu,pcl,42,50.71666666666667,49.53065872192383
eicu,pcl,42,43.916666666666664,43.905601501464844
eicu,pcl,42,37.86666666666667,36.89487838745117
eicu,pcl,42,69.76666666666667,45.84141159057617
eicu,pcl,42,35.733333333333334,35.48379898071289
eicu,pcl,42,262.3666666666667,48.52470016479492
eicu,pcl,42,93.25,46.59564208984375
eicu,pcl,42,63.85,45.7197151184082
eicu,pcl,42,51.21666666666667,45.65409851074219
eicu,pcl,42,65.18333333333334,46.3608283996582
eicu,pcl,42,28.216666666666665,47.07163619995117
eicu,pcl,42,79.66666666666667,47.965938568115234
eicu,pcl,42,97.65,45.798179626464844
eicu,pcl,42,155.4,46.92926025390625
eicu,pcl,42,87.41666666666667,47.646827697753906
eicu,pcl,42,58.5,48.936431884765625
eicu,pcl,42,63.0,42.653926849365234
eicu,pcl,42,42.86666666666667,43.55982208251953
eicu,pcl,42,29.15,49.63752365112305
eicu,pcl,42,87.91666666666667,48.21163558959961
eicu,pcl,42,135.11666666666667,50.06541061401367
eicu,pcl,42,54.46666666666667,54.53598403930664
eicu,pcl,42,70.6,48.62662124633789
eicu,pcl,42,238.83333333333334,51.86731719970703
eicu,pcl,42,32.85,45.9646110534668
eicu,pcl,42,85.7,46.60300827026367
eicu,pcl,42,121.33333333333333,45.48574447631836
eicu,pcl,42,50.05,46.783626556396484
eicu,pcl,42,38.75,38.70094680786133
eicu,pcl,42,525.9833333333333,49.16682815551758
eicu,pcl,42,57.5,47.088775634765625
eicu,pcl,42,35.21666666666667,50.48565673828125
eicu,pcl,42,64.91666666666667,46.03847885131836
eicu,pcl,42,171.1,53.21329116821289
eicu,pcl,42,71.61666666666666,45.627235412597656
eicu,pcl,42,69.65,43.32973861694336
eicu,pcl,42,39.916666666666664,39.17527770996094
eicu,pcl,42,27.433333333333334,27.700273513793945
eicu,pcl,42,156.93333333333334,46.96432113647461
eicu,pcl,42,27.983333333333334,47.68592834472656
eicu,pcl,42,75.25,53.219482421875
eicu,pcl,42,46.0,40.619956970214844
eicu,pcl,42,274.43333333333334,45.641666412353516
eicu,pcl,42,141.33333333333334,49.949249267578125
eicu,pcl,42,34.483333333333334,50.402191162109375
eicu,pcl,42,64.21666666666667,52.6973876953125
eicu,pcl,42,308.95,54.212608337402344
eicu,pcl,42,28.616666666666667,49.80918884277344
eicu,pcl,42,78.75,48.70469284057617
eicu,pcl,42,35.36666666666667,51.4997673034668
eicu,pcl,42,66.55,46.29331970214844
eicu,pcl,42,28.35,46.66900634765625
eicu,pcl,42,115.06666666666666,45.29658508300781
eicu,pcl,42,131.53333333333333,52.24362564086914
eicu,pcl,42,56.3,46.106040954589844
eicu,pcl,42,37.4,38.07850646972656
eicu,pcl,42,99.03333333333333,44.798973083496094
eicu,pcl,42,29.133333333333333,30.393770217895508
eicu,pcl,42,72.11666666666666,43.49264144897461
eicu,pcl,42,36.38333333333333,50.48412322998047
eicu,pcl,42,129.43333333333334,47.61071014404297
eicu,pcl,42,41.016666666666666,50.00529098510742
eicu,pcl,42,33.833333333333336,36.85416793823242
eicu,pcl,42,104.2,48.27703094482422
eicu,pcl,42,47.733333333333334,47.954978942871094
eicu,pcl,42,161.31666666666666,45.91547775268555
eicu,pcl,42,72.11666666666666,47.85667419433594
eicu,pcl,42,108.73333333333333,41.000885009765625
eicu,pcl,42,25.066666666666666,27.377330780029297
eicu,pcl,42,70.73333333333333,47.381004333496094
eicu,pcl,42,42.18333333333333,49.73030471801758
eicu,pcl,42,51.266666666666666,45.88600158691406
eicu,pcl,42,24.583333333333332,37.86456298828125
eicu,pcl,42,36.96666666666667,43.141998291015625
eicu,pcl,42,88.21666666666667,47.65003967285156
eicu,pcl,42,367.93333333333334,50.68484878540039
eicu,pcl,42,90.85,53.78978729248047
eicu,pcl,42,37.35,37.06892395019531
eicu,pcl,42,121.1,48.9001579284668
eicu,pcl,42,37.25,35.484683990478516
eicu,pcl,42,32.88333333333333,41.64897155761719
eicu,pcl,42,25.316666666666666,26.972198486328125
eicu,pcl,42,66.41666666666667,45.90370178222656
eicu,pcl,42,47.416666666666664,41.26125717163086
eicu,pcl,42,32.833333333333336,43.072845458984375
eicu,pcl,42,293.1333333333333,53.46793746948242
eicu,pcl,42,48.53333333333333,48.49516677856445
eicu,pcl,42,30.7,30.934926986694336
eicu,pcl,42,164.28333333333333,45.50487518310547
eicu,pcl,42,257.73333333333335,53.43017578125
eicu,pcl,42,226.76666666666668,61.8253059387207
eicu,pcl,42,59.45,46.24142074584961
eicu,pcl,42,31.566666666666666,47.79396438598633
eicu,pcl,42,39.983333333333334,37.50328063964844
eicu,pcl,42,35.55,34.96765899658203
eicu,pcl,42,41.86666666666667,46.049034118652344
eicu,pcl,42,25.9,26.350353240966797
eicu,pcl,42,56.2,43.4649658203125
eicu,pcl,42,94.9,53.40953063964844
eicu,pcl,42,63.416666666666664,57.844688415527344
eicu,pcl,42,42.833333333333336,44.6522331237793
eicu,pcl,42,39.06666666666667,39.02118682861328
eicu,pcl,42,679.2833333333333,54.47016525268555
eicu,pcl,42,62.0,46.6532096862793
eicu,pcl,42,33.06666666666667,49.46472930908203
eicu,pcl,42,38.53333333333333,37.98442459106445
eicu,pcl,42,26.766666666666666,51.78411865234375
eicu,pcl,42,84.81666666666666,48.126163482666016
eicu,pcl,42,69.91666666666667,45.52619171142578
eicu,pcl,42,33.65,34.03562927246094
eicu,pcl,42,51.56666666666667,47.620609283447266
eicu,pcl,42,29.633333333333333,47.71122741699219
eicu,pcl,42,83.58333333333333,52.965576171875
eicu,pcl,42,24.4,46.663333892822266
eicu,pcl,42,140.73333333333332,48.3791389465332
eicu,pcl,42,43.1,41.504520416259766
eicu,pcl,42,61.86666666666667,46.2384147644043
eicu,pcl,42,95.01666666666667,47.53818893432617
eicu,pcl,42,26.15,51.77549743652344
eicu,pcl,42,204.08333333333334,41.09492111206055
eicu,pcl,42,137.66666666666666,46.406864166259766
eicu,pcl,42,464.93333333333334,49.302345275878906
eicu,pcl,42,43.56666666666667,45.398712158203125
eicu,pcl,42,75.16666666666667,47.465213775634766
eicu,pcl,42,86.56666666666666,47.65574645996094
eicu,pcl,42,35.43333333333333,58.67367935180664
eicu,pcl,42,70.96666666666667,41.575313568115234
eicu,pcl,42,44.6,46.42287063598633
eicu,pcl,42,44.333333333333336,46.15671920776367
eicu,pcl,42,72.25,45.80067825317383
eicu,pcl,42,44.61666666666667,45.50223922729492
eicu,pcl,42,72.58333333333333,46.48830032348633
eicu,pcl,42,105.45,63.528167724609375
eicu,pcl,42,69.76666666666667,45.86188507080078
eicu,pcl,42,28.266666666666666,29.8020076751709
eicu,pcl,42,99.36666666666666,44.19868850708008
eicu,pcl,42,84.06666666666666,47.57099914550781
eicu,pcl,42,26.0,45.45680236816406
eicu,pcl,42,33.53333333333333,47.461917877197266
eicu,pcl,42,211.33333333333334,51.04859161376953
eicu,pcl,42,55.36666666666667,46.19101333618164
eicu,pcl,42,167.66666666666666,46.25873565673828
eicu,pcl,42,25.183333333333334,46.827781677246094
eicu,pcl,42,302.78333333333336,56.498165130615234
eicu,pcl,42,24.666666666666668,27.871692657470703
eicu,pcl,42,36.05,41.41754913330078
eicu,pcl,42,47.6,45.79547882080078
eicu,pcl,42,92.9,53.475276947021484
eicu,pcl,42,60.71666666666667,49.231876373291016
eicu,pcl,42,44.333333333333336,51.03339385986328
eicu,pcl,42,26.9,47.60449981689453
eicu,pcl,42,95.71666666666667,47.11749267578125
eicu,pcl,42,38.7,42.11491775512695
eicu,pcl,42,39.2,48.704097747802734
eicu,pcl,42,29.383333333333333,36.22615432739258
eicu,pcl,42,95.7,58.66975021362305
eicu,pcl,42,45.71666666666667,41.332027435302734
eicu,pcl,42,38.55,35.97384262084961
eicu,pcl,42,34.45,33.44337463378906
eicu,pcl,42,28.85,47.928001403808594
eicu,pcl,42,48.0,41.2443733215332
eicu,pcl,42,61.88333333333333,46.85116195678711
eicu,pcl,42,72.08333333333333,43.160640716552734
eicu,pcl,42,74.88333333333334,42.044036865234375
eicu,pcl,42,73.05,43.20514678955078
eicu,pcl,42,62.68333333333333,43.920616149902344
eicu,pcl,42,120.58333333333333,48.93964767456055
eicu,pcl,42,63.43333333333333,47.655120849609375
eicu,pcl,42,52.85,50.016197204589844
eicu,pcl,42,41.0,43.233760833740234
eicu,pcl,42,28.883333333333333,35.896636962890625
eicu,pcl,42,49.93333333333333,45.552467346191406
eicu,pcl,42,63.483333333333334,45.83787155151367
eicu,pcl,42,31.866666666666667,35.44741439819336
eicu,pcl,42,50.8,46.61206817626953
eicu,pcl,42,372.1166666666667,56.3325309753418
eicu,pcl,42,41.85,44.52096176147461
eicu,pcl,42,55.45,42.85459518432617
eicu,pcl,42,44.766666666666666,44.50733184814453
eicu,pcl,42,48.916666666666664,44.446754455566406
eicu,pcl,42,173.28333333333333,47.7021484375
eicu,pcl,42,46.516666666666666,49.67648696899414
eicu,pcl,42,119.86666666666666,45.442474365234375
eicu,pcl,42,49.833333333333336,36.402095794677734
eicu,pcl,42,61.166666666666664,45.5347785949707
eicu,pcl,42,43.666666666666664,49.061431884765625
eicu,pcl,42,108.63333333333334,53.540409088134766
eicu,pcl,42,65.16666666666667,56.4589729309082
eicu,pcl,42,52.0,54.50831985473633
eicu,pcl,42,41.083333333333336,46.454132080078125
eicu,pcl,42,139.38333333333333,45.71989440917969
eicu,pcl,42,370.23333333333335,48.205535888671875
eicu,pcl,42,236.15,50.962852478027344
eicu,pcl,42,26.55,47.44361877441406
eicu,pcl,42,73.38333333333334,52.170249938964844
eicu,pcl,42,27.116666666666667,28.30919647216797
eicu,pcl,42,29.8,30.012388229370117
eicu,pcl,42,24.766666666666666,49.48527145385742
eicu,pcl,42,75.61666666666666,44.21503829956055
eicu,pcl,42,25.683333333333334,46.85708236694336
eicu,pcl,42,24.016666666666666,51.521453857421875
eicu,pcl,42,148.56666666666666,53.995994567871094
eicu,pcl,42,99.01666666666667,46.32176208496094
eicu,pcl,42,85.96666666666667,47.57384490966797
eicu,pcl,42,32.916666666666664,29.68039321899414
eicu,pcl,42,570.3333333333334,49.94104766845703
eicu,pcl,42,24.916666666666668,48.7076301574707
eicu,pcl,42,90.96666666666667,45.777652740478516
eicu,pcl,42,29.2,51.79776382446289
eicu,pcl,42,167.63333333333333,48.8335075378418
eicu,pcl,42,30.983333333333334,48.265235900878906
eicu,pcl,42,30.833333333333332,52.90708923339844
eicu,pcl,42,44.75,41.82471466064453
eicu,pcl,42,98.95,49.06216049194336
eicu,pcl,42,44.31666666666667,49.08503723144531
eicu,pcl,42,35.36666666666667,34.547630310058594
eicu,pcl,42,71.7,43.45357894897461
eicu,pcl,42,250.6,49.89631271362305
eicu,pcl,42,26.866666666666667,27.87691879272461
eicu,pcl,42,34.65,30.87322235107422
eicu,pcl,42,41.5,41.646183013916016
eicu,pcl,42,73.18333333333334,43.26228713989258
eicu,pcl,42,61.0,44.25005340576172
eicu,pcl,42,26.733333333333334,27.541778564453125
eicu,pcl,42,121.0,54.400062561035156
eicu,pcl,42,111.25,57.16606140136719
eicu,pcl,42,153.35,45.520355224609375
eicu,pcl,42,123.73333333333333,46.11623001098633
eicu,pcl,42,97.43333333333334,44.77827453613281
eicu,pcl,42,56.233333333333334,45.9416389465332
eicu,pcl,42,72.43333333333334,44.43636703491211
eicu,pcl,42,62.666666666666664,43.50267028808594
eicu,pcl,42,42.333333333333336,43.53089904785156
eicu,pcl,42,34.65,35.51781463623047
eicu,pcl,42,29.333333333333332,36.44758605957031
eicu,pcl,42,106.85,51.30424499511719
eicu,pcl,42,30.433333333333334,31.453502655029297
eicu,pcl,42,71.53333333333333,39.9201545715332
eicu,pcl,42,113.7,46.04732894897461
eicu,pcl,42,214.96666666666667,47.429786682128906
eicu,pcl,42,25.566666666666666,37.885101318359375
eicu,pcl,42,117.91666666666667,46.015628814697266
eicu,pcl,42,46.9,47.382328033447266
eicu,pcl,42,115.5,55.2011833190918
eicu,pcl,42,43.55,47.29027557373047
eicu,pcl,42,71.6,39.641544342041016
eicu,pcl,42,115.73333333333333,47.766597747802734
eicu,pcl,42,40.983333333333334,49.45664596557617
eicu,pcl,42,171.23333333333332,48.63492965698242
eicu,pcl,42,50.166666666666664,46.50373840332031
eicu,pcl,42,71.13333333333334,40.76503372192383
eicu,pcl,42,70.53333333333333,45.20203399658203
eicu,pcl,42,42.43333333333333,43.038455963134766
eicu,pcl,42,31.083333333333332,51.053470611572266
eicu,pcl,42,93.46666666666667,50.66215515136719
eicu,pcl,42,170.51666666666668,57.672489166259766
eicu,pcl,42,109.65,47.863582611083984
eicu,pcl,42,33.583333333333336,44.71528625488281
eicu,pcl,42,110.35,49.468605041503906
eicu,pcl,42,65.16666666666667,45.711875915527344
eicu,pcl,42,40.833333333333336,51.063411712646484
eicu,pcl,42,43.8,42.636051177978516
eicu,pcl,42,33.11666666666667,33.29762649536133
eicu,pcl,42,50.63333333333333,46.023250579833984
eicu,pcl,42,87.96666666666667,47.4771842956543
eicu,pcl,42,112.76666666666667,47.420249938964844
eicu,pcl,42,25.183333333333334,26.548044204711914
eicu,pcl,42,46.21666666666667,46.86396408081055
eicu,pcl,42,70.98333333333333,46.3504524230957
eicu,pcl,42,56.3,58.68147659301758
eicu,pcl,42,52.46666666666667,57.801212310791016
eicu,pcl,42,89.23333333333333,47.09079360961914
eicu,pcl,42,189.0,45.19364929199219
eicu,pcl,42,148.78333333333333,44.92530822753906
eicu,pcl,42,27.383333333333333,47.49171447753906
eicu,pcl,42,55.03333333333333,44.711647033691406
eicu,pcl,42,28.75,29.020185470581055
eicu,pcl,42,176.48333333333332,63.847511291503906
eicu,pcl,42,578.7833333333333,45.644466400146484
eicu,pcl,42,213.65,45.75082778930664
eicu,pcl,42,358.93333333333334,47.50710678100586
eicu,pcl,42,53.2,47.0311164855957
eicu,pcl,42,44.833333333333336,46.9677734375
eicu,pcl,42,43.81666666666667,47.54041290283203
eicu,pcl,42,52.61666666666667,43.772708892822266
eicu,pcl,42,66.7,45.2105827331543
eicu,pcl,42,143.05,46.559776306152344
eicu,pcl,42,204.73333333333332,53.88559341430664
eicu,pcl,42,28.0,48.022220611572266
eicu,pcl,42,47.25,41.46213150024414
eicu,pcl,42,31.7,34.97747039794922
eicu,pcl,42,53.983333333333334,45.04174041748047
eicu,pcl,42,128.5,50.30797576904297
eicu,pcl,42,134.41666666666666,53.824649810791016
eicu,pcl,42,51.38333333333333,50.17915344238281
eicu,pcl,42,28.7,50.858890533447266
eicu,pcl,42,41.416666666666664,42.308326721191406
eicu,pcl,42,27.783333333333335,32.261077880859375
eicu,pcl,42,49.63333333333333,44.923885345458984
eicu,pcl,42,48.81666666666667,41.62501907348633
eicu,pcl,42,49.81666666666667,44.881465911865234
eicu,pcl,42,120.15,43.867183685302734
eicu,pcl,42,28.95,50.042320251464844
eicu,pcl,42,38.38333333333333,49.729469299316406
eicu,pcl,42,39.333333333333336,36.77398681640625
eicu,pcl,42,53.35,49.72651672363281
eicu,pcl,42,40.3,49.40744400024414
eicu,pcl,42,47.016666666666666,47.63391876220703
eicu,pcl,42,48.45,41.91196823120117
eicu,pcl,42,43.166666666666664,46.247833251953125
eicu,pcl,42,60.36666666666667,40.88667297363281
eicu,pcl,42,255.26666666666668,45.99155807495117
eicu,pcl,42,37.86666666666667,45.365779876708984
eicu,pcl,42,104.51666666666667,47.70530700683594
eicu,pcl,42,62.516666666666666,40.79336166381836
eicu,pcl,42,102.03333333333333,54.850921630859375
eicu,pcl,42,90.18333333333334,47.3399658203125
eicu,pcl,42,36.13333333333333,50.2708854675293
eicu,pcl,42,161.86666666666667,45.215396881103516
eicu,pcl,42,83.13333333333334,43.0198974609375
eicu,pcl,42,57.45,45.68608856201172
eicu,pcl,42,31.333333333333332,40.43320846557617
eicu,pcl,42,192.66666666666666,49.666831970214844
eicu,pcl,42,200.51666666666668,46.5234375
eicu,pcl,42,57.13333333333333,48.87992477416992
eicu,pcl,42,60.46666666666667,48.365447998046875
eicu,pcl,42,123.4,42.373382568359375
eicu,pcl,42,50.416666666666664,52.991905212402344
eicu,pcl,42,43.65,40.046653747558594
eicu,pcl,42,29.866666666666667,44.74312210083008
eicu,pcl,42,86.3,53.7927131652832
eicu,pcl,42,261.8666666666667,44.948516845703125
eicu,pcl,42,26.0,26.54666519165039
eicu,pcl,42,45.666666666666664,46.821041107177734
eicu,pcl,42,51.61666666666667,45.546051025390625
eicu,pcl,42,95.03333333333333,49.70814895629883
eicu,pcl,42,42.266666666666666,45.595882415771484
eicu,pcl,42,96.43333333333334,52.900753021240234
eicu,pcl,42,26.0,44.77341842651367
eicu,pcl,42,27.483333333333334,40.51178741455078
eicu,pcl,42,31.233333333333334,35.420494079589844
eicu,pcl,42,52.31666666666667,46.16366958618164
eicu,pcl,42,56.6,46.127742767333984
eicu,pcl,42,40.833333333333336,40.45391082763672
eicu,pcl,42,73.53333333333333,51.81856155395508
eicu,pcl,42,41.666666666666664,46.472103118896484
eicu,pcl,42,87.51666666666667,45.50197219848633
eicu,pcl,42,160.28333333333333,50.281044006347656
eicu,pcl,42,42.733333333333334,44.957027435302734
eicu,pcl,42,24.683333333333334,52.372501373291016
eicu,pcl,42,116.23333333333333,48.08064651489258
eicu,pcl,42,90.61666666666666,40.86991882324219
eicu,pcl,42,58.766666666666666,49.28337860107422
eicu,pcl,42,58.916666666666664,47.32093048095703
eicu,pcl,42,37.166666666666664,37.882450103759766
eicu,pcl,42,288.8666666666667,54.065582275390625
eicu,pcl,42,504.93333333333334,42.00541687011719
eicu,pcl,42,25.966666666666665,25.914918899536133
eicu,pcl,42,82.56666666666666,51.44497299194336
eicu,pcl,42,93.33333333333333,43.748069763183594
eicu,pcl,42,60.3,46.55891418457031
eicu,pcl,42,301.65,47.277957916259766
eicu,pcl,42,27.75,43.94269561767578
eicu,pcl,42,165.5,43.35009002685547
eicu,pcl,42,30.716666666666665,30.32261085510254
eicu,pcl,42,97.81666666666666,46.37679672241211
eicu,pcl,42,26.516666666666666,27.966552734375
eicu,pcl,42,46.31666666666667,43.104862213134766
eicu,pcl,42,49.3,53.794071197509766
eicu,pcl,42,39.56666666666667,35.76655960083008
eicu,pcl,42,133.23333333333332,47.190303802490234
eicu,pcl,42,115.9,51.25346374511719
eicu,pcl,42,83.85,48.219451904296875
eicu,pcl,42,25.016666666666666,49.43667984008789
eicu,pcl,42,27.983333333333334,27.22276496887207
eicu,pcl,42,241.5,42.4482536315918
eicu,pcl,42,42.11666666666667,42.73523712158203
eicu,pcl,42,41.71666666666667,46.156822204589844
eicu,pcl,42,63.18333333333333,46.046844482421875
eicu,pcl,42,37.78333333333333,36.854286193847656
eicu,pcl,42,26.9,44.637847900390625
eicu,pcl,42,123.61666666666666,43.980899810791016
eicu,pcl,42,42.55,41.43798065185547
eicu,pcl,42,536.2,51.467533111572266
eicu,pcl,42,50.38333333333333,51.4678840637207
eicu,pcl,42,383.9166666666667,44.97252655029297
eicu,pcl,42,32.766666666666666,35.75189971923828
eicu,pcl,42,66.61666666666666,46.42599105834961
eicu,pcl,42,38.083333333333336,50.04726028442383
eicu,pcl,42,85.7,48.02397155761719
eicu,pcl,42,29.85,43.21584701538086
eicu,pcl,42,32.8,30.7777156829834
eicu,pcl,42,29.666666666666668,35.28621292114258
eicu,pcl,42,34.333333333333336,51.64176559448242
eicu,pcl,42,25.166666666666668,39.0872802734375
eicu,pcl,42,52.46666666666667,43.74700164794922
eicu,pcl,42,411.95,51.62788391113281
eicu,pcl,42,37.416666666666664,33.189579010009766
eicu,pcl,42,73.08333333333333,52.55950164794922
eicu,pcl,42,45.733333333333334,43.43914794921875
eicu,pcl,42,1108.3166666666666,51.70145034790039
eicu,pcl,42,51.083333333333336,47.42920684814453
eicu,pcl,42,89.98333333333333,51.14632034301758
eicu,pcl,42,42.766666666666666,42.232303619384766
eicu,pcl,42,37.38333333333333,41.93690872192383
eicu,pcl,42,29.383333333333333,50.43270492553711
eicu,pcl,42,187.15,44.99539566040039
eicu,pcl,42,185.58333333333334,47.64724349975586
eicu,pcl,42,41.833333333333336,42.245487213134766
eicu,pcl,42,121.15,46.04990768432617
eicu,pcl,42,67.51666666666667,37.54518508911133
eicu,pcl,42,120.85,48.465816497802734
eicu,pcl,42,42.35,45.620018005371094
eicu,pcl,42,40.28333333333333,40.493282318115234
eicu,pcl,42,360.96666666666664,47.8436279296875
eicu,pcl,42,39.2,38.707305908203125
eicu,pcl,42,50.083333333333336,42.224605560302734
eicu,pcl,42,25.333333333333332,26.653076171875
eicu,pcl,42,175.71666666666667,54.685489654541016
eicu,pcl,42,49.0,45.51041030883789
eicu,pcl,42,82.33333333333333,48.27103805541992
eicu,pcl,42,191.03333333333333,46.630855560302734
eicu,pcl,42,29.45,32.50603103637695
eicu,pcl,42,59.916666666666664,47.884464263916016
eicu,pcl,42,52.65,40.649776458740234
eicu,pcl,42,37.8,35.81287384033203
eicu,pcl,42,45.0,46.252044677734375
eicu,pcl,42,68.75,52.070098876953125
eicu,pcl,42,316.46666666666664,60.63084030151367
eicu,pcl,42,55.55,41.660400390625
eicu,pcl,42,162.85,50.329410552978516
eicu,pcl,42,381.46666666666664,48.258731842041016
eicu,pcl,42,47.86666666666667,51.84510040283203
eicu,pcl,42,43.43333333333333,46.90694808959961
eicu,pcl,42,38.583333333333336,36.88045120239258
eicu,pcl,42,60.68333333333333,47.28150177001953
eicu,pcl,42,42.43333333333333,42.977718353271484
eicu,pcl,42,70.5,45.007877349853516
eicu,pcl,42,64.6,44.648990631103516
eicu,pcl,42,74.01666666666667,44.72848892211914
eicu,pcl,42,49.416666666666664,52.363975524902344
eicu,pcl,42,78.78333333333333,44.97385025024414
eicu,pcl,42,85.88333333333334,51.34568786621094
eicu,pcl,42,32.083333333333336,48.2314338684082
eicu,pcl,42,25.516666666666666,40.720706939697266
eicu,pcl,42,61.2,40.71461868286133
eicu,pcl,42,50.8,50.61731719970703
eicu,pcl,42,175.21666666666667,52.221717834472656
eicu,pcl,42,118.21666666666667,45.55794906616211
eicu,pcl,42,72.98333333333333,45.50122833251953
eicu,pcl,42,168.53333333333333,48.143150329589844
eicu,pcl,42,70.83333333333333,47.45425796508789
eicu,pcl,42,42.36666666666667,42.02778625488281
eicu,pcl,42,48.61666666666667,41.02900314331055
eicu,pcl,42,38.35,51.72264099121094
eicu,pcl,42,64.78333333333333,51.57294464111328
eicu,pcl,42,25.033333333333335,27.682249069213867
eicu,pcl,42,171.61666666666667,63.60840606689453
eicu,pcl,42,25.75,27.71249008178711
eicu,pcl,42,24.816666666666666,41.53857421875
eicu,pcl,42,46.833333333333336,40.930538177490234
eicu,pcl,42,172.0,42.10715866088867
eicu,pcl,42,169.68333333333334,53.74528503417969
eicu,pcl,42,46.333333333333336,46.487159729003906
eicu,pcl,42,163.33333333333334,48.91434097290039
eicu,pcl,42,31.583333333333332,43.11272048950195
eicu,pcl,42,48.666666666666664,53.64122772216797
eicu,pcl,42,72.23333333333333,47.66521453857422
eicu,pcl,42,28.783333333333335,48.289581298828125
eicu,pcl,42,40.233333333333334,39.57466506958008
eicu,pcl,42,59.03333333333333,58.245784759521484
eicu,pcl,42,27.633333333333333,27.687870025634766
eicu,pcl,42,62.38333333333333,53.534000396728516
eicu,pcl,42,44.46666666666667,45.36077117919922
eicu,pcl,42,44.31666666666667,45.75471878051758
eicu,pcl,42,33.983333333333334,54.47272872924805
eicu,pcl,42,97.56666666666666,60.221832275390625
eicu,pcl,42,129.75,52.01607131958008
eicu,pcl,42,36.18333333333333,35.29299545288086
eicu,pcl,42,107.51666666666667,45.781646728515625
eicu,pcl,42,24.783333333333335,42.162445068359375
eicu,pcl,42,53.416666666666664,41.102134704589844
eicu,pcl,42,107.0,44.72545623779297
eicu,pcl,42,34.6,50.79361343383789
eicu,pcl,42,32.583333333333336,46.60733413696289
eicu,pcl,42,168.91666666666666,46.763328552246094
eicu,pcl,42,40.833333333333336,40.53520965576172
eicu,pcl,42,27.4,44.84722900390625
eicu,pcl,42,33.65,29.6763916015625
eicu,pcl,42,69.65,45.3366813659668
eicu,pcl,42,36.63333333333333,35.95517349243164
eicu,pcl,42,26.2,26.36018180847168
eicu,pcl,42,187.76666666666668,44.66118240356445
eicu,pcl,42,44.45,45.34248352050781
eicu,pcl,42,129.8,44.89406967163086
eicu,pcl,42,63.25,45.367427825927734
eicu,pcl,42,65.98333333333333,55.041717529296875
eicu,pcl,42,26.283333333333335,25.535327911376953
eicu,pcl,42,42.11666666666667,44.30012130737305
eicu,pcl,42,24.083333333333332,50.47944641113281
eicu,pcl,42,25.283333333333335,58.5479850769043
eicu,pcl,42,44.11666666666667,47.07135009765625
eicu,pcl,42,175.41666666666666,47.27545928955078
eicu,pcl,42,88.55,46.02689743041992
eicu,pcl,42,214.45,46.66465377807617
eicu,pcl,42,26.733333333333334,41.948455810546875
eicu,pcl,42,26.616666666666667,27.91975212097168
eicu,pcl,42,26.933333333333334,50.04951095581055
eicu,pcl,42,406.0833333333333,47.33332824707031
eicu,pcl,42,133.0,47.81376647949219
eicu,pcl,42,50.13333333333333,44.689125061035156
eicu,pcl,42,24.166666666666668,50.57310485839844
eicu,pcl,42,162.45,54.808963775634766
eicu,pcl,42,44.85,51.055702209472656
eicu,pcl,42,77.63333333333334,44.040103912353516
eicu,pcl,42,101.88333333333334,54.751670837402344
eicu,pcl,42,30.833333333333332,41.320404052734375
eicu,pcl,42,54.05,46.90072250366211
eicu,pcl,42,28.4,29.64003562927246
eicu,pcl,42,47.43333333333333,46.223426818847656
eicu,pcl,42,49.95,48.06033706665039
eicu,pcl,42,91.91666666666667,45.7934455871582
eicu,pcl,42,52.166666666666664,45.25523376464844
eicu,pcl,42,105.1,51.93020248413086
eicu,pcl,42,67.65,47.64881134033203
eicu,pcl,42,67.43333333333334,46.4073600769043
eicu,pcl,42,49.63333333333333,41.81635284423828
eicu,pcl,42,349.2,47.350616455078125
eicu,pcl,42,42.55,45.53606414794922
eicu,pcl,42,122.01666666666667,56.88274002075195
eicu,pcl,42,27.266666666666666,29.35143280029297
eicu,pcl,42,44.56666666666667,41.435829162597656
eicu,pcl,42,67.01666666666667,40.12133026123047
eicu,pcl,42,180.23333333333332,57.738494873046875
eicu,pcl,42,282.3666666666667,48.46041488647461
eicu,pcl,42,59.8,46.301570892333984
eicu,pcl,42,42.666666666666664,45.26476287841797
eicu,pcl,42,51.333333333333336,44.6724853515625
eicu,pcl,42,32.3,32.500423431396484
eicu,pcl,42,124.48333333333333,47.00165939331055
eicu,pcl,42,27.75,43.448089599609375
eicu,pcl,42,26.7,35.93818283081055
eicu,pcl,42,29.5,52.31945037841797
eicu,pcl,42,31.416666666666668,42.036014556884766
eicu,pcl,42,34.583333333333336,36.50647735595703
eicu,pcl,42,44.016666666666666,48.37209701538086
eicu,pcl,42,77.3,41.46162414550781
eicu,pcl,42,71.1,52.47947311401367
eicu,pcl,42,40.05,50.056026458740234
eicu,pcl,42,101.35,54.32999801635742
eicu,pcl,42,44.25,42.02564239501953
eicu,pcl,42,38.0,38.13764190673828
eicu,pcl,42,69.43333333333334,44.36494827270508
eicu,pcl,42,152.26666666666668,45.81539535522461
eicu,pcl,42,41.28333333333333,42.71110534667969
eicu,pcl,42,25.4,26.676055908203125
eicu,pcl,42,56.25,46.1130485534668
eicu,pcl,42,75.33333333333333,46.485107421875
eicu,pcl,42,281.56666666666666,49.11280822753906
eicu,pcl,42,46.9,47.61812973022461
eicu,pcl,42,120.16666666666667,41.301456451416016
eicu,pcl,42,26.766666666666666,26.30657386779785
eicu,pcl,42,51.38333333333333,49.21514892578125
eicu,pcl,42,107.26666666666667,51.015159606933594
eicu,pcl,42,59.983333333333334,47.49597930908203
eicu,pcl,42,68.2,45.05471420288086
eicu,pcl,42,99.53333333333333,47.31098937988281
eicu,pcl,42,85.41666666666667,46.66556167602539
eicu,pcl,42,44.6,49.804439544677734
eicu,pcl,42,90.73333333333333,46.19063186645508
eicu,pcl,42,84.3,47.637176513671875
eicu,pcl,42,57.083333333333336,53.895591735839844
eicu,pcl,42,43.6,46.67324447631836
eicu,pcl,42,74.6,40.44920349121094
eicu,pcl,42,32.06666666666667,49.2656135559082
eicu,pcl,42,96.41666666666667,51.899898529052734
eicu,pcl,42,27.933333333333334,52.096649169921875
eicu,pcl,42,409.01666666666665,49.43366241455078
eicu,pcl,42,93.06666666666666,48.65354537963867
eicu,pcl,42,60.0,46.61636734008789
eicu,pcl,42,346.8,47.36906433105469
eicu,pcl,42,211.73333333333332,46.02499008178711
eicu,pcl,42,68.95,46.60155487060547
eicu,pcl,42,143.83333333333334,45.15896987915039
eicu,pcl,42,46.583333333333336,54.35348129272461
eicu,pcl,42,25.0,25.143306732177734
eicu,pcl,42,69.76666666666667,47.190189361572266
eicu,pcl,42,28.433333333333334,44.01612091064453
eicu,pcl,42,112.85,56.64995574951172
eicu,pcl,42,68.98333333333333,43.89212417602539
eicu,pcl,42,188.9,47.75511169433594
eicu,pcl,42,151.73333333333332,49.84259796142578
eicu,pcl,42,29.55,46.011390686035156
eicu,pcl,42,27.783333333333335,27.054147720336914
eicu,pcl,42,24.583333333333332,26.161434173583984
eicu,pcl,42,53.2,45.802162170410156
eicu,pcl,42,30.683333333333334,32.16383743286133
eicu,pcl,42,27.783333333333335,34.57706069946289
eicu,pcl,42,41.733333333333334,42.71162796020508
eicu,pcl,42,70.81666666666666,45.80861282348633
eicu,pcl,42,66.68333333333334,52.59092330932617
eicu,pcl,42,149.61666666666667,47.35414505004883
eicu,pcl,42,25.3,27.959156036376953
eicu,pcl,42,28.95,29.559171676635742
eicu,pcl,42,124.98333333333333,45.414920806884766
eicu,pcl,42,110.8,51.60521697998047
eicu,pcl,42,24.083333333333332,25.43986701965332
eicu,pcl,42,28.65,27.123231887817383
eicu,pcl,42,59.36666666666667,47.822975158691406
eicu,pcl,42,26.05,27.15785789489746
eicu,pcl,42,42.583333333333336,48.56689453125
eicu,pcl,42,51.71666666666667,47.26462936401367
eicu,pcl,42,64.81666666666666,46.570072174072266
eicu,pcl,42,381.95,47.340911865234375
eicu,pcl,42,39.2,38.996604919433594
eicu,pcl,42,27.333333333333332,36.40666961669922
eicu,pcl,42,36.233333333333334,37.775421142578125
eicu,pcl,42,38.71666666666667,48.39236068725586
eicu,pcl,42,109.5,47.666072845458984
eicu,pcl,42,27.966666666666665,43.91136169433594
eicu,pcl,42,34.4,30.30640983581543
eicu,pcl,42,136.33333333333334,46.44279861450195
eicu,pcl,42,41.016666666666666,43.6222038269043
eicu,pcl,42,42.25,46.710689544677734
eicu,pcl,42,45.416666666666664,45.592552185058594
eicu,pcl,42,36.4,42.78313446044922
eicu,pcl,42,24.883333333333333,43.3650016784668
eicu,pcl,42,139.6,39.032657623291016
eicu,pcl,42,61.68333333333333,46.537227630615234
eicu,pcl,42,178.28333333333333,46.37966537475586
eicu,pcl,42,51.81666666666667,49.19764709472656
eicu,pcl,42,61.86666666666667,47.2586669921875
eicu,pcl,42,24.833333333333332,37.04030990600586
eicu,pcl,42,52.916666666666664,39.06791305541992
eicu,pcl,42,44.25,40.26376724243164
eicu,pcl,42,42.733333333333334,43.05021667480469
eicu,pcl,42,36.35,36.42732238769531
eicu,pcl,42,34.61666666666667,52.64420700073242
eicu,pcl,42,29.65,30.132646560668945
eicu,pcl,42,71.95,46.56892776489258
eicu,pcl,42,146.71666666666667,49.828041076660156
eicu,pcl,42,40.666666666666664,41.473663330078125
eicu,pcl,42,158.8,45.652286529541016
eicu,pcl,42,75.06666666666666,50.59172439575195
eicu,pcl,42,68.73333333333333,44.96441650390625
eicu,pcl,42,124.5,44.45812225341797
eicu,pcl,42,54.333333333333336,47.792964935302734
eicu,pcl,42,24.65,46.54324722290039
eicu,pcl,42,26.583333333333332,49.77690505981445
eicu,pcl,42,44.416666666666664,53.39720916748047
eicu,pcl,42,28.366666666666667,31.541213989257812
eicu,pcl,42,112.25,45.066246032714844
eicu,pcl,42,83.18333333333334,52.217735290527344
eicu,pcl,42,50.71666666666667,45.49895477294922
eicu,pcl,42,87.06666666666666,46.79999923706055
eicu,pcl,42,43.75,39.02533721923828
eicu,pcl,42,112.43333333333334,50.67232894897461
eicu,pcl,42,27.0,40.80522155761719
eicu,pcl,42,31.616666666666667,32.71048355102539
eicu,pcl,42,461.6,51.950801849365234
eicu,pcl,42,81.13333333333334,49.14777755737305
eicu,pcl,42,26.666666666666668,56.981964111328125
eicu,pcl,42,233.1,45.29945755004883
eicu,pcl,42,31.733333333333334,32.213722229003906
eicu,pcl,42,117.5,47.252296447753906
eicu,pcl,42,127.3,46.49224090576172
eicu,pcl,42,40.766666666666666,40.49750900268555
eicu,pcl,42,44.53333333333333,42.571678161621094
eicu,pcl,42,62.56666666666667,47.70909118652344
eicu,pcl,42,92.38333333333334,47.55321502685547
eicu,pcl,42,30.216666666666665,30.84006118774414
eicu,pcl,42,140.93333333333334,42.682861328125
eicu,pcl,42,74.55,53.173274993896484
eicu,pcl,42,46.15,50.26319885253906
eicu,pcl,42,98.9,58.18614959716797
eicu,pcl,42,27.05,38.775596618652344
eicu,pcl,42,42.483333333333334,40.69554901123047
eicu,pcl,42,149.5,48.208396911621094
eicu,pcl,42,47.25,40.41230010986328
eicu,pcl,42,26.066666666666666,48.66010665893555
eicu,pcl,42,81.18333333333334,40.23764419555664
eicu,pcl,42,28.666666666666668,41.938289642333984
eicu,pcl,42,451.68333333333334,44.51276779174805
eicu,pcl,42,69.75,48.294681549072266
eicu,pcl,42,94.95,44.29726791381836
eicu,pcl,42,75.51666666666667,49.661746978759766
eicu,pcl,42,60.88333333333333,48.192115783691406
eicu,pcl,42,68.66666666666667,45.872859954833984
eicu,pcl,42,54.06666666666667,44.99375915527344
eicu,pcl,42,113.48333333333333,46.40769958496094
eicu,pcl,42,25.533333333333335,42.381893157958984
eicu,pcl,42,95.58333333333333,49.07754898071289
eicu,pcl,42,295.3333333333333,47.03340530395508
eicu,pcl,42,83.85,47.407020568847656
eicu,pcl,42,39.666666666666664,51.983116149902344
eicu,pcl,42,111.91666666666667,51.33379364013672
eicu,pcl,42,56.05,43.89837646484375
eicu,pcl,42,256.98333333333335,66.00340270996094
eicu,pcl,42,28.9,39.02937698364258
eicu,pcl,42,47.3,44.6074333190918
eicu,pcl,42,104.8,46.235836029052734
eicu,pcl,42,382.1166666666667,46.85171127319336
eicu,pcl,42,64.6,48.0596923828125
eicu,pcl,42,65.95,45.37140655517578
eicu,pcl,42,120.05,53.01249313354492
eicu,pcl,42,70.75,45.273258209228516
eicu,pcl,42,30.3,30.72642707824707
eicu,pcl,42,40.11666666666667,49.498165130615234
eicu,pcl,42,208.56666666666666,54.41292953491211
eicu,pcl,42,81.5,57.18284225463867
eicu,pcl,42,41.95,42.89934539794922
eicu,pcl,42,41.3,41.45002365112305
eicu,pcl,42,24.583333333333332,27.18592071533203
eicu,pcl,42,24.45,29.713598251342773
eicu,pcl,42,44.03333333333333,45.62628936767578
eicu,pcl,42,198.98333333333332,44.9373779296875
eicu,pcl,42,85.01666666666667,46.28127670288086
eicu,pcl,42,79.48333333333333,41.8180046081543
eicu,pcl,42,26.05,22.77519416809082
eicu,pcl,42,80.21666666666667,47.71397018432617
eicu,pcl,42,220.63333333333333,48.50761795043945
eicu,pcl,42,180.3,52.08740997314453
eicu,pcl,42,137.7,49.23609161376953
eicu,pcl,42,31.083333333333332,33.33184051513672
eicu,pcl,42,176.33333333333334,54.40864944458008
eicu,pcl,42,66.65,49.71616744995117
eicu,pcl,42,75.25,51.53208541870117
eicu,pcl,42,64.53333333333333,46.287105560302734
eicu,pcl,42,46.13333333333333,47.01466369628906
eicu,pcl,42,26.15,25.748733520507812
eicu,pcl,42,25.216666666666665,45.32101821899414
eicu,pcl,42,99.9,51.18834686279297
eicu,pcl,42,36.61666666666667,35.82615661621094
eicu,pcl,42,352.93333333333334,56.97632598876953
eicu,pcl,42,70.66666666666667,47.98556900024414
eicu,pcl,42,39.733333333333334,38.22926712036133
eicu,pcl,42,66.35,46.219295501708984
eicu,pcl,42,65.45,48.201148986816406
eicu,pcl,42,30.416666666666668,32.341793060302734
eicu,pcl,42,42.016666666666666,42.8642578125
eicu,pcl,42,26.066666666666666,26.30903434753418
eicu,pcl,42,24.05,26.935129165649414
eicu,pcl,42,189.9,44.81258010864258
eicu,pcl,42,69.16666666666667,52.28316879272461
eicu,pcl,42,78.58333333333333,49.70158767700195
eicu,pcl,42,32.166666666666664,34.01279067993164
eicu,pcl,42,24.366666666666667,50.64229202270508
eicu,pcl,42,118.83333333333333,54.686153411865234
eicu,pcl,42,34.516666666666666,34.211029052734375
eicu,pcl,42,67.0,47.11717224121094
eicu,pcl,42,95.81666666666666,52.7408561706543
eicu,pcl,42,50.43333333333333,46.61744689941406
eicu,pcl,42,43.4,54.27388000488281
eicu,pcl,42,37.583333333333336,37.280975341796875
eicu,pcl,42,25.833333333333332,27.095869064331055
eicu,pcl,42,24.4,33.94101333618164
eicu,pcl,42,103.4,56.70347595214844
eicu,pcl,42,490.0833333333333,53.94178771972656
eicu,pcl,42,106.05,48.68110275268555
eicu,pcl,42,34.516666666666666,32.14442443847656
eicu,pcl,42,40.083333333333336,39.43571472167969
eicu,pcl,42,30.683333333333334,31.052486419677734
eicu,pcl,42,48.36666666666667,45.41713333129883
eicu,pcl,42,238.66666666666666,49.268165588378906
eicu,pcl,42,168.95,54.647823333740234
eicu,pcl,42,95.25,45.474517822265625
eicu,pcl,42,123.2,56.27157211303711
eicu,pcl,42,41.55,41.51408767700195
eicu,pcl,42,27.05,38.43769836425781
eicu,pcl,42,64.25,52.331478118896484
eicu,pcl,42,66.75,53.27779006958008
eicu,pcl,42,86.2,47.01760482788086
eicu,pcl,42,36.28333333333333,37.9661865234375
eicu,pcl,42,32.56666666666667,35.45871353149414
eicu,pcl,42,45.016666666666666,39.891510009765625
eicu,pcl,42,25.066666666666666,50.9937744140625
eicu,pcl,42,52.833333333333336,45.81074142456055
